case_id,time_days,gas_rate_m3_day,cumulative_gas_m3,oil_rate_m3_day,cumulative_oil_m3,field_pressure_bar,water_cut_fraction,water_injection_rate_m3_day,cumulative_injected_water_m3,water_rate_m3_day,cumulative_water_m3,parameter_polymer_concentration,parameter_injection_rate
polymer_sensitivity_v1-0001-16d0f364,1.0,1531511.375,1531511.375,438.476806640625,438.476806640625,270.9838256835937,0.0037272714544087,100.0,100.0,1.6404364109039309,1.6404364109039309,0.5,100
polymer_sensitivity_v1-0001-16d0f364,2.0,730985.25,2262496.75,186.0360870361328,624.5128784179688,270.59991455078125,0.0037339970003813,100.0,200.0,0.6972617506980896,2.337698221206665,0.5,100
polymer_sensitivity_v1-0001-16d0f364,3.0,540452.375,2802949.0,122.6623992919922,747.17529296875,270.309814453125,0.0037017203867435,100.0,300.0,0.4557489454746246,2.793447256088257,0.5,100
polymer_sensitivity_v1-0001-16d0f364,4.0,451269.0625,3254218.0,96.88551330566406,844.060791015625,270.03973388671875,0.0036829458549618,100.0,400.0,0.358143150806427,3.151590347290039,0.5,100
polymer_sensitivity_v1-0001-16d0f364,5.0,397764.8125,3651983.0,82.7401123046875,926.8009033203124,269.78961181640625,0.0036712358705699,100.0,500.0,0.3048777282238006,3.456468105316162,0.5,100
polymer_sensitivity_v1-0001-16d0f364,6.0,361340.4375,4013323.25,73.57272338867188,1000.3736572265624,269.5608825683594,0.0036626630462706,100.0,600.0,0.270462691783905,3.726930856704712,0.5,100
polymer_sensitivity_v1-0001-16d0f364,7.0,334595.53125,4347919.0,67.05946350097656,1067.43310546875,269.3500671386719,0.0036558515857905,100.0,700.0,0.2460589855909347,3.972989797592163,0.5,100
polymer_sensitivity_v1-0001-16d0f364,8.0,313884.5625,4661803.5,62.153541564941406,1129.586669921875,269.15478515625,0.003650271333754,100.0,800.0,0.2277085036039352,4.200698375701904,0.5,100
polymer_sensitivity_v1-0001-16d0f364,9.0,297147.0,4958950.5,58.29400253295898,1187.880615234375,268.9706115722656,0.00364565779455,100.0,900.0,0.2132975906133651,4.413995742797852,0.5,100
polymer_sensitivity_v1-0001-16d0f364,10.0,283159.28125,5242109.5,55.151817321777344,1243.032470703125,268.7964782714844,0.0036418158560991,100.0,1000.0,0.201586902141571,4.615582942962647,0.5,100
polymer_sensitivity_v1-0001-16d0f364,13.0,253532.484375,6002707.0,48.865047454833984,1389.6275634765625,268.3396911621094,0.003634538501501,100.0,1300.0,0.1782497614622116,5.150331974029541,0.5,100
polymer_sensitivity_v1-0001-16d0f364,15.0,237413.890625,6477535.0,45.52210235595703,1480.671875,268.0719299316406,0.0036302872467786,100.0,1500.0,0.165860429406166,5.482052803039551,0.5,100
polymer_sensitivity_v1-0001-16d0f364,20.0,208087.015625,7517970.0,39.74273300170898,1679.385498046875,267.508544921875,0.0036231053527444,100.0,2000.0,0.1445157080888748,6.204631328582764,0.5,100
polymer_sensitivity_v1-0001-16d0f364,25.0,185305.578125,8444498.0,34.68659210205078,1852.8184814453125,267.032470703125,0.0036082989536225,100.0,2500.0,0.1256128400564193,6.832695484161377,0.5,100
polymer_sensitivity_v1-0001-16d0f364,30.0,166633.90625,9277667.0,30.612998962402344,2005.8834228515625,266.6253967285156,0.0035940678790211,100.0,3000.0,0.1104220598936081,7.384805679321289,0.5,100
polymer_sensitivity_v1-0001-16d0f364,35.0,150892.65625,10032131.0,27.23230361938477,2142.044921875,266.2730712890625,0.0035802787169814,100.0,3500.0,0.0978495627641677,7.874053478240967,0.5,100
polymer_sensitivity_v1-0001-16d0f364,40.0,137387.0625,10719066.0,24.362443923950195,2263.857177734375,265.9609680175781,0.0035666276235133,100.0,4000.0,0.0872027873992919,8.310067176818848,0.5,100
polymer_sensitivity_v1-0001-16d0f364,45.0,125647.453125,11347303.0,21.88828468322754,2373.298583984375,265.6861267089844,0.0035529695451259,100.0,4500.0,0.0780457034707069,8.700296401977539,0.5,100
polymer_sensitivity_v1-0001-16d0f364,50.0,115380.59375,11924206.0,19.699291229248047,2471.795166015625,265.43975830078125,0.0035382856149226,100.0,5000.0,0.0699492171406745,9.050042152404783,0.5,100
polymer_sensitivity_v1-0001-16d0f364,55.0,106407.5546875,12456244.0,17.53268814086914,2559.45849609375,265.2175598144531,0.0035162321291863,100.0,5500.0,0.061866533011198,9.359375,0.5,100
polymer_sensitivity_v1-0001-16d0f364,60.0,98544.9375,12948969.0,15.365009307861328,2636.283447265625,265.0162048339844,0.0034841618034988,100.0,6000.0,0.0537213534116745,9.627982139587402,0.5,100
polymer_sensitivity_v1-0001-16d0f364,70.0,85651.75,13805486.0,11.451496124267578,2750.798583984375,264.6822814941406,0.0033932430669665,100.0,7000.0,0.0389900133013725,10.017881393432615,0.5,100
polymer_sensitivity_v1-0001-16d0f364,80.0,75056.21875,14556048.0,8.076607704162598,2831.564697265625,264.40386962890625,0.0032504384871572,100.0,8000.0,0.0263381265103817,10.28126335144043,0.5,100
polymer_sensitivity_v1-0001-16d0f364,100.0,60296.3203125,15761975.0,3.243177890777588,2896.42822265625,264.0025939941406,0.002579856198281,100.0,10000.0,0.0083885742351412,10.449034690856934,0.5,100
polymer_sensitivity_v1-0001-16d0f364,120.0,49692.85546875,16755832.0,2.6240251064300537,2948.90869140625,263.7056579589844,0.0025877873413264,100.0,12000.0,0.0068080369383096,10.585195541381836,0.5,100
polymer_sensitivity_v1-0001-16d0f364,140.0,44504.9375,17645930.0,32.98388671875,3608.58642578125,263.3830871582031,0.0038799417670816,100.0,14000.0,0.1284740269184112,13.154675483703612,0.5,100
polymer_sensitivity_v1-0001-16d0f364,160.0,33064.46875,18307220.0,1.745828628540039,3643.5029296875,263.27166748046875,0.0026039576623588,100.0,16000.0,0.0045579327270388,13.245834350585938,0.5,100
polymer_sensitivity_v1-0001-16d0f364,180.0,35033.4453125,19007888.0,26.05579948425293,4164.619140625,263.0636901855469,0.0039969682693481,100.0,18000.0,0.1045621335506439,15.337077140808104,0.5,100
polymer_sensitivity_v1-0001-16d0f364,200.0,25708.357421875,19522056.0,1.357365608215332,4191.76611328125,263.03253173828125,0.0026166730094701,100.0,20000.0,0.0035610999912023,15.408299446105955,0.5,100
polymer_sensitivity_v1-0001-16d0f364,220.0,29974.041015625,20121536.0,22.59286880493164,4643.62353515625,262.88629150390625,0.0041373120620846,100.0,22000.0,0.0938620865345001,17.285541534423828,0.5,100
polymer_sensitivity_v1-0001-16d0f364,240.0,21788.234375,20557302.0,1.1503633260726929,4666.630859375,262.897705078125,0.0026267615612596,100.0,24000.0,0.0030296884942799,17.346134185791016,0.5,100
polymer_sensitivity_v1-0001-16d0f364,260.0,27144.880859375,21100200.0,20.332897186279297,5073.28857421875,262.7869873046875,0.0042870063334703,100.0,26000.0,0.0875425562262535,19.09698486328125,0.5,100
polymer_sensitivity_v1-0001-16d0f364,280.0,19663.060546875,21493460.0,1.038156509399414,5094.0517578125,262.8217163085937,0.0026346733793616,100.0,28000.0,0.0027424287982285,19.15183448791504,0.5,100
polymer_sensitivity_v1-0001-16d0f364,300.0,25541.302734375,22004286.0,18.97539329528809,5473.5595703125,262.73150634765625,0.0044398298487067,100.0,30000.0,0.0846232250332832,20.84429931640625,0.5,100
polymer_sensitivity_v1-0001-16d0f364,320.0,18481.921875,22373924.0,0.9757912755012512,5493.07568359375,262.779052734375,0.0026407456025481,100.0,32000.0,0.0025836392305791,20.895971298217773,0.5,100
polymer_sensitivity_v1-0001-16d0f364,340.0,24605.328125,22866032.0,18.05879592895508,5854.25146484375,262.7012939453125,0.0045827878639101,100.0,34000.0,0.0831406489014625,22.55878448486328,0.5,100
polymer_sensitivity_v1-0001-16d0f364,360.0,17835.302734375,23222738.0,0.9416499137878418,5873.08447265625,262.7557983398437,0.0026452508755028,100.0,36000.0,0.0024975067935884,22.60873413085937,0.5,100
polymer_sensitivity_v1-0001-16d0f364,380.0,24061.888671875,23703976.0,17.32369613647461,6219.55859375,262.685791015625,0.00472242385149,100.0,38000.0,0.0821980088949203,24.252695083618164,0.5,100
polymer_sensitivity_v1-0001-16d0f364,400.0,17587.75,24055730.0,0.9285860657691956,6238.13037109375,262.74249267578125,0.0026471302844583,100.0,40000.0,0.0024646124802529,24.301986694335938,0.5,100
polymer_sensitivity_v1-0001-16d0f364,420.0,23768.04296875,24531092.0,16.304141998291016,6564.212890625,262.677978515625,0.0048469495959579,100.0,42000.0,0.0794102475047111,25.89019203186035,0.5,100
polymer_sensitivity_v1-0001-16d0f364,440.0,17528.98828125,24881670.0,0.9254879951477052,6582.72265625,262.734619140625,0.0026463191024959,100.0,44000.0,0.0024556347634643,25.93930435180664,0.5,100
polymer_sensitivity_v1-0001-16d0f364,460.0,23585.998046875,25353390.0,15.612648963928224,6894.9755859375,262.6738586425781,0.0049608023837208,100.0,46000.0,0.0778374001383781,27.49605369567871,0.5,100
polymer_sensitivity_v1-0001-16d0f364,480.0,17508.29296875,25703556.0,0.9243981838226318,6913.4638671875,262.7303771972656,0.0026434734463691,100.0,48000.0,0.0024500987492501,27.545055389404297,0.5,100
polymer_sensitivity_v1-0001-16d0f364,500.0,23428.482421875,26172126.0,14.965208053588867,7212.76806640625,262.6729431152344,0.0050650429911911,100.0,50000.0,0.0761853083968162,29.06875991821289,0.5,100
polymer_sensitivity_v1-0001-16d0f364,520.0,17521.486328125,26522556.0,0.9250972867012024,7231.27001953125,262.72930908203125,0.0026390519924461,100.0,52000.0,0.0024478398263454,29.11771774291992,0.5,100
polymer_sensitivity_v1-0001-16d0f364,540.0,23307.701171875,26988710.0,14.476401329040527,7520.7978515625,262.6741943359375,0.0051597533747553,100.0,54000.0,0.0750820636749267,30.61935806274414,0.5,100
polymer_sensitivity_v1-0001-16d0f364,560.0,17545.78125,27339626.0,0.9263818860054016,7539.32568359375,262.7303771972656,0.0026334915310144,100.0,56000.0,0.0024460605345666,30.66827964782715,0.5,100
polymer_sensitivity_v1-0001-16d0f364,580.0,23209.1875,27803810.0,14.106483459472656,7821.455078125,262.6770324707031,0.0052466401830315,100.0,58000.0,0.0744019970297813,32.15631866455078,0.5,100
polymer_sensitivity_v1-0001-16d0f364,600.0,17572.5,28155260.0,0.9277939200401306,7840.01123046875,262.7331848144531,0.0026271129027009,100.0,60000.0,0.0024438395630568,32.205196380615234,0.5,100
polymer_sensitivity_v1-0001-16d0f364,620.0,23126.755859375,28617794.0,13.8336181640625,8116.68359375,262.6811828613281,0.0053262151777744,100.0,62000.0,0.0740753710269928,33.686702728271484,0.5,100
polymer_sensitivity_v1-0001-16d0f364,640.0,17600.962890625,28969814.0,0.9292975068092346,8135.26953125,262.7373962402344,0.0026201880536973,100.0,64000.0,0.0024413310457021,33.735530853271484,0.5,100
polymer_sensitivity_v1-0001-16d0f364,660.0,23050.9375,29430832.0,13.634051322937012,8407.9501953125,262.686279296875,0.0053987256251275,100.0,66000.0,0.0740060433745384,35.21565246582031,0.5,100
polymer_sensitivity_v1-0001-16d0f364,680.0,17624.75390625,29783328.0,0.9305542707443236,8426.5615234375,262.74267578125,0.0026129393372684,100.0,68000.0,0.0024378518573939,35.264408111572266,0.5,100
polymer_sensitivity_v1-0001-16d0f364,700.0,22980.244140625,30242932.0,13.494545936584473,8696.4521484375,262.6922607421875,0.0054648132063448,100.0,70000.0,0.0741503909230232,36.74741744995117,0.5,100
polymer_sensitivity_v1-0001-16d0f364,720.0,17643.205078125,30595796.0,0.9315286874771118,8715.0830078125,262.7489318847656,0.0026055474299937,100.0,72000.0,0.0024334827903658,36.796085357666016,0.5,100
polymer_sensitivity_v1-0001-16d0f364,740.0,22913.7109375,31054070.0,13.41045379638672,8983.2919921875,262.69903564453125,0.005524527747184,100.0,74000.0,0.0744979903101921,38.28604507446289,0.5,100
polymer_sensitivity_v1-0001-16d0f364,760.0,17657.94921875,31407230.0,0.9323073029518129,9001.9384765625,262.7560119628906,0.0025981746148318,100.0,76000.0,0.002428607083857,38.334617614746094,0.5,100
polymer_sensitivity_v1-0001-16d0f364,780.0,22853.025390625,31864290.0,13.377833366394045,9269.4951171875,262.7064514160156,0.0055781565606594,100.0,78000.0,0.0750422403216362,39.83546447753906,0.5,100
polymer_sensitivity_v1-0001-16d0f364,800.0,17670.28515625,32217696.0,0.9329585433006288,9288.154296875,262.76385498046875,0.002590958494693,100.0,80000.0,0.0024235360324382,39.883934020996094,0.5,100
polymer_sensitivity_v1-0001-16d0f364,820.0,22794.880859375,32673594.0,13.38918113708496,9555.9375,262.71441650390625,0.0056256558746099,100.0,82000.0,0.0757490620017051,41.3989143371582,0.5,100
polymer_sensitivity_v1-0001-16d0f364,840.0,17680.2890625,33027200.0,0.9334863424301147,9574.607421875,262.7723388671875,0.0025840287562459,100.0,84000.0,0.0024184046778827,41.44728469848633,0.5,100
polymer_sensitivity_v1-0001-16d0f364,860.0,22741.357421875,33482026.0,13.440937042236328,9843.42578125,262.72283935546875,0.0056675388477742,100.0,86000.0,0.0766112357378006,42.97950744628906,0.5,100
polymer_sensitivity_v1-0001-16d0f364,880.0,17696.68359375,33835960.0,0.9343515634536744,9862.11328125,262.7816467285156,0.0025775022804737,100.0,88000.0,0.0024145166389644,43.02779769897461,0.5,100
polymer_sensitivity_v1-0001-16d0f364,900.0,22683.10546875,34289624.0,13.513460159301758,10132.3828125,262.731689453125,0.005703599192202,100.0,90000.0,0.0775174871087074,44.5781478881836,0.5,100
polymer_sensitivity_v1-0001-16d0f364,920.0,17715.599609375,34643936.0,0.9353497624397278,10151.0888671875,262.7916259765625,0.0025714787188917,100.0,92000.0,0.0024114330299198,44.62637710571289,0.5,100
polymer_sensitivity_v1-0001-16d0f364,940.0,22626.361328125,35096460.0,13.607385635375977,10423.2373046875,262.74078369140625,0.0057340511120855,100.0,94000.0,0.0784754306077957,46.19588470458984,0.5,100
polymer_sensitivity_v1-0001-16d0f364,960.0,17729.51953125,35451052.0,0.9360839128494264,10441.958984375,262.8019714355469,0.0025660342071205,100.0,96000.0,0.0024082029704004,46.244049072265625,0.5,100
polymer_sensitivity_v1-0001-16d0f364,980.0,22570.384765625,35902460.0,13.731478691101074,10716.587890625,262.75030517578125,0.0057596443220973,100.0,98000.0,0.0795465931296348,47.83498001098633,0.5,100
polymer_sensitivity_v1-0001-16d0f364,1000.0,17738.544921875,36257232.0,0.9365596771240234,10735.3193359375,262.81268310546875,0.0025612362660467,100.0,100000.0,0.0024049100466072,47.883079528808594,0.5,100
polymer_sensitivity_v1-0001-16d0f364,1020.0,22515.921875,36707548.0,13.883116722106934,11012.9814453125,262.7601623535156,0.0057807364501059,100.0,102000.0,0.080721266567707,49.49750518798828,0.5,100
polymer_sensitivity_v1-0001-16d0f364,1040.0,17752.673828125,37062604.0,0.9373048543930054,11031.7275390625,262.8235778808594,0.0025571421720087,100.0,104000.0,0.0024029666092246,49.54556274414063,0.5,100
polymer_sensitivity_v1-0001-16d0f364,1060.0,22479.828125,37512200.0,14.061790466308594,11312.9638671875,262.769775390625,0.0057978518307209,100.0,106000.0,0.0820036232471466,51.18563461303711,0.5,100
polymer_sensitivity_v1-0001-16d0f364,1080.0,17779.45703125,37867788.0,0.9387181401252748,11331.73828125,262.8345642089844,0.0025537963956594,100.0,108000.0,0.0024034327361732,51.23370361328125,0.5,100
polymer_sensitivity_v1-0001-16d0f364,1100.0,22451.189453125,38316812.0,14.266186714172363,11617.0615234375,262.77935791015625,0.0058110295794904,100.0,110000.0,0.0833857953548431,52.90142059326172,0.5,100
polymer_sensitivity_v1-0001-16d0f364,1120.0,17806.26171875,38672936.0,0.9401324391365052,11635.8642578125,262.8455810546875,0.0025512403808534,100.0,112000.0,0.0024046385660767,52.94951248168945,0.5,100
polymer_sensitivity_v1-0001-16d0f364,1140.0,22425.73828125,39121452.0,14.486380577087402,11925.591796875,262.7887268066406,0.0058206645771861,100.0,114000.0,0.084814041852951,54.64579391479492,0.5,100
polymer_sensitivity_v1-0001-16d0f364,1160.0,17821.982421875,39477892.0,0.940961480140686,11944.4111328125,262.8560791015625,0.0025494995061308,100.0,116000.0,0.0024051126092672,54.69389724731445,0.5,100
polymer_sensitivity_v1-0001-16d0f364,1180.0,22397.1328125,39925836.0,14.720635414123535,12238.82421875,262.7978515625,0.0058274017646908,100.0,118000.0,0.0862858816981315,56.41961288452149,0.5,100
polymer_sensitivity_v1-0001-16d0f364,1200.0,17826.482421875,40282364.0,0.94119793176651,12257.6484375,262.8662109375,0.0025485914666205,100.0,120000.0,0.002404857892543,56.46771240234375,0.5,100
polymer_sensitivity_v1-0001-16d0f364,1220.0,22366.8046875,40729700.0,14.970609664916992,12557.060546875,262.8068542480469,0.0058317226357758,100.0,122000.0,0.0878165662288665,58.22404098510742,0.5,100
polymer_sensitivity_v1-0001-16d0f364,1240.0,17827.201171875,41086244.0,0.9412347078323364,12575.884765625,262.876220703125,0.0025485281366854,100.0,124000.0,0.0024048921186476,58.27214050292969,0.5,100
polymer_sensitivity_v1-0001-16d0f364,1260.0,22339.505859375,41533036.0,15.231990814208984,12880.5244140625,262.8155822753906,0.0058339056558907,100.0,126000.0,0.089383453130722,60.05981063842773,0.5,100
polymer_sensitivity_v1-0001-16d0f364,1285.0,18248.0625,41989236.0,0.9634546041488647,12904.611328125,262.8930969238281,0.0025526464451104,100.0,128500.0,0.0024656527675688,60.12145233154297,0.5,100
polymer_sensitivity_v1-0001-16d0f364,1310.0,22096.7421875,42541656.0,14.888602256774902,13276.826171875,262.823486328125,0.0058127152733504,100.0,131000.0,0.0870491936802864,62.29767990112305,0.5,100
polymer_sensitivity_v1-0001-16d0f364,1335.0,18174.353515625,42996012.0,0.9595608711242676,13300.8154296875,262.9039611816406,0.0025555798783898,100.0,133500.0,0.0024585174396634,62.3591423034668,0.5,100
polymer_sensitivity_v1-0001-16d0f364,1360.0,22046.763671875,43547184.0,15.248457908630373,13682.0263671875,262.83306884765625,0.0058030765503644,100.0,136000.0,0.0890044644474983,64.58425903320312,0.5,100
polymer_sensitivity_v1-0001-16d0f364,1385.0,18143.216796875,44000764.0,0.9579148292541504,13705.974609375,262.9153747558594,0.0025600048247724,100.0,138500.0,0.0024585605133324,64.64572143554688,0.5,100
polymer_sensitivity_v1-0001-16d0f364,1410.0,22006.83203125,44550932.0,15.63344383239746,14096.810546875,262.8427734375,0.0057930946350097,100.0,141000.0,0.0910937339067459,66.92306518554688,0.5,100
polymer_sensitivity_v1-0001-16d0f364,1435.0,18119.814453125,45003928.0,0.956677258014679,14120.7275390625,262.9267578125,0.0025658735539764,100.0,143500.0,0.0024610273540019,66.98458862304688,0.5,100
polymer_sensitivity_v1-0001-16d0f364,1460.0,21972.259765625,45553236.0,16.023771286010742,14521.322265625,262.8523254394531,0.0057827862910926,100.0,146000.0,0.0932010114192962,69.31461334228516,0.5,100
polymer_sensitivity_v1-0001-16d0f364,1485.0,18098.66796875,46005700.0,0.9555586576461792,14545.2109375,262.9380798339844,0.0025731269270181,100.0,148500.0,0.0024651167914271,69.3762435913086,0.5,100
polymer_sensitivity_v1-0001-16d0f364,1510.0,21941.751953125,46554244.0,16.416893005371094,14955.6328125,262.8616638183594,0.0057722032070159,100.0,151000.0,0.0953117981553077,71.759033203125,0.5,100
polymer_sensitivity_v1-0001-16d0f364,1535.0,18079.640625,47006236.0,0.9545519948005676,14979.4970703125,262.9491882324219,0.0025817085988819,100.0,153500.0,0.0024707538541406,71.82080841064453,0.5,100
polymer_sensitivity_v1-0001-16d0f364,1560.0,21919.572265625,47554228.0,16.810115814208984,15399.75,262.8710632324219,0.0057619800791144,100.0,156000.0,0.0974208861589431,74.2563247680664,0.5,100
polymer_sensitivity_v1-0001-16d0f364,1585.0,18066.462890625,48005888.0,0.9538542628288268,15423.595703125,262.96014404296875,0.0025915417354553,100.0,158500.0,0.0024783760309219,74.31829071044922,0.5,100
polymer_sensitivity_v1-0001-16d0f364,1610.0,21898.7890625,48553356.0,17.20014190673828,15853.599609375,262.8803100585937,0.0057524694129824,100.0,161000.0,0.099515751004219,76.80618286132812,0.5,100
polymer_sensitivity_v1-0001-16d0f364,1635.0,18058.783203125,49004828.0,0.953446924686432,15877.435546875,262.9704284667969,0.0026025481056421,100.0,163500.0,0.0024878664407879,76.86837768554688,0.5,100
polymer_sensitivity_v1-0001-16d0f364,1660.0,21885.052734375,49551952.0,17.573999404907227,16316.7861328125,262.888427734375,0.0057437904179096,100.0,166000.0,0.1015245094895362,79.40648651123047,0.5,100
polymer_sensitivity_v1-0001-16d0f364,1685.0,18055.970703125,50003352.0,0.9532965421676636,16340.6181640625,262.9795227050781,0.0026146387681365,100.0,168500.0,0.0024990602396428,79.46896362304688,0.5,100
polymer_sensitivity_v1-0001-16d0f364,1710.0,21875.421875,50550240.0,17.9273738861084,16788.802734375,262.8955383300781,0.0057363035157322,100.0,171000.0,0.1034301593899726,82.05471801757812,0.5,100
polymer_sensitivity_v1-0001-16d0f364,1735.0,18050.736328125,51001508.0,0.953018307685852,16812.62890625,262.98809814453125,0.0026277222204953,100.0,173500.0,0.0025108652189373,82.11749267578125,0.5,100
polymer_sensitivity_v1-0001-16d0f364,1760.0,21861.669921875,51548048.0,18.25628089904785,17269.03515625,262.9018249511719,0.0057302778586745,100.0,176000.0,0.1052164807915687,84.7479019165039,0.5,100
polymer_sensitivity_v1-0001-16d0f364,1785.0,18040.486328125,51999060.0,0.9524791836738586,17292.84765625,262.9960021972656,0.0026417165063321,100.0,178500.0,0.002522844588384,84.81097412109375,0.5,100
polymer_sensitivity_v1-0001-16d0f364,1810.0,21841.802734375,52545104.0,18.56739997863769,17757.03125,262.9076843261719,0.0057259872555732,100.0,181000.0,0.1069289594888687,87.48419952392578,0.5,100
polymer_sensitivity_v1-0001-16d0f364,1835.0,18025.951171875,52995756.0,0.9517086148262024,17780.82421875,263.0035705566406,0.0026565191801637,100.0,183500.0,0.0025349664501845,87.54757690429688,0.5,100
polymer_sensitivity_v1-0001-16d0f364,1860.0,21820.826171875,53541276.0,18.862009048461918,18252.375,262.9135131835937,0.005723237991333,100.0,186000.0,0.1085731536149978,90.26190185546876,0.5,100
polymer_sensitivity_v1-0001-16d0f364,1885.0,18010.84375,53991548.0,0.9509072303771972,18276.1484375,263.0107421875,0.0026720266323536,100.0,188500.0,0.0025476566515862,90.32559204101562,0.5,100
polymer_sensitivity_v1-0001-16d0f364,1910.0,21801.14453125,54536576.0,19.13690948486328,18754.5703125,262.9192810058594,0.0057219387963414,100.0,191000.0,0.1101303845643997,93.07884979248048,0.5,100
polymer_sensitivity_v1-0001-16d0f364,1935.0,17996.625,54986492.0,0.9501549601554872,18778.32421875,263.0180358886719,0.0026881319936364,100.0,193500.0,0.0025610264856368,93.14287567138672,0.5,100
polymer_sensitivity_v1-0001-16d0f364,1960.0,21779.556640625,55530980.0,19.39487648010254,19263.1953125,262.9250183105469,0.0057219993323087,100.0,196000.0,0.1116161420941352,95.93328094482422,0.5,100
polymer_sensitivity_v1-0001-16d0f364,1985.0,17981.390625,55980512.0,0.949349284172058,19286.9296875,263.0252685546875,0.0027047717012465,100.0,198500.0,0.002574736950919,95.99765014648438,0.5,100
polymer_sensitivity_v1-0001-16d0f364,2010.0,21758.40234375,56524476.0,19.63675308227539,19777.849609375,262.9307556152344,0.005723447073251,100.0,201000.0,0.1130368709564209,98.82357025146484,0.5,100
polymer_sensitivity_v1-0001-16d0f364,2035.0,17969.46484375,56973712.0,0.9487183094024658,19801.56640625,263.0320739746094,0.0027218661271035,100.0,203500.0,0.0025893321726471,98.8883056640625,0.5,100
polymer_sensitivity_v1-0001-16d0f364,2060.0,21737.775390625,57517156.0,19.863882064819336,20298.1640625,262.9363098144531,0.0057263202033936,100.0,206000.0,0.1144020482897758,101.74835968017578,0.5,100
polymer_sensitivity_v1-0001-16d0f364,2085.0,17962.306640625,57966212.0,0.9483391642570496,20321.873046875,263.03826904296875,0.0027393402997404,100.0,208500.0,0.0026049597654491,101.81348419189452,0.5,100
polymer_sensitivity_v1-0001-16d0f364,2110.0,21717.255859375,58509144.0,20.07228660583496,20823.6796875,262.9416809082031,0.0057306364178657,100.0,211000.0,0.1156899556517601,104.70572662353516,0.5,100
polymer_sensitivity_v1-0001-16d0f364,2135.0,17960.177734375,58958148.0,0.9482249021530152,20847.384765625,263.0437316894531,0.0027571222744882,100.0,213500.0,0.0026216001715511,104.77127075195312,0.5,100
polymer_sensitivity_v1-0001-16d0f364,2160.0,21708.48828125,59500860.0,20.26901054382324,21354.109375,262.9457702636719,0.0057361656799912,100.0,216000.0,0.1169371679425239,107.6947021484375,0.5,100
polymer_sensitivity_v1-0001-16d0f364,2185.0,17957.56640625,59949800.0,0.9483349323272704,21377.818359375,263.048583984375,0.0027758991345763,100.0,218500.0,0.0026398098561912,107.7606964111328,0.5,100
polymer_sensitivity_v1-0001-16d0f364,2210.0,21699.4921875,60492288.0,20.443628311157227,21888.91015625,262.94970703125,0.0057432013563811,100.0,221000.0,0.1180900856852531,110.71294403076172,0.5,100
polymer_sensitivity_v1-0001-16d0f364,2235.0,17965.958984375,60941436.0,0.9487562775611876,21912.62890625,263.0534362792969,0.0027941025327891,100.0,223500.0,0.0026583499275147,110.77940368652344,0.5,100
polymer_sensitivity_v1-0001-16d0f364,2260.0,21680.140625,61483440.0,20.57164764404297,22426.919921875,262.9535217285156,0.0057510752230882,100.0,226000.0,0.1189934313297271,113.75424194335938,0.5,100
polymer_sensitivity_v1-0001-16d0f364,2285.0,17975.5625,61932828.0,0.9492254257202148,22450.650390625,263.0583190917969,0.0028124367818236,100.0,228500.0,0.002677165903151,113.8211669921875,0.5,100
polymer_sensitivity_v1-0001-16d0f364,2310.0,21661.53515625,62474368.0,20.67943572998047,22967.63671875,262.9571533203125,0.0057599148713052,100.0,231000.0,0.1198018342256546,116.81621551513672,0.5,100
polymer_sensitivity_v1-0001-16d0f364,2335.0,17988.728515625,62924084.0,0.9498648643493652,22991.3828125,263.06280517578125,0.0028308688197284,100.0,233500.0,0.0026965762954205,116.88362884521484,0.5,100
polymer_sensitivity_v1-0001-16d0f364,2360.0,21641.798828125,63465132.0,20.777511596679688,23510.8203125,262.96051025390625,0.0057696071453392,100.0,236000.0,0.1205737367272377,119.8979721069336,0.5,100
polymer_sensitivity_v1-0001-16d0f364,2385.0,17997.015625,63915056.0,0.950207531452179,23534.576171875,263.067138671875,0.002849280135706,100.0,238500.0,0.0027151436079293,119.96585083007812,0.5,100
polymer_sensitivity_v1-0001-16d0f364,2410.0,21619.4140625,64455540.0,20.868257522583008,24056.28125,262.9638977050781,0.0057802880182862,100.0,241000.0,0.1213258355855941,122.9990005493164,0.5,100
polymer_sensitivity_v1-0001-16d0f364,2435.0,18009.025390625,64905768.0,0.9508453011512756,24080.052734375,263.0713195800781,0.0028678954113274,100.0,243500.0,0.0027347679715603,123.06736755371094,0.5,100
polymer_sensitivity_v1-0001-16d0f364,2460.0,21602.1328125,65445820.0,20.908916473388672,24602.775390625,262.96728515625,0.0057906424626708,100.0,246000.0,0.1217812523245811,126.11190032958984,0.5,100
polymer_sensitivity_v1-0001-16d0f364,2485.0,18024.349609375,65896428.0,0.9516423940658568,24626.56640625,263.0754089355469,0.0028863069601356,100.0,248500.0,0.0027546829078346,126.1807632446289,0.5,100
polymer_sensitivity_v1-0001-16d0f364,2510.0,21585.34375,66436064.0,20.93343162536621,25149.90234375,262.9705505371094,0.0058007659390568,100.0,251000.0,0.1221384331583976,129.23422241210938,0.5,100
polymer_sensitivity_v1-0001-16d0f364,2535.0,18040.4296875,66887072.0,0.9524826407432556,25173.71484375,263.07916259765625,0.0029045627452433,100.0,253500.0,0.0027746045961976,129.3035888671875,0.5,100
polymer_sensitivity_v1-0001-16d0f364,2560.0,21568.421875,67426280.0,20.95853042602539,25697.677734375,262.9736633300781,0.0058108936063945,100.0,256000.0,0.1224996224045753,132.3660888671875,0.5,100
polymer_sensitivity_v1-0001-16d0f364,2585.0,18055.779296875,67877680.0,0.9532900452613832,25721.509765625,263.08270263671875,0.0029226848855614,100.0,258500.0,0.0027943332679569,132.43594360351562,0.5,100
polymer_sensitivity_v1-0001-16d0f364,2610.0,21549.541015625,68416416.0,20.98362922668457,26246.1015625,262.9767761230469,0.0058211353607475,100.0,261000.0,0.1228637546300888,135.50753784179688,0.5,100
polymer_sensitivity_v1-0001-16d0f364,2635.0,18068.615234375,68868128.0,0.9539644122123718,26269.951171875,263.08624267578125,0.0029406701214611,100.0,263500.0,0.0028135683387517,135.577880859375,0.5,100
polymer_sensitivity_v1-0001-16d0f364,2660.0,21530.279296875,69406392.0,21.010231018066406,26795.205078125,262.97998046875,0.0058315386995673,100.0,266000.0,0.1232406646013259,138.6588897705078,0.5,100
polymer_sensitivity_v1-0001-16d0f364,2685.0,18082.55078125,69858456.0,0.9546993374824524,26819.07421875,263.0899353027344,0.002958541503176,100.0,268500.0,0.0028328988701105,138.72972106933594,0.5,100
polymer_sensitivity_v1-0001-16d0f364,2710.0,21510.021484375,70396200.0,21.0361270904541,27344.9765625,262.98321533203125,0.0058420714922249,100.0,271000.0,0.1236167326569557,141.82012939453125,0.5,100
polymer_sensitivity_v1-0001-16d0f364,2735.0,18097.53125,70848640.0,0.9556174874305724,27368.8671875,263.0938415527344,0.0029766759835183,100.0,273500.0,0.0028530561830848,141.89146423339844,0.5,100
polymer_sensitivity_v1-0001-16d0f364,2760.0,21488.216796875,71385848.0,21.059001922607425,27895.341796875,262.9865417480469,0.0058526736684143,100.0,276000.0,0.1239770725369453,144.9908905029297,0.5,100
polymer_sensitivity_v1-0001-16d0f364,2785.0,18111.275390625,71838632.0,0.9562082290649414,27919.248046875,263.0978088378906,0.0029939608648419,100.0,278500.0,0.0028714470099657,145.0626678466797,0.5,100
polymer_sensitivity_v1-0001-16d0f364,2810.0,21467.0859375,72375304.0,21.08298683166504,28446.322265625,262.9898681640625,0.0058634160086512,100.0,281000.0,0.1243474185466766,148.17135620117188,0.5,100
polymer_sensitivity_v1-0001-16d0f364,2835.0,18127.017578125,72828480.0,0.9939394593238832,28471.169921875,263.10186767578125,0.0031074276193976,100.0,283500.0,0.0030982224270701,148.24880981445312,0.5,100
polymer_sensitivity_v1-0001-16d0f364,2860.0,21452.984375,73364808.0,21.080047607421875,28998.171875,262.9927673339844,0.0058736535720527,100.0,286000.0,0.1245484575629234,151.36251831054688,0.5,100
polymer_sensitivity_v1-0001-16d0f364,2885.0,18145.078125,73818432.0,0.9946879744529724,29023.0390625,263.105712890625,0.0031242417171597,100.0,288500.0,0.0031173850875347,151.44046020507812,0.5,100
polymer_sensitivity_v1-0001-16d0f364,2910.0,21436.578125,74354344.0,21.10195541381836,29550.587890625,262.9955139160156,0.005884270183742,100.0,291000.0,0.1249045729637146,154.56307983398438,0.5,100
polymer_sensitivity_v1-0001-16d0f364,2935.0,18157.15625,74808280.0,0.995374858379364,29575.47265625,263.1094970703125,0.00314168818295,100.0,293500.0,0.0031370129436254,154.64149475097656,0.5,100
polymer_sensitivity_v1-0001-16d0f364,2960.0,21418.234375,75343736.0,21.12388038635254,30103.568359375,262.9983215332031,0.0058951438404619,100.0,296000.0,0.1252667754888534,157.77316284179688,0.5,100
polymer_sensitivity_v1-0001-16d0f364,3010.0,19450.056640625,76316232.0,1.0269359350204468,30154.916015625,263.1381530761719,0.0031004678457975,100.0,301000.0,0.0031938841566443,157.932861328125,0.5,100
polymer_sensitivity_v1-0001-16d0f364,3060.0,20762.189453125,77354344.0,18.89045524597168,31099.439453125,262.988525390625,0.0058248145505785,100.0,306000.0,0.1106780767440795,163.46676635742188,0.5,100
polymer_sensitivity_v1-0001-16d0f364,3160.0,20152.814453125,79369624.0,1.063978672027588,31205.8359375,263.1616516113281,0.0032087010331451,100.0,316000.0,0.003424979513511,163.80926513671875,0.5,100
polymer_sensitivity_v1-0001-16d0f364,3260.0,20143.369140625,81383960.0,17.589658737182617,32964.80078125,262.9835205078125,0.0057067214511334,100.0,326000.0,0.1009554043412208,173.90480041503906,0.5,100
polymer_sensitivity_v1-0001-16d0f364,3360.0,20011.26171875,83385088.0,1.0564996004104614,33070.453125,263.1767883300781,0.003286883002147,100.0,336000.0,0.003484042128548,174.25320434570312,0.5,100
polymer_sensitivity_v1-0001-16d0f364,3460.0,20017.41796875,85386832.0,18.02335548400879,34872.7890625,262.998779296875,0.0056327506899833,100.0,346000.0,0.1020961552858352,184.46282958984372,0.5,100
polymer_sensitivity_v1-0001-16d0f364,3560.0,20019.66015625,87388800.0,1.0569385290145874,34978.48046875,263.1954040527344,0.0033686377573758,100.0,356000.0,0.0035724772606045,184.820068359375,0.5,100
polymer_sensitivity_v1-0001-16d0f364,3660.0,19926.15234375,89381416.0,18.41799736022949,36820.28125,263.0158386230469,0.0055769048631191,100.0,366000.0,0.1032914668321609,195.1492156982422,0.5,100
polymer_sensitivity_v1-0001-16d0f364,3760.0,20033.15234375,91384728.0,1.057646870613098,36926.046875,263.2148742675781,0.0034517981112003,100.0,376000.0,0.0036634288262575,195.51556396484372,0.5,100
polymer_sensitivity_v1-0001-16d0f364,3860.0,19810.373046875,93365768.0,18.84610748291016,38810.65625,263.0383605957031,0.0055463630706071,100.0,386000.0,0.1051103323698043,206.02659606933597,0.5,100
polymer_sensitivity_v1-0001-16d0f364,3960.0,20058.51953125,95371616.0,1.0589827299118042,38916.5546875,263.2355651855469,0.0035350357647985,100.0,396000.0,0.0037568220868706,206.40228271484372,0.5,100
polymer_sensitivity_v1-0001-16d0f364,4060.0,19747.013671875,97346320.0,19.135496139526367,40830.10546875,263.0577087402344,0.0055345906876027,100.0,406000.0,0.106496550142765,217.0519256591797,0.5,100
polymer_sensitivity_v1-0001-16d0f364,4160.0,20063.876953125,99352704.0,1.05926251411438,40936.03125,263.25750732421875,0.003617332316935,100.0,416000.0,0.003845615312457,217.43649291992188,0.5,100
polymer_sensitivity_v1-0001-16d0f364,4260.0,19675.279296875,101320232.0,19.417299270629883,42877.76171875,263.0797119140625,0.0055401874706149,100.0,426000.0,0.1081747859716415,228.25396728515625,0.5,100
polymer_sensitivity_v1-0001-16d0f364,4360.0,20066.755859375,103326912.0,1.059411644935608,42983.703125,263.2814636230469,0.0036981590092182,100.0,436000.0,0.0039324155077338,228.647216796875,0.5,100
polymer_sensitivity_v1-0001-16d0f364,4460.0,19612.46484375,105288152.0,19.673513412475582,44951.0546875,263.1041564941406,0.0055601075291633,100.0,446000.0,0.1099984496831893,239.6470642089844,0.5,100
polymer_sensitivity_v1-0001-16d0f364,4560.0,20065.845703125,107294744.0,1.0893852710723877,45059.9921875,263.307373046875,0.0038234067615121,100.0,456000.0,0.0041811494156718,240.06517028808597,0.5,100
polymer_sensitivity_v1-0001-16d0f364,4660.0,20751.904296875,109369928.0,3.561947822570801,45416.1875,263.3395690917969,0.0049454551190137,100.0,466000.0,0.0177030023187398,241.83547973632807,0.5,100
polymer_sensitivity_v1-0001-16d0f364,4760.0,20917.208984375,111461648.0,3.2923693656921387,45745.421875,263.3587341308594,0.0049019078724086,100.0,476000.0,0.0162183921784162,243.45730590820312,0.5,100
polymer_sensitivity_v1-0001-16d0f364,4860.0,20881.361328125,113549784.0,3.6204800605773926,46107.47265625,263.3763732910156,0.0049490262754261,100.0,486000.0,0.018006969243288,245.2580108642578,0.5,100
polymer_sensitivity_v1-0001-16d0f364,4960.0,20860.595703125,115635848.0,3.797732830047608,46487.24609375,263.39312744140625,0.0049798898398876,100.0,496000.0,0.0190069451928138,247.15870666503903,0.5,100
polymer_sensitivity_v1-0001-16d0f364,5060.0,20858.673828125,117721712.0,3.8161914348602295,46868.86328125,263.4097900390625,0.0050025004893541,100.0,506000.0,0.0191864781081676,249.0773468017578,0.5,100
polymer_sensitivity_v1-0001-16d0f364,5160.0,20850.90234375,119806808.0,3.8389718532562256,47252.76171875,263.42694091796875,0.0050284136086702,100.0,516000.0,0.0194014962762594,251.0175018310547,0.5,100
polymer_sensitivity_v1-0001-16d0f364,5260.0,20851.400390625,121891944.0,3.8610143661499023,47638.86328125,263.44342041015625,0.0050561418756842,100.0,526000.0,0.0196210443973541,252.97959899902344,0.5,100
polymer_sensitivity_v1-0001-16d0f364,5360.0,20846.455078125,123976592.0,3.883065223693848,48027.16796875,263.4600524902344,0.0050850729458034,100.0,536000.0,0.0198465902358293,254.9642639160156,0.5,100
polymer_sensitivity_v1-0001-16d0f364,5460.0,20841.107421875,126060704.0,3.9050772190094,48417.67578125,263.476806640625,0.005114656407386,100.0,546000.0,0.0200758092105388,256.9718322753906,0.5,100
polymer_sensitivity_v1-0001-16d0f364,5560.0,20832.595703125,128143960.0,3.9261064529418954,48810.2890625,263.4941101074219,0.0051445597782731,100.0,556000.0,0.0203025359660387,259.0021057128906,0.5,100
polymer_sensitivity_v1-0001-16d0f364,5660.0,20832.142578125,130227176.0,3.942575216293335,49204.546875,263.5111389160156,0.0051743881776928,100.0,566000.0,0.0205065216869115,261.0527648925781,0.5,100
polymer_sensitivity_v1-0001-16d0f364,5760.0,20826.052734375,132309784.0,3.955322504043579,49600.078125,263.5286865234375,0.0052040643058717,100.0,576000.0,0.0206914320588111,263.12188720703125,0.5,100
polymer_sensitivity_v1-0001-16d0f364,5860.0,20816.4296875,134391424.0,3.966036558151245,49996.6796875,263.5472717285156,0.0052335015498101,100.0,586000.0,0.0208654571324586,265.2084350585937,0.5,100
polymer_sensitivity_v1-0001-16d0f364,5960.0,20809.25390625,136472352.0,3.977120161056519,50394.39453125,263.56671142578125,0.005262657534331,100.0,596000.0,0.0210409518331289,267.3125305175781,0.5,100
polymer_sensitivity_v1-0001-16d0f364,6060.0,20800.638671875,138552416.0,3.987727403640747,50793.1640625,263.5870666503906,0.005291486158967,100.0,606000.0,0.0212132539600133,269.4338684082031,0.5,100
polymer_sensitivity_v1-0001-16d0f364,6160.0,20790.4921875,140631456.0,3.998007297515869,51192.96484375,263.6085510253906,0.0053199776448309,100.0,616000.0,0.0213830657303333,271.5721740722656,0.5,100
polymer_sensitivity_v1-0001-16d0f364,6260.0,20791.740234375,142710640.0,4.01050329208374,51594.015625,263.6296691894531,0.005348143633455,100.0,626000.0,0.0215640757232904,273.72857666015625,0.5,100
polymer_sensitivity_v1-0001-16d0f364,6360.0,20791.91015625,144789824.0,4.022802352905273,51996.296875,263.650634765625,0.005376006476581,100.0,636000.0,0.0217435043305158,275.9029235839844,0.5,100
polymer_sensitivity_v1-0001-16d0f364,6460.0,20796.4921875,146869472.0,4.036063194274902,52399.90234375,263.67071533203125,0.0054036029614508,100.0,646000.0,0.0219277739524841,278.095703125,0.5,100
polymer_sensitivity_v1-0001-16d0f364,6560.0,20793.884765625,148948864.0,4.048062324523926,52804.7109375,263.6910095214844,0.0054309731349349,100.0,656000.0,0.0221049711108207,280.30621337890625,0.5,100
polymer_sensitivity_v1-0001-16d0f364,6660.0,20796.19140625,151028480.0,4.061422348022461,53210.8515625,263.7107849121094,0.0054581733420491,100.0,666000.0,0.0222896076738834,282.53515625,0.5,100
polymer_sensitivity_v1-0001-16d0f364,6760.0,20803.73828125,153108864.0,4.0760579109191895,53618.45703125,263.7293701171875,0.005485254805535,100.0,676000.0,0.022481532767415,284.7833251953125,0.5,100
polymer_sensitivity_v1-0001-16d0f364,6860.0,20801.962890625,155189056.0,4.088969707489014,54027.35546875,263.748046875,0.0055122626945376,100.0,686000.0,0.0226644072681665,287.0497436523437,0.5,100
polymer_sensitivity_v1-0001-16d0f364,6960.0,20796.044921875,157268656.0,4.101312160491943,54437.484375,263.7673034667969,0.0055392505601048,100.0,696000.0,0.0228447392582893,289.334228515625,0.5,100
polymer_sensitivity_v1-0001-16d0f364,7060.0,20791.734375,159347824.0,4.114387035369873,54848.92578125,263.7869873046875,0.0055662803351879,100.0,706000.0,0.0230300240218639,291.6372375488281,0.5,100
polymer_sensitivity_v1-0001-16d0f364,7160.0,20789.099609375,161426736.0,4.128056049346924,55261.73046875,263.8067932128906,0.0055934069678187,100.0,716000.0,0.0232197754085063,293.9591979980469,0.5,100
polymer_sensitivity_v1-0001-16d0f364,7260.0,20782.6015625,163505008.0,4.141283988952637,55675.859375,263.8273620605469,0.0056206849403679,100.0,726000.0,0.0234084222465753,296.300048828125,0.5,100
polymer_sensitivity_v1-0001-16d0f364,7360.0,20781.826171875,165583184.0,4.15608549118042,56091.46875,263.8478698730469,0.005648176651448,100.0,736000.0,0.0236076451838016,298.66082763671875,0.5,100
polymer_sensitivity_v1-0001-16d0f364,7460.0,20778.552734375,167661040.0,4.170841693878174,56508.55078125,263.8686828613281,0.0056759398430585,100.0,746000.0,0.02380857989192,301.04168701171875,0.5,100
polymer_sensitivity_v1-0001-16d0f364,7560.0,20779.23828125,169738960.0,4.186788082122803,56927.23046875,263.8890991210937,0.0057040322571992,100.0,756000.0,0.0240185763686895,303.44354248046875,0.5,100
polymer_sensitivity_v1-0001-16d0f364,7660.0,20776.669921875,171816624.0,4.202506065368652,57347.48046875,263.9096374511719,0.0057325041852891,100.0,766000.0,0.0242297798395156,305.86651611328125,0.5,100
polymer_sensitivity_v1-0001-16d0f364,7760.0,20783.517578125,173894976.0,4.220728874206543,57769.5546875,263.9288330078125,0.0057614161632955,100.0,776000.0,0.0244582891464233,308.3123474121094,0.5,100
polymer_sensitivity_v1-0001-16d0f364,7860.0,20780.703125,175973056.0,4.237527847290039,58193.3046875,263.94805908203125,0.0057908296585083,100.0,786000.0,0.0246817283332347,310.780517578125,0.5,100
polymer_sensitivity_v1-0001-16d0f364,7960.0,20775.966796875,178050656.0,4.254624366760254,58618.76953125,263.9676208496094,0.0058208047412335,100.0,796000.0,0.0249103363603353,313.27154541015625,0.5,100
polymer_sensitivity_v1-0001-16d0f364,8060.0,20774.560546875,180128112.0,4.273181915283203,59046.0859375,263.9870910644531,0.0058514075353741,100.0,806000.0,0.0251513011753559,315.78668212890625,0.5,100
polymer_sensitivity_v1-0001-16d0f364,8160.0,20772.484375,182205360.0,4.291917324066162,59475.27734375,264.0064697265625,0.0058824438601732,100.0,816000.0,0.025396354496479,318.3263244628906,0.5,100
polymer_sensitivity_v1-0001-16d0f364,8260.0,20766.9140625,184282048.0,4.310059070587158,59906.28515625,264.0263977050781,0.0059141661040484,100.0,826000.0,0.025642056018114,320.8905029296875,0.5,100
polymer_sensitivity_v1-0001-16d0f364,8360.0,20757.23828125,186357776.0,4.328064918518066,60339.08984375,264.0473937988281,0.0059466729871928,100.0,836000.0,0.0258915554732084,323.47967529296875,0.5,100
polymer_sensitivity_v1-0001-16d0f364,8460.0,20748.544921875,188432624.0,4.347040176391602,60773.796875,264.0693359375,0.0059800269082188,100.0,846000.0,0.0261518061161041,326.0948486328125,0.5,100
polymer_sensitivity_v1-0001-16d0f364,8560.0,20739.71484375,190506592.0,4.366878032684326,61210.484375,264.0921936035156,0.0060142925940454,100.0,856000.0,0.0264225956052541,328.73712158203125,0.5,100
polymer_sensitivity_v1-0001-16d0f364,8660.0,20727.23046875,192579312.0,4.386857032775879,61649.16796875,264.1164855957031,0.0060495357029139,100.0,866000.0,0.0266999695450067,331.4071044921875,0.5,100
polymer_sensitivity_v1-0001-16d0f364,8760.0,20717.533203125,194651072.0,4.408462047576904,62090.015625,264.14178466796875,0.0060858293436467,100.0,876000.0,0.0269934255629777,334.1064453125,0.5,100
polymer_sensitivity_v1-0001-16d0f364,8860.0,20708.765625,196721952.0,4.431185722351074,62533.1328125,264.1679992675781,0.0061232475563883,100.0,886000.0,0.0273004136979579,336.83648681640625,0.5,100
polymer_sensitivity_v1-0001-16d0f364,8960.0,20704.787109375,198792432.0,4.455872535705566,62978.72265625,264.1943664550781,0.0061618685722351,100.0,896000.0,0.027626734226942,339.5991516113281,0.5,100
polymer_sensitivity_v1-0001-16d0f364,9060.0,20697.255859375,200862144.0,4.48103141784668,63426.82421875,264.2213439941406,0.0062017743475735,100.0,906000.0,0.0279637724161148,342.3955383300781,0.5,100
polymer_sensitivity_v1-0001-16d0f364,9160.0,20696.412109375,202931792.0,4.509305477142334,63877.75390625,264.2479248046875,0.0062430426478385,100.0,916000.0,0.0283286422491073,345.2283935546875,0.5,100
polymer_sensitivity_v1-0001-16d0f364,9260.0,20693.681640625,205001168.0,4.538780689239502,64331.6328125,264.2743835449219,0.0062857354059815,100.0,926000.0,0.0287100374698638,348.09942626953125,0.5,100
polymer_sensitivity_v1-0001-16d0f364,9360.0,20687.509765625,207069920.0,4.568870544433594,64788.51953125,264.30126953125,0.0063299220055341,100.0,936000.0,0.0291048269718885,351.0098876953125,0.5,100
polymer_sensitivity_v1-0001-16d0f364,9460.0,20677.8671875,209137696.0,4.599451065063477,65248.46484375,264.3289794921875,0.0063756797462701,100.0,946000.0,0.0295127928256988,353.961181640625,0.5,100
polymer_sensitivity_v1-0001-16d0f364,9560.0,20671.892578125,211204896.0,4.631045818328857,65711.5703125,264.3569641113281,0.0064230617135763,100.0,956000.0,0.0299377851188182,356.9549560546875,0.5,100
polymer_sensitivity_v1-0001-16d0f364,9660.0,20664.919921875,213271376.0,4.664338111877441,66178.0,264.38543701171875,0.0064721507951617,100.0,966000.0,0.0303849559277296,359.9934387207031,0.5,100
polymer_sensitivity_v1-0001-16d0f364,9760.0,20649.5234375,215336336.0,4.69809103012085,66647.8125,264.41558837890625,0.0065229977481067,100.0,976000.0,0.0308468490839004,363.078125,0.5,100
polymer_sensitivity_v1-0001-16d0f364,9860.0,20632.37109375,217399568.0,4.733992576599121,67121.2109375,264.4476318359375,0.0065757595002651,100.0,986000.0,0.0313356518745422,366.2117004394531,0.5,100
polymer_sensitivity_v1-0001-16d0f364,9960.0,20610.216796875,219460592.0,4.771060466766357,67598.3203125,264.4822692871094,0.0066303787752985,100.0,996000.0,0.0318450853228569,369.3962097167969,0.5,100
polymer_sensitivity_v1-0001-16d0f364,10060.0,20584.005859375,221518992.0,4.809627532958984,68079.28125,264.5201110839844,0.0066870315931737,100.0,1006000.0,0.032378651201725,372.6340637207031,0.5,100
polymer_sensitivity_v1-0001-16d0f364,10160.0,20558.171875,223574816.0,4.8510565757751465,68564.3828125,264.56103515625,0.0067455470561981,100.0,1016000.0,0.0329452641308307,375.9285888671875,0.5,100
polymer_sensitivity_v1-0001-16d0f364,10260.0,20531.302734375,225627936.0,4.896758079528809,69054.0625,264.6051940917969,0.0068049980327486,100.0,1026000.0,0.0335507430136203,379.2836608886719,0.5,100
polymer_sensitivity_v1-0001-16d0f364,10360.0,20504.533203125,227678400.0,4.945585250854492,69548.6171875,264.6524353027344,0.0068658404052257,100.0,1036000.0,0.0341903455555439,382.7026977539063,0.5,100
polymer_sensitivity_v1-0001-16d0f364,10460.0,20470.23046875,229725408.0,4.9968366622924805,70048.3046875,264.7038879394531,0.0069284839555621,100.0,1046000.0,0.0348620451986789,386.18890380859375,0.5,100
polymer_sensitivity_v1-0001-16d0f364,10560.0,20445.173828125,231769936.0,5.055212497711182,70553.828125,264.7580261230469,0.0069933678023517,100.0,1056000.0,0.0356019400060176,389.7491149902344,0.5,100
polymer_sensitivity_v1-0001-16d0f364,10660.0,20416.220703125,233811552.0,5.117162227630615,71065.5390625,264.8165283203125,0.0070609091781079,100.0,1066000.0,0.0363887548446655,393.3879699707031,0.5,100
polymer_sensitivity_v1-0001-16d0f364,10760.0,20382.21484375,235849776.0,5.18280553817749,71583.8203125,264.879638671875,0.0071315206587314,100.0,1076000.0,0.0372267663478851,397.1106567382813,0.5,100
polymer_sensitivity_v1-0001-16d0f364,10860.0,20340.3359375,237883808.0,5.2524943351745605,72109.0703125,264.94781494140625,0.0072056464850902,100.0,1086000.0,0.0381223149597644,400.9228820800781,0.5,100
polymer_sensitivity_v1-0001-16d0f364,10960.0,20298.439453125,239913648.0,5.329917907714844,72642.0625,265.0208740234375,0.0072837248444557,100.0,1096000.0,0.0391064956784248,404.8335266113281,0.5,100
polymer_sensitivity_v1-0002-5e32fee9,1.0,1531512.375,1531512.375,438.47698974609375,438.47698974609375,271.0106811523437,0.0037272712215781,150.0,150.0,1.6404370069503784,1.6404370069503784,0.5,150
polymer_sensitivity_v1-0002-5e32fee9,2.0,731013.5,2262525.75,186.03976440429688,624.5167236328125,270.6353454589844,0.0037339874543249,150.0,300.0,0.6972737312316895,2.3377108573913574,0.5,150
polymer_sensitivity_v1-0002-5e32fee9,3.0,540516.9375,2803042.75,122.67273712158205,747.189453125,270.3501892089844,0.0037017043214291,150.0,450.0,0.4557853639125824,2.7934961318969727,0.5,150
polymer_sensitivity_v1-0002-5e32fee9,4.0,451399.53125,3254442.25,96.90632629394533,844.0958251953125,270.08514404296875,0.0036829102318733,150.0,600.0,0.3582165837287903,3.151712656021118,0.5,150
polymer_sensitivity_v1-0002-5e32fee9,5.0,397999.625,3652442.0,82.77828216552734,926.8740844726562,269.8422241210937,0.0036711718421429,150.0,750.0,0.3050130307674408,3.456725835800171,0.5,150
polymer_sensitivity_v1-0002-5e32fee9,6.0,361713.4375,4014155.25,73.63459777832031,1000.5086669921876,269.6207580566406,0.0036625657230615,150.0,900.0,0.2706829309463501,3.727408647537232,0.5,150
polymer_sensitivity_v1-0002-5e32fee9,7.0,335124.6875,4349280.0,67.14888763427734,1067.6575927734375,269.4166564941406,0.0036557225976139,150.0,1050.0,0.246378406882286,3.973787069320679,0.5,150
polymer_sensitivity_v1-0002-5e32fee9,8.0,314589.40625,4663869.5,62.27430725097656,1129.931884765625,269.2276611328125,0.0036501113791018,150.0,1200.0,0.2281408905982971,4.20192813873291,0.5,150
polymer_sensitivity_v1-0002-5e32fee9,9.0,298036.34375,4961906.0,58.448280334472656,1188.380126953125,269.0496520996094,0.0036454715300351,150.0,1350.0,0.213851124048233,4.415779113769531,0.5,150
polymer_sensitivity_v1-0002-5e32fee9,10.0,284245.03125,5246151.0,55.34200286865234,1243.72216796875,268.88201904296875,0.0036416053771972,150.0,1500.0,0.2022703289985656,4.618049621582031,0.5,150
polymer_sensitivity_v1-0002-5e32fee9,13.0,255177.546875,6011683.5,49.160526275634766,1391.2037353515625,268.4389343261719,0.0036342917010188,150.0,1950.0,0.179315373301506,5.15599536895752,0.5,150
polymer_sensitivity_v1-0002-5e32fee9,15.0,239413.359375,6490510.0,45.88500595092773,1482.9737548828125,268.1738586425781,0.003630032762885,150.0,2250.0,0.167170912027359,5.490337371826172,0.5,150
polymer_sensitivity_v1-0002-5e32fee9,20.0,210860.046875,7544810.5,40.25382232666016,1684.242919921875,267.6305847167969,0.0036228492390364,150.0,3000.0,0.1463637948036193,6.222156524658203,0.5,150
polymer_sensitivity_v1-0002-5e32fee9,25.0,188714.828125,8488385.0,35.384517669677734,1861.1654052734373,267.17156982421875,0.0036090326029807,150.0,3750.0,0.1281664371490478,6.862988471984863,0.5,150
polymer_sensitivity_v1-0002-5e32fee9,30.0,170594.734375,9341358.0,31.437477111816406,2018.352783203125,266.77545166015625,0.0035954599734395,150.0,4500.0,0.1134400591254234,7.430188655853271,0.5,150
polymer_sensitivity_v1-0002-5e32fee9,35.0,155367.09375,10118194.0,28.17037773132324,2159.204833984375,266.4355163574219,0.003582416800782,150.0,5250.0,0.1012808606028556,7.936593055725098,0.5,150
polymer_sensitivity_v1-0002-5e32fee9,40.0,142309.75,10829743.0,25.40064239501953,2286.2080078125,266.13641357421875,0.0035696739796549,150.0,6000.0,0.0909968391060829,8.39157772064209,0.5,150
polymer_sensitivity_v1-0002-5e32fee9,45.0,130967.65625,11484581.0,23.015783309936523,2401.286865234375,265.8715209960937,0.003557100193575,150.0,6750.0,0.0821617022156715,8.802386283874512,0.5,150
polymer_sensitivity_v1-0002-5e32fee9,50.0,121077.5625,12089969.0,20.94580078125,2506.015869140625,265.6363525390625,0.0035445471294224,150.0,7500.0,0.0745074748992919,9.174922943115234,0.5,150
polymer_sensitivity_v1-0002-5e32fee9,55.0,112423.4765625,12652086.0,18.956954956054688,2600.800537109375,265.42486572265625,0.0035274338442832,150.0,8250.0,0.067106120288372,9.510454177856444,0.5,150
polymer_sensitivity_v1-0002-5e32fee9,60.0,104878.546875,13176479.0,16.943605422973633,2685.5185546875,265.23321533203125,0.0035020145587623,150.0,9000.0,0.0595452785491943,9.80817985534668,0.5,150
polymer_sensitivity_v1-0002-5e32fee9,70.0,92589.9609375,14102378.0,13.270999908447266,2818.228759765625,264.9154357910156,0.0034323460422456,150.0,10500.0,0.0457075461745262,10.26525592803955,0.5,150
polymer_sensitivity_v1-0002-5e32fee9,80.0,82500.25,14927381.0,10.093947410583496,2919.168212890625,264.65167236328125,0.0033352733589708,150.0,12000.0,0.0337787345051765,10.603042602539062,0.5,150
polymer_sensitivity_v1-0002-5e32fee9,100.0,68433.25,16296046.0,5.584204196929932,3030.852294921875,264.27374267578125,0.0030351234599947,150.0,15000.0,0.0170003473758697,10.943050384521484,0.5,150
polymer_sensitivity_v1-0002-5e32fee9,120.0,58697.52734375,17469996.0,3.09983229637146,3092.848876953125,263.995361328125,0.0025889580138027,150.0,18000.0,0.0080461669713258,11.103973388671877,0.5,150
polymer_sensitivity_v1-0002-5e32fee9,140.0,53555.421875,18541104.0,35.81725311279297,3809.19384765625,263.6869201660156,0.003856194904074,150.0,21000.0,0.1386529803276062,13.877033233642578,0.5,150
polymer_sensitivity_v1-0002-5e32fee9,160.0,42746.70703125,19396040.0,2.257195949554444,3854.337890625,263.5878295898437,0.0026059616357088,150.0,24000.0,0.005897534545511,13.994983673095703,0.5,150
polymer_sensitivity_v1-0002-5e32fee9,180.0,44519.62890625,20286432.0,29.2008056640625,4438.35400390625,263.389404296875,0.0039535402320325,150.0,27000.0,0.1159047931432724,16.313079833984375,0.5,150
polymer_sensitivity_v1-0002-5e32fee9,200.0,35739.06640625,21001212.0,1.8871053457260127,4476.09619140625,263.3666381835937,0.0026198895648121,150.0,30000.0,0.0049569942057132,16.412220001220703,0.5,150
polymer_sensitivity_v1-0002-5e32fee9,220.0,39763.203125,21796476.0,25.982370376586918,4995.74365234375,263.2256774902344,0.0040720072574913,150.0,33000.0,0.1062329784035682,18.53687858581543,0.5,150
polymer_sensitivity_v1-0002-5e32fee9,240.0,32035.619140625,22437190.0,1.691473126411438,5029.57275390625,263.2434387207031,0.0026314365677535,150.0,36000.0,0.0044627473689615,18.62613296508789,0.5,150
polymer_sensitivity_v1-0002-5e32fee9,260.0,37127.13671875,23179732.0,24.05271339416504,5510.626953125,263.1352233886719,0.0041982941329479,150.0,39000.0,0.1014060974121093,20.65425491333008,0.5,150
polymer_sensitivity_v1-0002-5e32fee9,280.0,30014.001953125,23780012.0,1.5847324132919312,5542.32177734375,263.1751708984375,0.0026411302387714,150.0,42000.0,0.0041965683922171,20.738187789916992,0.5,150
polymer_sensitivity_v1-0002-5e32fee9,300.0,35631.6796875,24492646.0,22.82668685913086,5998.85546875,263.0860595703125,0.0043274275958538,150.0,45000.0,0.0992101579904556,22.72239112854004,0.5,150
polymer_sensitivity_v1-0002-5e32fee9,320.0,28906.8984375,25070784.0,1.5262808799743652,6029.38134765625,263.13824462890625,0.0026492306496948,150.0,48000.0,0.004054210614413,22.80347442626953,0.5,150
polymer_sensitivity_v1-0002-5e32fee9,340.0,34762.08984375,25766026.0,22.000333786010746,6469.3876953125,263.0604553222656,0.0044526164419949,150.0,51000.0,0.098397172987461,24.77141761779785,0.5,150
polymer_sensitivity_v1-0002-5e32fee9,360.0,28293.564453125,26331896.0,1.4939221143722534,6499.26611328125,263.119384765625,0.0026560234837234,150.0,54000.0,0.0039784591645002,24.85098648071289,0.5,150
polymer_sensitivity_v1-0002-5e32fee9,380.0,34244.984375,27016796.0,21.44887924194336,6928.24365234375,263.04864501953125,0.0045689526014029,150.0,57000.0,0.0984487235546112,26.81996154785156,0.5,150
polymer_sensitivity_v1-0002-5e32fee9,400.0,27957.435546875,27575946.0,1.4761803150177002,6957.767578125,263.1112365722656,0.0026616784743964,150.0,60000.0,0.0039396034553647,26.898754119873047,0.5,150
polymer_sensitivity_v1-0002-5e32fee9,420.0,33924.4375,28254434.0,21.062929153442383,7379.02587890625,263.0450134277344,0.0046817064285278,150.0,63000.0,0.0990742892026901,28.880239486694336,0.5,150
polymer_sensitivity_v1-0002-5e32fee9,440.0,27819.62890625,28810826.0,1.4689247608184814,7408.40478515625,263.1090393066406,0.0026659031864255,150.0,66000.0,0.0039264787919819,28.95876884460449,0.5,150
polymer_sensitivity_v1-0002-5e32fee9,460.0,33757.0703125,29485968.0,20.451122283935547,7817.4267578125,263.04595947265625,0.004782869014889,150.0,69000.0,0.0982851237058639,30.924470901489254,0.5,150
polymer_sensitivity_v1-0002-5e32fee9,480.0,27811.16796875,30042192.0,1.4684473276138306,7846.7958984375,263.1099548339844,0.0026681222952902,150.0,72000.0,0.0039284788072109,31.003040313720703,0.5,150
polymer_sensitivity_v1-0002-5e32fee9,490.0,34922.10546875,30391412.0,24.979663848876957,8096.5927734375,263.0643920898437,0.0049046343192458,150.0,73500.0,0.1231199726462364,32.2342414855957,0.5,150
polymer_sensitivity_v1-0002-5e32fee9,500.0,26472.583984375,30656138.0,1.3977696895599363,8110.5703125,263.10601806640625,0.0026679597795009,150.0,75000.0,0.0037391693331301,32.27163314819336,0.5,150
polymer_sensitivity_v1-0002-5e32fee9,520.0,33453.2734375,31325204.0,18.99495506286621,8490.4697265625,263.0505676269531,0.0049215811304748,150.0,78000.0,0.0939475819468498,34.15058517456055,0.5,150
polymer_sensitivity_v1-0002-5e32fee9,540.0,27803.462890625,31881272.0,1.4680473804473877,8519.830078125,263.1150207519531,0.0026675967965275,150.0,81000.0,0.003926632925868,34.22911834716797,0.5,150
polymer_sensitivity_v1-0002-5e32fee9,560.0,33447.328125,32550220.0,19.024457931518555,8900.3193359375,263.0585632324219,0.0050003738142549,150.0,84000.0,0.0956074744462966,36.14126586914063,0.5,150
polymer_sensitivity_v1-0002-5e32fee9,580.0,27871.333984375,33107646.0,1.4716334342956543,8929.751953125,263.1224365234375,0.0026664747856557,150.0,87000.0,0.003934565000236,36.2199592590332,0.5,150
polymer_sensitivity_v1-0002-5e32fee9,600.0,33374.02734375,33775128.0,18.797176361083984,9305.6953125,263.0667419433594,0.0050665005110204,150.0,90000.0,0.0957208722829818,38.134376525878906,0.5,150
polymer_sensitivity_v1-0002-5e32fee9,620.0,27913.103515625,34333388.0,1.473840355873108,9335.1728515625,263.13067626953125,0.0026648440398275,150.0,93000.0,0.0039380490779876,38.213134765625,0.5,150
polymer_sensitivity_v1-0002-5e32fee9,640.0,33298.0078125,34999348.0,18.63191032409668,9707.810546875,263.0755920410156,0.0051249763928353,150.0,96000.0,0.0959799960255622,40.13273620605469,0.5,150
polymer_sensitivity_v1-0002-5e32fee9,660.0,27933.458984375,35558020.0,1.474915862083435,9737.30859375,263.1399841308594,0.0026629487983882,150.0,99000.0,0.0039381124079227,40.21149826049805,0.5,150
polymer_sensitivity_v1-0002-5e32fee9,680.0,33221.9765625,36222456.0,18.548377990722656,10108.2763671875,263.0853881835937,0.0051770028658211,150.0,102000.0,0.0965247079730033,42.14199066162109,0.5,150
polymer_sensitivity_v1-0002-5e32fee9,700.0,27945.64453125,36781372.0,1.4755593538284302,10137.7880859375,263.1503295898437,0.0026609965134412,150.0,105000.0,0.0039369342848658,42.22072982788086,0.5,150
polymer_sensitivity_v1-0002-5e32fee9,720.0,33148.09375,37444332.0,18.53972816467285,10508.58203125,263.0961303710937,0.0052229519933462,150.0,108000.0,0.0973405167460441,44.16754150390625,0.5,150
polymer_sensitivity_v1-0002-5e32fee9,740.0,27953.59765625,38003404.0,1.4759790897369385,10538.1015625,263.1617126464844,0.0026591746136546,150.0,111000.0,0.0039353505708277,44.24625015258789,0.5,150
polymer_sensitivity_v1-0002-5e32fee9,760.0,33081.99609375,38665044.0,18.59345817565918,10909.970703125,263.1074523925781,0.0052633909508585,150.0,114000.0,0.0983824655413627,46.213897705078125,0.5,150
polymer_sensitivity_v1-0002-5e32fee9,780.0,27959.33203125,39224232.0,1.4762811660766602,10939.4970703125,263.1737365722656,0.0026576281525194,150.0,117000.0,0.0039338609203696,46.29257583618164,0.5,150
polymer_sensitivity_v1-0002-5e32fee9,800.0,33021.71875,39884664.0,18.70358657836914,11313.568359375,263.1195678710937,0.0052990037947893,150.0,120000.0,0.0996383503079414,48.285343170166016,0.5,150
polymer_sensitivity_v1-0002-5e32fee9,820.0,27972.427734375,40444112.0,1.4769715070724487,11343.107421875,263.18701171875,0.002656482392922,150.0,123000.0,0.0039339996874332,48.36402130126953,0.5,150
polymer_sensitivity_v1-0002-5e32fee9,840.0,32968.8359375,41103492.0,18.859569549560547,11720.298828125,263.1321105957031,0.005329739768058,150.0,126000.0,0.101055197417736,50.38512420654297,0.5,150
polymer_sensitivity_v1-0002-5e32fee9,860.0,28006.466796875,41663620.0,1.4787676334381104,11749.875,263.2007751464844,0.0026558781974017,150.0,129000.0,0.0039378851652145,50.46388244628906,0.5,150
polymer_sensitivity_v1-0002-5e32fee9,880.0,32904.37890625,42321708.0,19.02576065063477,12130.3896484375,263.1446838378906,0.0053553222678601,150.0,132000.0,0.1024376600980758,52.512638092041016,0.5,150
polymer_sensitivity_v1-0002-5e32fee9,900.0,28025.970703125,42882228.0,1.4797958135604858,12159.9853515625,263.21490478515625,0.0026559052057564,150.0,135000.0,0.0039406633004546,52.59144973754883,0.5,150
polymer_sensitivity_v1-0002-5e32fee9,920.0,32834.09375,43538908.0,19.22745513916016,12544.53515625,263.1575622558594,0.0053767431527376,150.0,138000.0,0.103939950466156,54.67024993896485,0.5,150
polymer_sensitivity_v1-0002-5e32fee9,940.0,28034.783203125,44099604.0,1.4802592992782593,12574.1396484375,263.229248046875,0.0026566383894532,150.0,141000.0,0.0039429888129234,54.74910736083984,0.5,150
polymer_sensitivity_v1-0002-5e32fee9,960.0,32770.81640625,44755020.0,19.46929168701172,12963.525390625,263.1705017089844,0.0053945542313158,150.0,144000.0,0.1055978089570999,56.86106491088867,0.5,150
polymer_sensitivity_v1-0002-5e32fee9,980.0,28038.66796875,45315796.0,1.4804623126983645,12993.134765625,263.2435913085937,0.0026581350248306,150.0,147000.0,0.0039457571692764,56.939979553222656,0.5,150
polymer_sensitivity_v1-0002-5e32fee9,1000.0,32711.365234375,45970020.0,19.75284767150879,13388.1923828125,263.1835327148437,0.0054093631915748,150.0,150000.0,0.1074314564466476,59.08860778808594,0.5,150
polymer_sensitivity_v1-0002-5e32fee9,1020.0,28045.021484375,46530920.0,1.4807955026626587,13417.8076171875,263.2586975097656,0.0026604568120092,150.0,153000.0,0.0039501013234257,59.16761016845703,0.5,150
polymer_sensitivity_v1-0002-5e32fee9,1040.0,32653.529296875,47183992.0,20.073331832885746,13819.2744140625,263.19696044921875,0.0054213209077715,150.0,156000.0,0.1094171628355979,61.355953216552734,0.5,150
polymer_sensitivity_v1-0002-5e32fee9,1060.0,28050.38671875,47745000.0,1.4810763597488403,13848.896484375,263.27423095703125,0.0026636528782546,150.0,159000.0,0.0039556096307933,61.43506622314453,0.5,150
polymer_sensitivity_v1-0002-5e32fee9,1080.0,32598.349609375,48396968.0,20.41956901550293,14257.287109375,263.2105407714844,0.0054306355305016,150.0,162000.0,0.1114967316389083,63.665000915527344,0.5,150
polymer_sensitivity_v1-0002-5e32fee9,1100.0,28061.51953125,48958196.0,1.4816615581512451,14286.9208984375,263.2892761230469,0.0026677509304136,150.0,165000.0,0.0039632772095501,63.744266510009766,0.5,150
polymer_sensitivity_v1-0002-5e32fee9,1120.0,32565.404296875,49609504.0,20.78080940246582,14702.537109375,263.22344970703125,0.005437612067908,150.0,168000.0,0.1136157810688018,66.0165786743164,0.5,150
polymer_sensitivity_v1-0002-5e32fee9,1140.0,28078.072265625,50171068.0,1.482532978057861,14732.1875,263.303466796875,0.0026727642398327,150.0,171000.0,0.0039730803109705,66.0960464477539,0.5,150
polymer_sensitivity_v1-0002-5e32fee9,1160.0,32529.65625,50821660.0,21.14576911926269,15155.1025390625,263.2359313964844,0.0054428144358098,150.0,174000.0,0.1157223507761955,68.41049194335938,0.5,150
polymer_sensitivity_v1-0002-5e32fee9,1180.0,28082.20703125,51383304.0,1.4827486276626587,15184.7578125,263.3174133300781,0.0026786923408508,150.0,177000.0,0.0039824950508773,68.49014282226562,0.5,150
polymer_sensitivity_v1-0002-5e32fee9,1200.0,32498.07421875,52033264.0,21.51477813720703,15615.0537109375,263.24871826171875,0.0054467204026877,150.0,180000.0,0.1178267523646354,70.8466796875,0.5,150
polymer_sensitivity_v1-0002-5e32fee9,1220.0,28090.171875,52595068.0,1.4831664562225342,15644.716796875,263.3316345214844,0.002685525920242,150.0,183000.0,0.0039938073605299,70.92655181884766,0.5,150
polymer_sensitivity_v1-0002-5e32fee9,1240.0,32468.455078125,53244440.0,21.889497756958008,16082.5068359375,263.2612609863281,0.0054498119279742,150.0,186000.0,0.1199473440647125,73.32550048828125,0.5,150
polymer_sensitivity_v1-0002-5e32fee9,1260.0,28087.24609375,53806184.0,1.4830090999603271,16112.1669921875,263.3453369140625,0.0026932505425065,150.0,189000.0,0.0040049012750387,73.40559387207031,0.5,150
polymer_sensitivity_v1-0002-5e32fee9,1285.0,32143.0625,54609760.0,21.19448471069336,16642.029296875,263.2684020996094,0.0054419157095253,150.0,192750.0,0.1159696951508522,76.30484008789062,0.5,150
polymer_sensitivity_v1-0002-5e32fee9,1310.0,28418.78125,55320228.0,1.5005099773406982,16679.541015625,263.36590576171875,0.002704921644181,150.0,196500.0,0.0040697706863284,76.40658569335938,0.5,150
polymer_sensitivity_v1-0002-5e32fee9,1335.0,32119.39453125,56123216.0,21.842679977416992,17225.609375,263.2850952148437,0.0054368595592677,150.0,200250.0,0.1194047629833221,79.3917007446289,0.5,150
polymer_sensitivity_v1-0002-5e32fee9,1360.0,28415.798828125,56833608.0,1.5003478527069092,17263.1171875,263.38385009765625,0.002718252595514,150.0,204000.0,0.0040894406847655,79.49394226074219,0.5,150
polymer_sensitivity_v1-0002-5e32fee9,1385.0,32078.3984375,57635568.0,22.38759422302246,17822.806640625,263.300537109375,0.0054316543973982,150.0,207750.0,0.1222657784819603,82.55058288574219,0.5,150
polymer_sensitivity_v1-0002-5e32fee9,1410.0,28424.9140625,58346192.0,1.5008249282836914,17860.328125,263.4005126953125,0.0027330908924341,150.0,211500.0,0.0041131325997412,82.65341186523438,0.5,150
polymer_sensitivity_v1-0002-5e32fee9,1435.0,32061.3046875,59147724.0,22.897491455078125,18432.765625,263.31427001953125,0.0054274909198284,150.0,215250.0,0.1249541118741035,85.77726745605469,0.5,150
polymer_sensitivity_v1-0002-5e32fee9,1460.0,28416.453125,59858136.0,1.5003739595413208,18470.275390625,263.416259765625,0.0027492884546518,150.0,219000.0,0.0041363327763974,85.88067626953125,0.5,150
polymer_sensitivity_v1-0002-5e32fee9,1485.0,32026.24609375,60658792.0,23.37752914428711,19054.712890625,263.3280944824219,0.0054249707609415,150.0,222750.0,0.1275141686201095,89.06852722167969,0.5,150
polymer_sensitivity_v1-0002-5e32fee9,1510.0,28396.62890625,61368708.0,1.4993233680725098,19092.1953125,263.4315185546875,0.0027666755486279,150.0,226500.0,0.0041596498340368,89.17251586914062,0.5,150
polymer_sensitivity_v1-0002-5e32fee9,1535.0,31995.87109375,62168604.0,23.82650375366211,19687.859375,263.34130859375,0.0054240068420767,150.0,230250.0,0.1299399137496948,92.42101287841795,0.5,150
polymer_sensitivity_v1-0002-5e32fee9,1560.0,28396.369140625,62878512.0,1.4993085861206057,19725.341796875,263.4454345703125,0.0027846724260598,150.0,234000.0,0.0041867420077323,92.52568817138672,0.5,150
polymer_sensitivity_v1-0002-5e32fee9,1585.0,31981.408203125,63678048.0,24.08910179138184,20327.568359375,263.3539428710937,0.0054206210188567,150.0,237750.0,0.1312895566225052,95.80792236328124,0.5,150
polymer_sensitivity_v1-0002-5e32fee9,1610.0,28411.212890625,64388328.0,1.5000910758972168,20365.0703125,263.4593811035156,0.0028029456734657,150.0,241500.0,0.0042164921760559,95.91333770751952,0.5,150
polymer_sensitivity_v1-0002-5e32fee9,1635.0,31968.630859375,65187544.0,24.324195861816406,20973.17578125,263.3661499023437,0.0054164063185453,150.0,245250.0,0.1324672400951385,99.22501373291016,0.5,150
polymer_sensitivity_v1-0002-5e32fee9,1660.0,28437.951171875,65898492.0,1.5015016794204712,21010.712890625,263.47186279296875,0.0028214768972247,150.0,249000.0,0.0042484393343329,99.33123016357422,0.5,150
polymer_sensitivity_v1-0002-5e32fee9,1685.0,31949.60546875,66697232.0,24.544189453125,21624.318359375,263.3770751953125,0.0054120537824928,150.0,252750.0,0.1335572898387909,102.67015838623048,0.5,150
polymer_sensitivity_v1-0002-5e32fee9,1710.0,28449.9765625,67408480.0,1.5021353960037231,21661.87109375,263.48370361328125,0.0028402530588209,150.0,256500.0,0.0042785969562828,102.7771224975586,0.5,150
polymer_sensitivity_v1-0002-5e32fee9,1735.0,31927.123046875,68206664.0,24.749101638793945,22280.599609375,263.387451171875,0.0054078972898423,150.0,260250.0,0.1345683336257934,106.1413345336914,0.5,150
polymer_sensitivity_v1-0002-5e32fee9,1760.0,28450.080078125,68917912.0,1.5021395683288574,22318.15234375,263.49530029296875,0.0028592566959559,150.0,264000.0,0.0043073184788227,106.24901580810548,0.5,150
polymer_sensitivity_v1-0002-5e32fee9,1785.0,31901.716796875,69715456.0,24.942365646362305,22941.7109375,263.3980712890625,0.0054042632691562,150.0,267750.0,0.1355275362730026,109.63720703125,0.5,150
polymer_sensitivity_v1-0002-5e32fee9,1810.0,28438.70703125,70426424.0,1.5015376806259155,22979.25,263.5072631835937,0.0028784701135009,150.0,271500.0,0.004334608092904,109.74556732177734,0.5,150
polymer_sensitivity_v1-0002-5e32fee9,1835.0,31875.234375,71223304.0,25.127477645874023,23607.4375,263.408935546875,0.0054013943299651,150.0,275250.0,0.1364604830741882,113.1570816040039,0.5,150
polymer_sensitivity_v1-0002-5e32fee9,1860.0,28429.91015625,71934056.0,1.5010719299316406,23644.96484375,263.5189514160156,0.0028978767804801,150.0,279000.0,0.004362563136965,113.26614379882812,0.5,150
polymer_sensitivity_v1-0002-5e32fee9,1885.0,31854.009765625,72730400.0,25.307355880737305,24277.6484375,263.41961669921875,0.0053993854671716,150.0,282750.0,0.1373859643936157,116.70079803466795,0.5,150
polymer_sensitivity_v1-0002-5e32fee9,1910.0,28441.46484375,73441440.0,1.5016019344329834,24315.1875,263.5295104980469,0.0029173223301768,150.0,286500.0,0.0043934741988778,116.81063079833984,0.5,150
polymer_sensitivity_v1-0002-5e32fee9,1935.0,31826.625,74237104.0,25.464916229248047,24951.810546875,263.42999267578125,0.0053985421545803,150.0,290250.0,0.1382196098566055,120.26612091064452,0.5,150
polymer_sensitivity_v1-0002-5e32fee9,1960.0,28456.392578125,74948512.0,1.502474069595337,24989.373046875,263.5403747558594,0.0029371934942901,150.0,294000.0,0.004426056984812,120.37677001953124,0.5,150
polymer_sensitivity_v1-0002-5e32fee9,1985.0,31785.306640625,75743144.0,25.572378158569336,25628.681640625,263.4408569335937,0.0053984117694199,150.0,297750.0,0.1387995183467865,123.84676361083984,0.5,150
polymer_sensitivity_v1-0002-5e32fee9,2010.0,28463.32421875,76454728.0,1.5028388500213623,25666.25390625,263.5518493652344,0.0029570693150162,150.0,301500.0,0.0044571789912879,123.95819091796876,0.5,150
polymer_sensitivity_v1-0002-5e32fee9,2035.0,31748.353515625,77248440.0,25.6762752532959,26308.16015625,263.4520568847656,0.0053993756882846,150.0,305250.0,0.1393884569406509,127.44290161132812,0.5,150
polymer_sensitivity_v1-0002-5e32fee9,2060.0,28477.048828125,77960368.0,1.503563642501831,26345.75,263.5639953613281,0.002977077383548,150.0,309000.0,0.004489591345191,127.55514526367188,0.5,150
polymer_sensitivity_v1-0002-5e32fee9,2085.0,31705.287109375,78753000.0,25.76680564880371,26989.919921875,263.4635925292969,0.0054013580083847,150.0,312750.0,0.1399315595626831,131.05343627929688,0.5,150
polymer_sensitivity_v1-0002-5e32fee9,2110.0,28497.568359375,79465440.0,1.5046391487121582,27027.53515625,263.5753479003906,0.0029971844051033,150.0,316500.0,0.0045232381671667,131.16651916503906,0.5,150
polymer_sensitivity_v1-0002-5e32fee9,2135.0,31557.08203125,80254368.0,26.060396194458008,27679.044921875,263.4784240722656,0.0054040038958191,150.0,320250.0,0.1415956616401672,134.70640563964844,0.5,150
polymer_sensitivity_v1-0002-5e32fee9,2160.0,28542.21484375,80967920.0,1.5069977045059204,27716.720703125,263.5860290527344,0.0030174714047461,150.0,324000.0,0.0045610852539539,134.8204345703125,0.5,150
polymer_sensitivity_v1-0002-5e32fee9,2185.0,31580.25,81757424.0,26.2384033203125,28372.6796875,263.4875793457031,0.0054069110192358,150.0,327750.0,0.1426399499177932,138.3864288330078,0.5,150
polymer_sensitivity_v1-0002-5e32fee9,2210.0,28549.31640625,82471160.0,1.5073744058609009,28410.365234375,263.5947570800781,0.0030378303490579,150.0,331500.0,0.0045931008644402,138.50125122070312,0.5,150
polymer_sensitivity_v1-0002-5e32fee9,2235.0,31579.841796875,83260656.0,26.38152885437012,29069.90234375,263.4960021972656,0.0054120114073157,150.0,335250.0,0.1435540467500686,142.09010314941406,0.5,150
polymer_sensitivity_v1-0002-5e32fee9,2260.0,28539.5546875,83974144.0,1.5068596601486206,29107.57421875,263.60321044921875,0.0030582272447645,150.0,339000.0,0.0046224556863307,142.20567321777344,0.5,150
polymer_sensitivity_v1-0002-5e32fee9,2285.0,31566.208984375,84763296.0,26.51200485229492,29770.375,263.5047302246094,0.0054193087853491,150.0,342750.0,0.1444596201181411,145.81715393066406,0.5,150
polymer_sensitivity_v1-0002-5e32fee9,2310.0,28524.447265625,85476408.0,1.5060622692108154,29808.025390625,263.6122131347656,0.0030786429997533,150.0,346500.0,0.0046509467065334,145.93344116210938,0.5,150
polymer_sensitivity_v1-0002-5e32fee9,2335.0,31550.212890625,86265168.0,26.61738967895508,30473.4609375,263.5138244628906,0.0054288026876747,150.0,350250.0,0.1452893018722534,149.565673828125,0.5,150
polymer_sensitivity_v1-0002-5e32fee9,2360.0,28517.265625,86978096.0,1.505683183670044,30511.103515625,263.62176513671875,0.003099063411355,150.0,354000.0,0.004680713173002,149.68267822265625,0.5,150
polymer_sensitivity_v1-0002-5e32fee9,2385.0,31540.869140625,87766616.0,26.713844299316406,31178.94921875,263.5231628417969,0.0054396768100559,150.0,357750.0,0.146109476685524,153.33541870117188,0.5,150
polymer_sensitivity_v1-0002-5e32fee9,2410.0,28508.037109375,88479320.0,1.5051966905593872,31216.578125,263.6315002441406,0.0031194768380373,150.0,361500.0,0.0047101196832954,153.4531707763672,0.5,150
polymer_sensitivity_v1-0002-5e32fee9,2435.0,31522.37109375,89267376.0,26.81200408935547,31886.87890625,263.53302001953125,0.0054531227797269,150.0,365250.0,0.1470108330249786,157.12844848632812,0.5,150
polymer_sensitivity_v1-0002-5e32fee9,2460.0,28494.1015625,89979728.0,1.5044595003128052,31924.490234375,263.6419372558594,0.0031398674473166,150.0,369000.0,0.004738681949675,157.24691772460938,0.5,150
polymer_sensitivity_v1-0002-5e32fee9,2485.0,31495.00390625,90767104.0,26.922983169555664,32597.564453125,263.5436096191406,0.0054673887789249,150.0,372750.0,0.1480076313018798,160.9470977783203,0.5,150
polymer_sensitivity_v1-0002-5e32fee9,2510.0,28484.603515625,91479224.0,1.5039607286453247,32635.1640625,263.6529235839844,0.0031602431554347,150.0,376500.0,0.0047679496929049,161.06629943847656,0.5,150
polymer_sensitivity_v1-0002-5e32fee9,2535.0,31486.583984375,92266384.0,27.004112243652344,33310.265625,263.55438232421875,0.0054827122949063,150.0,380250.0,0.1488719880580902,164.78810119628906,0.5,150
polymer_sensitivity_v1-0002-5e32fee9,2560.0,28484.55859375,92978504.0,1.5039583444595337,33347.8671875,263.6636962890625,0.0031805746257305,150.0,384000.0,0.0047987145371735,164.90806579589844,0.5,150
polymer_sensitivity_v1-0002-5e32fee9,2585.0,31535.908203125,93766896.0,26.9063720703125,34020.5234375,263.5643615722656,0.0055001131258904,150.0,387750.0,0.1488065421581268,168.62823486328125,0.5,150
polymer_sensitivity_v1-0002-5e32fee9,2610.0,28508.318359375,94479608.0,1.5052132606506348,34058.15625,263.6749267578125,0.0032008457928895,150.0,391500.0,0.0048334263265132,168.7490692138672,0.5,150
polymer_sensitivity_v1-0002-5e32fee9,2635.0,31439.486328125,95265592.0,27.037145614624023,34734.0859375,263.57598876953125,0.0055185435339808,150.0,395250.0,0.150033637881279,172.49990844726562,0.5,150
polymer_sensitivity_v1-0002-5e32fee9,2660.0,28505.408203125,95978232.0,1.5050610303878784,34771.7109375,263.6866760253906,0.0032211190555244,150.0,399000.0,0.0048636472783982,172.6215057373047,0.5,150
polymer_sensitivity_v1-0002-5e32fee9,2685.0,31479.33984375,96765208.0,26.938236236572266,35445.16796875,263.5870361328125,0.005535983480513,150.0,402750.0,0.1499598026275634,176.37049865722656,0.5,150
polymer_sensitivity_v1-0002-5e32fee9,2710.0,28518.359375,97478168.0,1.505746364593506,35482.80859375,263.69940185546875,0.0032413380686193,150.0,406500.0,0.0048965038731694,176.49290466308594,0.5,150
polymer_sensitivity_v1-0002-5e32fee9,2735.0,31376.48828125,98262584.0,27.061681747436523,36159.3515625,263.6003112792969,0.0055546853691339,150.0,410250.0,0.1511587649583816,180.2718811035156,0.5,150
polymer_sensitivity_v1-0002-5e32fee9,2760.0,28515.7109375,98975472.0,1.5056043863296509,36196.9921875,263.71258544921875,0.0032615580130368,150.0,414000.0,0.0049266847781836,180.39505004882807,0.5,150
polymer_sensitivity_v1-0002-5e32fee9,2785.0,31424.974609375,99761104.0,26.9766788482666,36871.41015625,263.61236572265625,0.0055736084468662,150.0,417750.0,0.1512001752853393,184.175048828125,0.5,150
polymer_sensitivity_v1-0002-5e32fee9,2810.0,28538.5625,100474568.0,1.5068074464797974,36909.078125,263.7260437011719,0.0032817351166158,150.0,421500.0,0.0049612242728471,184.2990875244141,0.5,150
polymer_sensitivity_v1-0002-5e32fee9,2835.0,31391.287109375,101259344.0,26.947439193725582,37582.765625,263.6250305175781,0.0055936216376721,150.0,425250.0,0.1515816748142242,188.088623046875,0.5,150
polymer_sensitivity_v1-0002-5e32fee9,2860.0,28557.08984375,101973272.0,1.5077863931655884,37620.4609375,263.7400817871094,0.0033019164111465,150.0,429000.0,0.0049950778484344,188.2135009765625,0.5,150
polymer_sensitivity_v1-0002-5e32fee9,2885.0,31345.826171875,102756920.0,26.92768669128418,38293.65234375,263.63873291015625,0.0056135198101401,150.0,432750.0,0.1520124226808548,192.0138092041016,0.5,150
polymer_sensitivity_v1-0002-5e32fee9,2910.0,28570.767578125,103471192.0,1.5085091590881348,38331.36328125,263.755126953125,0.003322105621919,150.0,436500.0,0.0050281309522688,192.13951110839844,0.5,150
polymer_sensitivity_v1-0002-5e32fee9,2935.0,31310.40625,104253952.0,26.919219970703125,39004.34375,263.6530456542969,0.005633327178657,150.0,440250.0,0.1525038778781891,195.9521026611328,0.5,150
polymer_sensitivity_v1-0002-5e32fee9,2960.0,28583.8671875,104968544.0,1.5091997385025024,39042.07421875,263.7707824707031,0.0033423097338527,150.0,444000.0,0.00506112864241,196.07864379882807,0.5,150
polymer_sensitivity_v1-0002-5e32fee9,3025.0,30161.064453125,106929016.0,23.16047477722168,40547.5078125,263.6572570800781,0.0056706322357058,150.0,453750.0,0.1320835351943969,204.6640625,0.5,150
polymer_sensitivity_v1-0002-5e32fee9,3060.0,28840.646484375,107938440.0,1.5228796005249023,40600.80859375,263.80377197265625,0.0033509419299662,150.0,459000.0,0.005120238289237,204.84327697753903,0.5,150
polymer_sensitivity_v1-0002-5e32fee9,3110.0,30359.6484375,109456416.0,24.1788272857666,41809.75,263.690673828125,0.0057020019739866,150.0,466500.0,0.138658344745636,211.7761993408203,0.5,150
polymer_sensitivity_v1-0002-5e32fee9,3160.0,29658.193359375,110939328.0,1.5675586462020874,41888.125,263.85162353515625,0.0034026955254375,150.0,474000.0,0.0053521362133324,212.04379272460935,0.5,150
polymer_sensitivity_v1-0002-5e32fee9,3260.0,29857.478515625,113925080.0,22.49236488342285,44137.36328125,263.72686767578125,0.0057345954701304,150.0,489000.0,0.1297285556793213,225.01666259765625,0.5,150
polymer_sensitivity_v1-0002-5e32fee9,3360.0,30564.970703125,116981576.0,1.6137826442718506,44298.7421875,263.9379577636719,0.0035106418654322,150.0,504000.0,0.0056853722780942,225.58518981933597,0.5,150
polymer_sensitivity_v1-0002-5e32fee9,3460.0,29810.35546875,119962608.0,23.23321914672852,46622.0625,263.793701171875,0.0056426497176289,150.0,519000.0,0.1318408548831939,238.76927185058597,0.5,150
polymer_sensitivity_v1-0002-5e32fee9,3560.0,30464.875,123009096.0,2.7529046535491943,46897.3515625,264.0008850097656,0.0044192671775817,150.0,534000.0,0.0122198238968849,239.9912567138672,0.5,150
polymer_sensitivity_v1-0002-5e32fee9,3660.0,31209.73828125,126130072.0,5.170483112335205,47414.40234375,264.0503234863281,0.0049116122536361,150.0,549000.0,0.0255207549780607,242.5433349609375,0.5,150
polymer_sensitivity_v1-0002-5e32fee9,3760.0,31210.93359375,129251168.0,5.748430252075195,47989.24609375,264.0892028808594,0.0049665844999253,150.0,564000.0,0.0286925677210092,245.41259765625,0.5,150
polymer_sensitivity_v1-0002-5e32fee9,3860.0,31193.462890625,132370512.0,5.845349311828613,48573.78125,264.12872314453125,0.0049930554814636,150.0,579000.0,0.0293326135724782,248.34585571289065,0.5,150
polymer_sensitivity_v1-0002-5e32fee9,3960.0,31178.2890625,135488336.0,5.849218368530273,49158.703125,264.170166015625,0.0050238869152963,150.0,594000.0,0.029534189030528,251.2992706298828,0.5,150
polymer_sensitivity_v1-0002-5e32fee9,4060.0,31159.91796875,138604336.0,5.86258602142334,49744.9609375,264.2137756347656,0.0050610844045877,150.0,609000.0,0.0298219732940197,254.28146362304688,0.5,150
polymer_sensitivity_v1-0002-5e32fee9,4160.0,31143.923828125,141718720.0,5.884888172149658,50333.44921875,264.25909423828125,0.005102468188852,150.0,624000.0,0.0301814544945955,257.29962158203125,0.5,150
polymer_sensitivity_v1-0002-5e32fee9,4260.0,31132.630859375,144831984.0,5.912508487701416,50924.69921875,264.3051147460937,0.0051464517600834,150.0,639000.0,0.0305858496576547,260.35821533203125,0.5,150
polymer_sensitivity_v1-0002-5e32fee9,4360.0,31128.69140625,147944864.0,5.94350528717041,51519.05078125,264.3511047363281,0.0051920670084655,150.0,654000.0,0.0310201365500688,263.460205078125,0.5,150
polymer_sensitivity_v1-0002-5e32fee9,4460.0,31117.732421875,151056624.0,5.9741034507751465,52116.4609375,264.3978271484375,0.0052387509495019,150.0,669000.0,0.0314616598188877,266.6063842773437,0.5,150
polymer_sensitivity_v1-0002-5e32fee9,4560.0,31105.6015625,154167184.0,6.00489616394043,52716.94921875,264.446044921875,0.0052861715666949,150.0,684000.0,0.0319116003811359,269.79754638671875,0.5,150
polymer_sensitivity_v1-0002-5e32fee9,4660.0,31083.1640625,157275504.0,6.034058570861816,53320.35546875,264.4969177246094,0.0053341416642069,150.0,699000.0,0.032359130680561,273.033447265625,0.5,150
polymer_sensitivity_v1-0002-5e32fee9,4760.0,31072.681640625,160382768.0,6.065917491912842,53926.94921875,264.54913330078125,0.0053825741633772,150.0,714000.0,0.0328269451856613,276.316162109375,0.5,150
polymer_sensitivity_v1-0002-5e32fee9,4860.0,31068.646484375,163489632.0,6.099557399749756,54536.90234375,264.6018981933594,0.0054314481094479,150.0,729000.0,0.0333103537559509,279.6471862792969,0.5,150
polymer_sensitivity_v1-0002-5e32fee9,4960.0,31071.53515625,166596800.0,6.135332107543945,55150.4375,264.6539306640625,0.0054807933047413,150.0,744000.0,0.0338118039071559,283.0283508300781,0.5,150
polymer_sensitivity_v1-0002-5e32fee9,5060.0,31083.994140625,169705184.0,6.173748970031738,55767.8125,264.70379638671875,0.0055306651629507,150.0,759000.0,0.0343348309397697,286.4618530273437,0.5,150
polymer_sensitivity_v1-0002-5e32fee9,5160.0,31100.87109375,172815280.0,6.214023113250732,56389.21484375,264.7509155273437,0.0055811484344303,150.0,774000.0,0.0348760373890399,289.949462890625,0.5,150
polymer_sensitivity_v1-0002-5e32fee9,5260.0,31109.025390625,175926176.0,6.253820896148682,57014.59765625,264.7965087890625,0.0056323469616472,150.0,789000.0,0.0354232043027877,293.49176025390625,0.5,150
polymer_sensitivity_v1-0002-5e32fee9,5360.0,31106.48046875,179036832.0,6.293049812316895,57643.90234375,264.84197998046875,0.0056843785569071,150.0,804000.0,0.0359765812754631,297.08941650390625,0.5,150
polymer_sensitivity_v1-0002-5e32fee9,5460.0,31084.30859375,182145264.0,6.329897403717041,58276.890625,264.8902893066406,0.0057373642921447,150.0,819000.0,0.0365264937281608,300.7420654296875,0.5,150
polymer_sensitivity_v1-0002-5e32fee9,5560.0,31053.802734375,185250640.0,6.366862773895264,58913.578125,264.94256591796875,0.0057914392091333,150.0,834000.0,0.0370880924165248,304.4508972167969,0.5,150
polymer_sensitivity_v1-0002-5e32fee9,5660.0,31027.5546875,188353392.0,6.406640529632568,59554.2421875,264.99822998046875,0.0058467402122914,150.0,849000.0,0.0376782566308975,308.2187194824219,0.5,150
polymer_sensitivity_v1-0002-5e32fee9,5760.0,31010.06640625,191454400.0,6.450286865234375,60199.26953125,265.05596923828125,0.0059034191071987,150.0,864000.0,0.0383048765361309,312.0491943359375,0.5,150
polymer_sensitivity_v1-0002-5e32fee9,5860.0,31011.33203125,194555536.0,6.500124931335449,60849.28125,265.1128845214844,0.0059614973142743,150.0,879000.0,0.0389828719198703,315.9474792480469,0.5,150
polymer_sensitivity_v1-0002-5e32fee9,5960.0,31005.447265625,197656080.0,6.550843715667725,61504.3671875,265.169921875,0.0060210013762116,150.0,894000.0,0.0396815612912178,319.9156494140625,0.5,150
polymer_sensitivity_v1-0002-5e32fee9,6060.0,31004.8203125,200756560.0,6.605077266693115,62164.875,265.2262268066406,0.006082406733185,150.0,909000.0,0.0404206216335296,323.95770263671875,0.5,150
polymer_sensitivity_v1-0002-5e32fee9,6160.0,30981.96484375,203854752.0,6.657421588897705,62830.6171875,265.2851867675781,0.006145897321403,150.0,924000.0,0.041168849915266,328.0745849609375,0.5,150
polymer_sensitivity_v1-0002-5e32fee9,6260.0,30960.80859375,206950848.0,6.7146830558776855,63502.0859375,265.3464050292969,0.0062117422930896,150.0,939000.0,0.0419705919921398,332.2716369628906,0.5,150
polymer_sensitivity_v1-0002-5e32fee9,6360.0,30933.923828125,210044240.0,6.77579402923584,64179.6640625,265.41064453125,0.0062802308239042,150.0,954000.0,0.0428224876523017,336.55389404296875,0.5,150
polymer_sensitivity_v1-0002-5e32fee9,6460.0,30892.236328125,213133456.0,6.838795185089111,64863.54296875,265.48028564453125,0.0063516721129417,150.0,969000.0,0.043715450912714,340.9254455566406,0.5,150
polymer_sensitivity_v1-0002-5e32fee9,6560.0,30850.927734375,216218544.0,6.906116485595703,65554.15625,265.5577697753906,0.0064263804815709,150.0,984000.0,0.0446683913469314,345.39227294921875,0.5,150
polymer_sensitivity_v1-0002-5e32fee9,6660.0,30793.890625,219297936.0,6.976914405822754,66251.84375,265.64501953125,0.0065047689713537,150.0,999000.0,0.0456803552806377,349.9603271484375,0.5,150
polymer_sensitivity_v1-0002-5e32fee9,6760.0,30711.2265625,222369056.0,7.053063869476318,66957.15625,265.7441101074219,0.0065854843705892,150.0,1014000.0,0.0467557497322559,354.6358947753906,0.5,150
polymer_sensitivity_v1-0002-5e32fee9,6860.0,30622.708984375,225431328.0,7.137632369995117,67670.9140625,265.8556213378906,0.0066688968800008,150.0,1029000.0,0.0479197092354297,359.4278564453125,0.5,150
polymer_sensitivity_v1-0002-5e32fee9,6960.0,30551.33203125,228486464.0,7.235222339630127,68394.4375,265.9769592285156,0.006755743175745,150.0,1044000.0,0.0492117665708065,364.3490295410156,0.5,150
polymer_sensitivity_v1-0002-5e32fee9,7060.0,30463.857421875,231532848.0,7.340709209442139,69128.5078125,266.1103210449219,0.0068464106880128,150.0,1059000.0,0.0506039634346962,369.409423828125,0.5,150
polymer_sensitivity_v1-0002-5e32fee9,7160.0,30353.236328125,234568176.0,7.457953929901123,69874.3046875,266.259033203125,0.0069425366818904,150.0,1074000.0,0.0521390996873378,374.6233520507813,0.5,150
polymer_sensitivity_v1-0002-5e32fee9,7260.0,30264.04296875,237594576.0,7.599617004394531,70634.265625,266.4188537597656,0.0070452927611768,150.0,1089000.0,0.0539214164018631,380.0155029296875,0.5,150
polymer_sensitivity_v1-0002-5e32fee9,7360.0,30195.296875,240614112.0,7.767241477966309,71410.9921875,266.58624267578125,0.0071559478528797,150.0,1104000.0,0.0559825859963893,385.6137390136719,0.5,150
polymer_sensitivity_v1-0002-5e32fee9,7460.0,30100.95703125,243624208.0,7.956994533538818,72206.6875,266.7641906738281,0.0072760446928441,150.0,1119000.0,0.0583197847008705,391.44573974609375,0.5,150
polymer_sensitivity_v1-0002-5e32fee9,7560.0,30005.787109375,246624784.0,8.176301956176758,73024.3203125,266.95269775390625,0.007407437544316,150.0,1134000.0,0.0610174275934696,397.5474548339844,0.5,150
polymer_sensitivity_v1-0002-5e32fee9,7660.0,29938.654296875,249618656.0,8.439559936523438,73868.2734375,267.1460266113281,0.0075516225770115,150.0,1149000.0,0.0642173141241073,403.9692077636719,0.5,150
polymer_sensitivity_v1-0002-5e32fee9,7760.0,29864.919921875,252605136.0,8.747602462768555,74743.0390625,267.3440246582031,0.0077114263549447,150.0,1164000.0,0.0679807215929031,410.7672729492188,0.5,150
polymer_sensitivity_v1-0002-5e32fee9,7860.0,29822.2109375,255587360.0,9.11212921142578,75654.25,267.54052734375,0.0078912442550063,150.0,1179000.0,0.0724779739975929,418.01507568359375,0.5,150
polymer_sensitivity_v1-0002-5e32fee9,7960.0,29702.875,258557648.0,9.53510570526123,76607.7578125,267.7467041015625,0.0080948192626237,150.0,1194000.0,0.0778148546814918,425.7965698242188,0.5,150
polymer_sensitivity_v1-0002-5e32fee9,8060.0,29627.890625,261520432.0,10.055439949035645,77613.3046875,267.95245361328125,0.0083233872428536,150.0,1209000.0,0.0843977928161621,434.236328125,0.5,150
polymer_sensitivity_v1-0002-5e32fee9,8160.0,29458.44140625,264466288.0,10.67774772644043,78681.078125,268.1704406738281,0.008579671382904,150.0,1224000.0,0.0924043655395507,443.4767761230469,0.5,150
polymer_sensitivity_v1-0002-5e32fee9,8260.0,29216.44921875,267387920.0,11.4563627243042,79826.71875,268.4090881347656,0.0088779143989086,150.0,1239000.0,0.1026196554303169,453.7387390136719,0.5,150
polymer_sensitivity_v1-0002-5e32fee9,8360.0,28949.44140625,270282880.0,12.461736679077148,81072.890625,268.6669921875,0.0092575065791606,150.0,1254000.0,0.1164425760507583,465.3829956054688,0.5,150
polymer_sensitivity_v1-0002-5e32fee9,8460.0,28627.60546875,273145632.0,13.785614013671877,82451.453125,268.9501037597656,0.009875813499093,150.0,1269000.0,0.1375021040439605,479.1332092285156,0.5,150
polymer_sensitivity_v1-0002-5e32fee9,8560.0,28258.126953125,275971456.0,15.528046607971191,84004.2578125,269.2508239746094,0.0106986816972494,150.0,1284000.0,0.1679262220859527,495.92584228515625,0.5,150
polymer_sensitivity_v1-0002-5e32fee9,8660.0,27812.640625,278752704.0,17.83531379699707,85787.7890625,269.56414794921875,0.0117959538474679,150.0,1299000.0,0.2128958404064178,517.2153930664062,0.5,150
polymer_sensitivity_v1-0002-5e32fee9,8760.0,27311.232421875,281483840.0,20.83777618408203,87871.5625,269.8797302246094,0.0132544916123151,150.0,1314000.0,0.2799041271209717,545.205810546875,0.5,150
polymer_sensitivity_v1-0002-5e32fee9,8860.0,26709.345703125,284154752.0,24.9343204498291,90365.0,270.1830444335937,0.0150716714560985,150.0,1329000.0,0.381552517414093,583.361083984375,0.5,150
polymer_sensitivity_v1-0002-5e32fee9,8960.0,25737.078125,286728480.0,31.26751518249512,93491.75,270.47265625,0.0170396529138088,150.0,1344000.0,0.5420234799385071,637.5634155273438,0.5,150
polymer_sensitivity_v1-0002-5e32fee9,9060.0,24219.58203125,289150432.0,41.20393371582031,97612.140625,270.739990234375,0.0186969060450792,150.0,1359000.0,0.7850643992424011,716.0698852539062,0.5,150
polymer_sensitivity_v1-0002-5e32fee9,9160.0,22170.98828125,291367520.0,54.39772415161133,103051.9140625,270.9820861816406,0.0203413777053356,150.0,1374000.0,1.1295002698898315,829.0198974609375,0.5,150
polymer_sensitivity_v1-0002-5e32fee9,9260.0,20236.091796875,293391136.0,67.04586029052734,109756.5,271.19122314453125,0.0227044411003589,150.0,1389000.0,1.557603359222412,984.7802124023438,0.5,150
polymer_sensitivity_v1-0002-5e32fee9,9360.0,18657.384765625,295256864.0,77.15647888183594,117472.1484375,271.3736572265625,0.0257943421602249,150.0,1404000.0,2.042895793914795,1189.06982421875,0.5,150
polymer_sensitivity_v1-0002-5e32fee9,9460.0,17621.953125,297019072.0,83.60652923583984,125832.796875,271.5352478027344,0.0299799554049968,150.0,1419000.0,2.5839879512786865,1447.4686279296875,0.5,150
polymer_sensitivity_v1-0002-5e32fee9,9560.0,16774.3515625,298696512.0,88.48746490478516,134681.546875,271.680419921875,0.0359530821442604,150.0,1434000.0,3.300043821334839,1777.4730224609375,0.5,150
polymer_sensitivity_v1-0002-5e32fee9,9660.0,16183.2373046875,300314848.0,91.65281677246094,143846.828125,271.8074951171875,0.0432908721268177,150.0,1449000.0,4.147269248962402,2192.199951171875,0.5,150
polymer_sensitivity_v1-0002-5e32fee9,9760.0,15838.5576171875,301898688.0,92.93734741210938,153140.5625,271.9189453125,0.0528178624808788,150.0,1464000.0,5.1824798583984375,2710.447998046875,0.5,150
polymer_sensitivity_v1-0002-5e32fee9,9860.0,15478.3515625,303446528.0,93.75617218017578,162516.1875,272.02362060546875,0.064099483191967,150.0,1479000.0,6.421325206756592,3352.58056640625,0.5,150
polymer_sensitivity_v1-0002-5e32fee9,9960.0,15110.5400390625,304957568.0,94.16102600097656,171932.28125,272.1246032714844,0.077534295618534,150.0,1494000.0,7.914341926574707,4144.0146484375,0.5,150
polymer_sensitivity_v1-0002-5e32fee9,10060.0,14751.634765625,306432736.0,94.22540283203124,181354.828125,272.2208251953125,0.0928906127810478,150.0,1509000.0,9.64895248413086,5108.90966796875,0.5,150
polymer_sensitivity_v1-0002-5e32fee9,10160.0,14389.1904296875,307871648.0,93.87413787841795,190742.234375,272.3168334960937,0.1099140122532844,150.0,1524000.0,11.59223175048828,6268.1328125,0.5,150
polymer_sensitivity_v1-0002-5e32fee9,10260.0,14028.1044921875,309274464.0,93.22917938232422,200065.15625,272.4109802246094,0.1287478059530258,150.0,1539000.0,13.776782989501951,7645.8115234375,0.5,150
polymer_sensitivity_v1-0002-5e32fee9,10360.0,13672.1484375,310641696.0,92.27467346191406,209292.625,272.5057678222656,0.1486598700284958,150.0,1554000.0,16.112878799438477,9257.099609375,0.5,150
polymer_sensitivity_v1-0002-5e32fee9,10460.0,13323.8828125,311974080.0,91.1718978881836,218409.8125,272.5957946777344,0.1698659062385559,150.0,1569000.0,18.6560173034668,11122.701171875,0.5,150
polymer_sensitivity_v1-0002-5e32fee9,10560.0,12986.7568359375,313272736.0,89.9234390258789,227402.15625,272.68218994140625,0.1909769475460052,150.0,1584000.0,21.22721290588379,13245.421875,0.5,150
polymer_sensitivity_v1-0002-5e32fee9,10660.0,12657.3388671875,314538496.0,88.4923324584961,236251.390625,272.7669677734375,0.2122897356748581,150.0,1599000.0,23.848886489868164,15630.310546875,0.5,150
polymer_sensitivity_v1-0002-5e32fee9,10760.0,12359.6103515625,315774432.0,86.88613891601562,244940.0,272.84698486328125,0.2339335978031158,150.0,1614000.0,26.53240776062012,18283.552734375,0.5,150
polymer_sensitivity_v1-0002-5e32fee9,10860.0,12108.15625,316985248.0,85.09064483642578,253449.0625,272.9211120605469,0.2552822232246399,150.0,1629000.0,29.168272018432617,21200.37890625,0.5,150
polymer_sensitivity_v1-0002-5e32fee9,10960.0,11848.7685546875,318170144.0,83.40911865234375,261789.984375,272.98797607421875,0.275926411151886,150.0,1644000.0,31.78513526916504,24378.892578125,0.5,150
polymer_sensitivity_v1-0003-8cd10086,1.0,1531513.625,1531513.625,438.4772033691406,438.4772033691406,271.0368347167969,0.0037272712215781,200.0,200.0,1.6404377222061155,1.6404377222061155,0.5,200
polymer_sensitivity_v1-0003-8cd10086,2.0,731013.0,2262526.75,186.0404052734375,624.517578125,270.6705017089844,0.0037339909467846,200.0,400.0,0.6972768306732178,2.337714672088623,0.5,200
polymer_sensitivity_v1-0003-8cd10086,3.0,540558.0625,2803084.75,122.6789779663086,747.1965942382812,270.3883972167969,0.0037016926798969,200.0,600.0,0.4558071494102478,2.7935216426849365,0.5,200
polymer_sensitivity_v1-0003-8cd10086,4.0,451528.75,3254613.5,96.92698669433594,844.1235961914062,270.130126953125,0.0036828750744462,200.0,800.0,0.358289510011673,3.151811122894287,0.5,200
polymer_sensitivity_v1-0003-8cd10086,5.0,398244.5625,3652858.0,82.8184585571289,926.9420166015624,269.89471435546875,0.0036711068823933,200.0,1000.0,0.3051556944847107,3.4569668769836426,0.5,200
polymer_sensitivity_v1-0003-8cd10086,6.0,362100.125,4014958.25,73.69921875,1000.6412353515624,269.6806335449219,0.0036624679341912,200.0,1200.0,0.2709132134914398,3.7278802394866943,0.5,200
polymer_sensitivity_v1-0003-8cd10086,7.0,335667.1875,4350625.5,67.2410659790039,1067.88232421875,269.4832763671875,0.0036555943079292,200.0,1400.0,0.2467079162597656,3.97458815574646,0.5,200
polymer_sensitivity_v1-0003-8cd10086,8.0,315306.71875,4665932.0,62.39767074584961,1130.280029296875,269.3010559082031,0.0036499525886029,200.0,1600.0,0.2285828590393066,4.203170776367188,0.5,200
polymer_sensitivity_v1-0003-8cd10086,9.0,298944.46875,4964876.5,58.60603332519531,1188.885986328125,269.1296081542969,0.0036452841013669,200.0,1800.0,0.2144172489643097,4.417588233947754,0.5,200
polymer_sensitivity_v1-0003-8cd10086,10.0,285349.125,5250225.5,55.53570938110352,1244.4217529296875,268.9677124023437,0.0036413958296179,200.0,2000.0,0.2029665857553482,4.620554924011231,0.5,200
polymer_sensitivity_v1-0003-8cd10086,13.0,256851.796875,6020781.0,49.46139144897461,1392.805908203125,268.5398864746094,0.0036340449005365,200.0,2600.0,0.1804005056619644,5.161756038665772,0.5,200
polymer_sensitivity_v1-0003-8cd10086,15.0,241462.796875,6503706.5,46.25680923461914,1485.319580078125,268.2826232910156,0.0036297738552093,200.0,3000.0,0.1685134321451187,5.498783111572266,0.5,200
polymer_sensitivity_v1-0003-8cd10086,20.0,213677.46875,7572094.0,40.77333068847656,1689.1861572265625,267.75244140625,0.0036225977819412,200.0,4000.0,0.1482424139976501,6.239995002746582,0.5,200
polymer_sensitivity_v1-0003-8cd10086,25.0,192165.15625,8532920.0,36.09188079833984,1869.6456298828125,267.3116149902344,0.003609757637605,200.0,5000.0,0.1307549327611923,6.89376974105835,0.5,200
polymer_sensitivity_v1-0003-8cd10086,30.0,174656.734375,9406204.0,32.281028747558594,2031.05078125,266.9314270019531,0.0035967817530035,200.0,6000.0,0.1165269315242767,7.476404666900635,0.5,200
polymer_sensitivity_v1-0003-8cd10086,35.0,159929.015625,10205849.0,29.12628746032715,2176.68212890625,266.5997314453125,0.0035844431258738,200.0,7000.0,0.1047770828008651,8.000289916992188,0.5,200
polymer_sensitivity_v1-0003-8cd10086,40.0,147300.203125,10942350.0,26.45335578918457,2308.948974609375,266.3124389648437,0.0035725189372897,200.0,8000.0,0.0948439463973045,8.474509239196777,0.5,200
polymer_sensitivity_v1-0003-8cd10086,45.0,136365.859375,11624179.0,24.158315658569336,2429.740478515625,266.0591735839844,0.0035608657635748,200.0,9000.0,0.0863319411873817,8.906168937683105,0.5,200
polymer_sensitivity_v1-0003-8cd10086,50.0,126840.3984375,12258381.0,22.169095993041992,2540.5859375,265.8335876464844,0.0035493769682943,200.0,10000.0,0.0789667591452598,9.301003456115724,0.5,200
polymer_sensitivity_v1-0003-8cd10086,55.0,118469.109375,12850726.0,20.37686920166016,2642.470458984375,265.6322937011719,0.0035368534736335,200.0,11000.0,0.0723258033394813,9.66263198852539,0.5,200
polymer_sensitivity_v1-0003-8cd10086,60.0,111232.609375,13406889.0,18.52604866027832,2735.1005859375,265.4513854980469,0.0035168372560292,200.0,12000.0,0.0653830394148826,9.989547729492188,0.5,200
polymer_sensitivity_v1-0003-8cd10086,70.0,99566.8671875,14402558.0,15.09877872467041,2886.08837890625,265.1507263183594,0.0034621087834239,200.0,14000.0,0.0524552203714847,10.514100074768066,0.5,200
polymer_sensitivity_v1-0003-8cd10086,80.0,89984.890625,15302407.0,12.120317459106444,3007.29150390625,264.9010314941406,0.0033920374698936,200.0,16000.0,0.041252501308918,10.926624298095703,0.5,200
polymer_sensitivity_v1-0003-8cd10086,100.0,76594.2109375,16834292.0,7.939305782318115,3166.07763671875,264.54656982421875,0.0032225048635154,200.0,20000.0,0.0256671626120805,11.43996810913086,0.5,200
polymer_sensitivity_v1-0003-8cd10086,120.0,67491.59375,18184124.0,4.939497470855713,3264.86767578125,264.28594970703125,0.0029485989362001,200.0,24000.0,0.0146076688542962,11.732121467590332,0.5,200
polymer_sensitivity_v1-0003-8cd10086,140.0,60993.3046875,19403990.0,3.2209789752960205,3329.287109375,264.09356689453125,0.0026224695611745,200.0,28000.0,0.0084691289812326,11.901503562927246,0.5,200
polymer_sensitivity_v1-0003-8cd10086,160.0,58060.265625,20565194.0,36.81756591796875,4065.638427734375,263.84869384765625,0.0038192840293049,200.0,32000.0,0.141155868768692,14.724620819091797,0.5,200
polymer_sensitivity_v1-0003-8cd10086,180.0,48915.75,21543510.0,2.583040237426758,4117.29931640625,263.7991943359375,0.0026389076374471,200.0,36000.0,0.0068344399333,14.861310005187988,0.5,200
polymer_sensitivity_v1-0003-8cd10086,200.0,51628.80859375,22576086.0,31.39850807189941,4745.26953125,263.6367492675781,0.0039041466079652,200.0,40000.0,0.1230648383498191,17.322607040405273,0.5,200
polymer_sensitivity_v1-0003-8cd10086,220.0,43884.0703125,23453768.0,2.317290544509888,4791.615234375,263.64373779296875,0.0026527340523898,200.0,44000.0,0.0061635058373212,17.445877075195312,0.5,200
polymer_sensitivity_v1-0003-8cd10086,240.0,48218.4140625,24418136.0,28.94480323791504,5370.51123046875,263.5238037109375,0.0040058698505163,200.0,48000.0,0.1164154708385467,19.77418708801269,0.5,200
polymer_sensitivity_v1-0003-8cd10086,260.0,41220.27734375,25242540.0,2.1765973567962646,5414.04345703125,263.5603942871094,0.0026646954938769,200.0,52000.0,0.0058154654689133,19.89049530029297,0.5,200
polymer_sensitivity_v1-0003-8cd10086,280.0,46317.50390625,26168890.0,27.511058807373047,5964.2646484375,263.4642333984375,0.0041119451634585,200.0,56000.0,0.1135910376906395,22.162315368652344,0.5,200
polymer_sensitivity_v1-0003-8cd10086,300.0,39769.375,26964278.0,2.099900484085083,6006.2626953125,263.5168762207031,0.0026751232799142,200.0,60000.0,0.0056325607001781,22.27496719360352,0.5,200
polymer_sensitivity_v1-0003-8cd10086,320.0,45239.01171875,27869058.0,26.63433837890625,6538.94921875,263.4345092773437,0.0042181457392871,200.0,64000.0,0.1128234192728996,24.531435012817383,0.5,200
polymer_sensitivity_v1-0003-8cd10086,340.0,38974.38671875,28648546.0,2.0579545497894287,6580.1083984375,263.4959411621094,0.0026844050735235,200.0,68000.0,0.0055392533540725,24.642221450805664,0.5,200
polymer_sensitivity_v1-0003-8cd10086,360.0,44607.59375,29540698.0,26.07302665710449,7101.56884765625,263.421875,0.0043222843669354,200.0,72000.0,0.113184243440628,26.905906677246094,0.5,200
polymer_sensitivity_v1-0003-8cd10086,380.0,38539.3125,30311484.0,2.0349841117858887,7142.2685546875,263.4883728027344,0.0026926691643893,200.0,76000.0,0.0054943333379924,27.015792846679688,0.5,200
polymer_sensitivity_v1-0003-8cd10086,400.0,44220.53125,31195896.0,25.70563125610352,7656.38134765625,263.4194641113281,0.0044219163246452,200.0,80000.0,0.1141730174422264,29.29925346374512,0.5,200
polymer_sensitivity_v1-0003-8cd10086,420.0,38294.1171875,31961778.0,2.022061824798584,7696.822265625,263.4888000488281,0.0027001372072845,200.0,84000.0,0.0054746260866522,29.40874481201172,0.5,200
polymer_sensitivity_v1-0003-8cd10086,440.0,43969.8125,32841174.0,25.482929229736328,8206.4814453125,263.4233093261719,0.0045103495940566,200.0,88000.0,0.115457683801651,31.71789932250977,0.5,200
polymer_sensitivity_v1-0003-8cd10086,460.0,38162.703125,33604428.0,2.015122175216675,8246.783203125,263.4943542480469,0.0027069479692727,200.0,92000.0,0.0054696374572813,31.82729148864746,0.5,200
polymer_sensitivity_v1-0003-8cd10086,480.0,43782.5390625,34480080.0,25.34012222290039,8753.5859375,263.4316101074219,0.0045957793481647,200.0,96000.0,0.1169952973723411,34.167198181152344,0.5,200
polymer_sensitivity_v1-0003-8cd10086,490.0,35870.80078125,34838788.0,1.8940964937210083,8772.52734375,263.4840393066406,0.0027029362972825,200.0,98000.0,0.0051334975287318,34.21853256225586,0.5,200
polymer_sensitivity_v1-0003-8cd10086,500.0,44508.48046875,35283872.0,29.55505752563477,9068.0771484375,263.4422912597656,0.0046861646696925,200.0,100000.0,0.1391519457101822,35.61005401611328,0.5,200
polymer_sensitivity_v1-0003-8cd10086,520.0,38297.9765625,36049832.0,2.0222668647766118,9108.5224609375,263.5125427246094,0.0027153957635164,200.0,104000.0,0.0055062058381736,35.720176696777344,0.5,200
polymer_sensitivity_v1-0003-8cd10086,530.0,44845.66015625,36498288.0,31.04586601257324,9418.9814453125,263.46502685546875,0.0047570057213306,200.0,106000.0,0.1483912616968155,37.2040901184082,0.5,200
polymer_sensitivity_v1-0003-8cd10086,540.0,36628.88671875,36864576.0,1.934131145477295,9438.3232421875,263.51251220703125,0.0027175457216799,200.0,108000.0,0.0052704126574099,37.25679397583008,0.5,200
polymer_sensitivity_v1-0003-8cd10086,560.0,43438.203125,37733340.0,24.43944358825684,9927.111328125,263.4556579589844,0.0047771334648132,200.0,112000.0,0.1173108890652656,39.60301208496094,0.5,200
polymer_sensitivity_v1-0003-8cd10086,580.0,38070.8828125,38494760.0,2.0102808475494385,9967.3173828125,263.5301208496094,0.002722137607634,200.0,116000.0,0.005487198010087,39.71275329589844,0.5,200
polymer_sensitivity_v1-0003-8cd10086,600.0,43433.671875,39363432.0,24.56304168701172,10458.578125,263.4716491699219,0.0048396191559731,200.0,120000.0,0.119453877210617,42.10183334350586,0.5,200
polymer_sensitivity_v1-0003-8cd10086,620.0,38150.22265625,40126436.0,2.014472723007202,10498.8671875,263.54638671875,0.0027261986397206,200.0,124000.0,0.0055068656802177,42.21197128295898,0.5,200
polymer_sensitivity_v1-0003-8cd10086,640.0,43368.64453125,40993808.0,24.45695304870605,10988.0068359375,263.4883117675781,0.0048910090699791,200.0,128000.0,0.1202071160078048,44.61611175537109,0.5,200
polymer_sensitivity_v1-0003-8cd10086,660.0,38187.8984375,41757568.0,2.016463279724121,11028.3359375,263.56329345703125,0.0027299728244543,200.0,132000.0,0.0055199596099555,44.72651290893555,0.5,200
polymer_sensitivity_v1-0003-8cd10086,680.0,43292.484375,42623416.0,24.449115753173828,11517.318359375,263.5054931640625,0.0049358331598341,200.0,136000.0,0.12127535790205,47.15201950073242,0.5,200
polymer_sensitivity_v1-0003-8cd10086,700.0,38202.5390625,43387468.0,2.0172362327575684,11557.6630859375,263.5811767578125,0.0027337186038494,200.0,140000.0,0.0055296728387475,47.26261138916016,0.5,200
polymer_sensitivity_v1-0003-8cd10086,720.0,43210.73828125,44251684.0,24.535518646240234,12048.373046875,263.5231628417969,0.0049749221652746,200.0,144000.0,0.1226725801825523,49.716064453125,0.5,200
polymer_sensitivity_v1-0003-8cd10086,740.0,38207.6953125,45015836.0,2.017507314682007,12088.7236328125,263.5994567871094,0.0027376387733966,200.0,148000.0,0.0055383681319653,49.82683181762695,0.5,200
polymer_sensitivity_v1-0003-8cd10086,760.0,43139.11328125,45878620.0,24.7141056060791,12583.005859375,263.5409851074219,0.0050090663135051,200.0,152000.0,0.1244178041815757,52.315185546875,0.5,200
polymer_sensitivity_v1-0003-8cd10086,780.0,38225.59765625,46643132.0,2.018450975418091,12623.375,263.6181030273437,0.002741907723248,200.0,156000.0,0.0055496226996183,52.426177978515625,0.5,200
polymer_sensitivity_v1-0003-8cd10086,800.0,43085.21484375,47504836.0,24.954984664916992,13122.474609375,263.5584411621094,0.0050386046059429,200.0,160000.0,0.1263750493526458,54.95368194580078,0.5,200
polymer_sensitivity_v1-0003-8cd10086,820.0,38266.3515625,48270160.0,2.0206005573272705,13162.88671875,263.63720703125,0.0027467003092169,200.0,164000.0,0.005565270781517,55.06498718261719,0.5,200
polymer_sensitivity_v1-0003-8cd10086,840.0,43011.5703125,49130392.0,25.196935653686523,13666.8251953125,263.5757141113281,0.0050633787177503,200.0,168000.0,0.1282308995723724,57.62960433959961,0.5,200
polymer_sensitivity_v1-0003-8cd10086,860.0,38287.453125,49896144.0,2.021712064743042,13707.2587890625,263.6562194824219,0.0027521236333996,200.0,172000.0,0.0055793561041355,57.74119186401367,0.5,200
polymer_sensitivity_v1-0003-8cd10086,880.0,42934.47265625,50754832.0,25.48753929138184,14217.009765625,263.5931396484375,0.005084550473839,200.0,176000.0,0.1302549690008163,60.346290588378906,0.5,200
polymer_sensitivity_v1-0003-8cd10086,900.0,38293.23046875,51520696.0,2.022013664245605,14257.4501953125,263.67547607421875,0.0027582771144807,200.0,180000.0,0.0055927000939846,60.45814514160156,0.5,200
polymer_sensitivity_v1-0003-8cd10086,920.0,42853.6875,52377772.0,25.821447372436523,14773.87890625,263.6112060546875,0.0051024951972067,200.0,184000.0,0.1324295252561569,63.10673522949219,0.5,200
polymer_sensitivity_v1-0003-8cd10086,940.0,38303.63671875,53143844.0,2.022559404373169,14814.330078125,263.6962280273437,0.0027652373537421,200.0,188000.0,0.0056083649396896,63.21890258789063,0.5,200
polymer_sensitivity_v1-0003-8cd10086,960.0,42786.6015625,53999576.0,26.20022201538086,15338.3349609375,263.6310119628906,0.0051177428103983,200.0,192000.0,0.1347757428884506,65.91441345214844,0.5,200
polymer_sensitivity_v1-0003-8cd10086,980.0,38320.53125,54765984.0,2.023447275161743,15378.8037109375,263.7191162109375,0.0027730776928365,200.0,196000.0,0.0056267799809575,66.0269546508789,0.5,200
polymer_sensitivity_v1-0003-8cd10086,1000.0,42724.7109375,55620480.0,26.621007919311523,15911.2236328125,263.6523742675781,0.0051306220702826,200.0,200000.0,0.1372866928577423,68.77268981933594,0.5,200
polymer_sensitivity_v1-0003-8cd10086,1020.0,38360.90234375,56387696.0,2.0255746841430664,15951.7353515625,263.74237060546875,0.0027818465605378,200.0,204000.0,0.0056505566462874,68.88569641113281,0.5,200
polymer_sensitivity_v1-0003-8cd10086,1040.0,42686.07421875,57241420.0,27.04742431640625,16492.68359375,263.6727600097656,0.0051413318142294,200.0,208000.0,0.1397784352302551,71.68126678466797,0.5,200
polymer_sensitivity_v1-0003-8cd10086,1060.0,38387.34765625,58009168.0,2.0269668102264404,16533.22265625,263.7640686035156,0.0027915467508137,200.0,212000.0,0.0056742122396826,71.79475402832031,0.5,200
polymer_sensitivity_v1-0003-8cd10086,1080.0,42640.92578125,58861984.0,27.47644424438477,17082.751953125,263.692138671875,0.0051509127952158,200.0,216000.0,0.1422615498304367,74.63998413085938,0.5,200
polymer_sensitivity_v1-0003-8cd10086,1100.0,38406.70703125,59630120.0,2.027987241744995,17123.3125,263.7847900390625,0.0028019140008836,200.0,220000.0,0.0056982114911079,74.75394439697266,0.5,200
polymer_sensitivity_v1-0003-8cd10086,1120.0,42599.9921875,60482120.0,27.80887222290039,17679.490234375,263.7110900878906,0.0051577556878328,200.0,224000.0,0.1441749930381775,77.63744354248047,0.5,200
polymer_sensitivity_v1-0003-8cd10086,1140.0,38429.3828125,61250708.0,2.0291826725006104,17720.072265625,263.80450439453125,0.0028128020931035,200.0,228000.0,0.0057237888686358,77.75192260742188,0.5,200
polymer_sensitivity_v1-0003-8cd10086,1160.0,42568.234375,62102072.0,28.08924102783203,18281.857421875,263.7294616699219,0.005162029992789,200.0,232000.0,0.1457498669624328,80.66691589355469,0.5,200
polymer_sensitivity_v1-0003-8cd10086,1180.0,38443.7421875,62870944.0,2.0299386978149414,18322.45703125,263.823974609375,0.00282414839603,200.0,236000.0,0.005749084521085,80.78189849853516,0.5,200
polymer_sensitivity_v1-0003-8cd10086,1200.0,42523.859375,63721424.0,28.36838150024414,18889.82421875,263.7479248046875,0.0051644006744027,200.0,240000.0,0.1472662389278412,83.72722625732422,0.5,200
polymer_sensitivity_v1-0003-8cd10086,1220.0,38463.03515625,64490684.0,2.0309555530548096,18930.443359375,263.8429870605469,0.0028359489515423,200.0,244000.0,0.0057760667987167,83.84274291992188,0.5,200
polymer_sensitivity_v1-0003-8cd10086,1240.0,42505.15625,65340788.0,28.641605377197266,19503.275390625,263.7657165527344,0.0051649678498506,200.0,248000.0,0.1487009972333908,86.81676483154297,0.5,200
polymer_sensitivity_v1-0003-8cd10086,1260.0,38499.15625,66110772.0,2.0328609943389893,19543.93359375,263.86151123046875,0.0028481918852776,200.0,252000.0,0.0058065163902938,86.93289947509766,0.5,200
polymer_sensitivity_v1-0003-8cd10086,1285.0,42205.203125,67165904.0,27.57318687438965,20233.26171875,263.77783203125,0.005158491898328,200.0,257000.0,0.1429735869169235,90.50723266601562,0.5,200
polymer_sensitivity_v1-0003-8cd10086,1310.0,38894.81640625,68138272.0,2.053750514984131,20284.60546875,263.8875427246094,0.0028647577855736,200.0,262000.0,0.0059004011563956,90.65474700927734,0.5,200
polymer_sensitivity_v1-0003-8cd10086,1335.0,42200.90625,69193296.0,28.072933197021484,20986.4296875,263.8000183105469,0.0051450957544147,200.0,267000.0,0.1451849341392517,94.28437042236328,0.5,200
polymer_sensitivity_v1-0003-8cd10086,1360.0,38939.9140625,70166792.0,2.056128740310669,21037.83203125,263.90936279296875,0.0028821600135415,200.0,272000.0,0.0059432215057313,94.43295288085938,0.5,200
polymer_sensitivity_v1-0003-8cd10086,1385.0,42169.85546875,71221040.0,28.434646606445312,21748.69921875,263.8200988769531,0.0051307245157659,200.0,277000.0,0.1466427147388458,98.0990219116211,0.5,200
polymer_sensitivity_v1-0003-8cd10086,1410.0,38980.05859375,72195536.0,2.05824613571167,21800.154296875,263.928955078125,0.0029002903029322,200.0,282000.0,0.0059868744574487,98.24868774414062,0.5,200
polymer_sensitivity_v1-0003-8cd10086,1435.0,42119.0,73248512.0,28.75248908996582,22518.966796875,263.8393249511719,0.0051173367537558,200.0,287000.0,0.1478929817676544,101.94601440429688,0.5,200
polymer_sensitivity_v1-0003-8cd10086,1460.0,38991.51171875,74223304.0,2.0588479042053223,22570.4375,263.94891357421875,0.0029190792702138,200.0,292000.0,0.0060275350697338,102.0967025756836,0.5,200
polymer_sensitivity_v1-0003-8cd10086,1485.0,42047.53125,75274488.0,29.045488357543945,23296.576171875,263.8598937988281,0.0051054307259619,200.0,297000.0,0.149050697684288,105.82296752929688,0.5,200
polymer_sensitivity_v1-0003-8cd10086,1510.0,38982.01953125,76249040.0,2.0583438873291016,23348.033203125,263.9701843261719,0.002938476158306,200.0,302000.0,0.0060662198811769,105.97462463378906,0.5,200
polymer_sensitivity_v1-0003-8cd10086,1535.0,41967.2734375,77298224.0,29.322790145874023,24081.103515625,263.8816833496094,0.0050954464823007,200.0,307000.0,0.150177925825119,109.72907257080078,0.5,200
polymer_sensitivity_v1-0003-8cd10086,1560.0,38971.99609375,78272520.0,2.057811737060547,24132.548828125,263.9924621582031,0.0029584197327494,200.0,312000.0,0.0061059347353875,109.88172149658205,0.5,200
polymer_sensitivity_v1-0003-8cd10086,1585.0,41914.65625,79320392.0,29.58583068847656,24872.1953125,263.9036560058594,0.0050871772691607,200.0,317000.0,0.15127794444561,113.6636734008789,0.5,200
polymer_sensitivity_v1-0003-8cd10086,1610.0,38964.83984375,80294512.0,2.057431221008301,24923.630859375,264.0152587890625,0.0029788634274154,200.0,322000.0,0.0061471182852983,113.81735229492188,0.5,200
polymer_sensitivity_v1-0003-8cd10086,1635.0,41873.37109375,81341344.0,29.82133674621582,25669.1640625,263.9261779785156,0.0050789196975529,200.0,327000.0,0.1522333621978759,117.62318420410156,0.5,200
polymer_sensitivity_v1-0003-8cd10086,1660.0,38951.66015625,82315136.0,2.056732654571533,25720.58203125,264.0385131835937,0.0029997511301189,200.0,332000.0,0.0061882496811449,117.77788543701172,0.5,200
polymer_sensitivity_v1-0003-8cd10086,1685.0,41833.859375,83360984.0,30.041921615600582,26471.630859375,263.9489440917969,0.005071725230664,200.0,337000.0,0.1531410664319992,121.60641479492188,0.5,200
polymer_sensitivity_v1-0003-8cd10086,1710.0,38939.55078125,84334472.0,2.056090831756592,26523.033203125,264.0621643066406,0.0030210362747311,200.0,342000.0,0.0062303473241627,121.76217651367188,0.5,200
polymer_sensitivity_v1-0003-8cd10086,1735.0,41805.10546875,85379600.0,30.249860763549805,27279.279296875,263.9718933105469,0.0050668511539697,200.0,347000.0,0.1540521085262298,125.6134796142578,0.5,200
polymer_sensitivity_v1-0003-8cd10086,1760.0,38954.01953125,86353448.0,2.0568528175354004,27330.701171875,264.0859375,0.0030427007004618,200.0,352000.0,0.006277488078922,125.77041625976562,0.5,200
polymer_sensitivity_v1-0003-8cd10086,1785.0,41766.921875,87397624.0,30.407325744628903,28090.8828125,263.99481201171875,0.005063674878329,200.0,357000.0,0.1547564566135406,129.6393280029297,0.5,200
polymer_sensitivity_v1-0003-8cd10086,1810.0,38955.46875,88371512.0,2.056926965713501,28142.306640625,264.1100158691406,0.0030647069215774,200.0,362000.0,0.0063232574611902,129.7974090576172,0.5,200
polymer_sensitivity_v1-0003-8cd10086,1835.0,41717.01953125,89414432.0,30.54650115966797,28905.96875,264.0185241699219,0.005062332842499,200.0,367000.0,0.1554233580827713,133.68299865722656,0.5,200
polymer_sensitivity_v1-0003-8cd10086,1860.0,38959.28125,90388416.0,2.057126045227051,28957.3984375,264.1349182128906,0.0030870260670781,200.0,372000.0,0.0063700666651129,133.8422393798828,0.5,200
polymer_sensitivity_v1-0003-8cd10086,1885.0,41679.88671875,91430416.0,30.680984497070312,29724.421875,264.0425109863281,0.005062686279416,200.0,377000.0,0.1561185866594314,137.74520874023438,0.5,200
polymer_sensitivity_v1-0003-8cd10086,1910.0,38979.390625,92404896.0,2.0581860542297363,29775.876953125,264.1601257324219,0.0031096406746655,200.0,382000.0,0.0064201834611594,137.9057159423828,0.5,200
polymer_sensitivity_v1-0003-8cd10086,1935.0,41636.58203125,93445816.0,30.80126190185547,30545.908203125,264.0670166015625,0.0050645228475332,200.0,387000.0,0.1567877531051635,141.82540893554688,0.5,200
polymer_sensitivity_v1-0003-8cd10086,1960.0,38983.109375,94420392.0,2.058380365371704,30597.3671875,264.1861267089844,0.0031325262971222,200.0,392000.0,0.0064681922085583,141.9871063232422,0.5,200
polymer_sensitivity_v1-0003-8cd10086,1985.0,41576.98046875,95459816.0,30.915016174316406,31370.244140625,264.0928955078125,0.0050679300911724,200.0,397000.0,0.1574732065200805,145.92393493652344,0.5,200
polymer_sensitivity_v1-0003-8cd10086,2010.0,38979.046875,96434288.0,2.058163642883301,31421.697265625,264.213623046875,0.0031556582543998,200.0,402000.0,0.0065154214389622,146.08682250976562,0.5,200
polymer_sensitivity_v1-0003-8cd10086,2035.0,41527.5390625,97472480.0,31.01707649230957,32197.125,264.1197814941406,0.0050728120841085,200.0,407000.0,0.1581460386514663,150.0404815673828,0.5,200
polymer_sensitivity_v1-0003-8cd10086,2060.0,38973.38671875,98446816.0,2.058034658432007,32248.576171875,264.2423095703125,0.0031791653018444,200.0,412000.0,0.0065636993385851,150.20457458496094,0.5,200
polymer_sensitivity_v1-0003-8cd10086,2085.0,41482.0859375,99483864.0,31.11433982849121,33026.43359375,264.1479187011719,0.0050793248228728,200.0,417000.0,0.1588466763496399,154.1757354736328,0.5,200
polymer_sensitivity_v1-0003-8cd10086,2110.0,38967.0703125,100458040.0,2.0576868057250977,33077.875,264.27227783203125,0.0032027203124016,200.0,422000.0,0.0066113700158894,154.3410186767578,0.5,200
polymer_sensitivity_v1-0003-8cd10086,2135.0,41447.265625,101494224.0,31.22286796569824,33858.44921875,264.1760559082031,0.0050870389677584,200.0,427000.0,0.1596440523862838,158.33212280273438,0.5,200
polymer_sensitivity_v1-0003-8cd10086,2160.0,38994.6171875,102469088.0,2.059173583984375,33909.92578125,264.30010986328125,0.0032265172339975,200.0,432000.0,0.0066654654219746,158.49876403808594,0.5,200
polymer_sensitivity_v1-0003-8cd10086,2185.0,41420.87109375,103504608.0,31.33311080932617,34693.25390625,264.203125,0.0050959791988134,200.0,437000.0,0.1604907512664795,162.5110321044922,0.5,200
polymer_sensitivity_v1-0003-8cd10086,2210.0,38985.80859375,104479256.0,2.0585124492645264,34744.71875,264.3292541503906,0.0032503113616257,200.0,442000.0,0.0067126248031854,162.67884826660156,0.5,200
polymer_sensitivity_v1-0003-8cd10086,2235.0,41360.20703125,105513264.0,31.425825119018555,35530.36328125,264.23223876953125,0.0051060011610388,200.0,447000.0,0.1612838059663772,166.7109375,0.5,200
polymer_sensitivity_v1-0003-8cd10086,2260.0,38985.63671875,106487904.0,2.058501720428467,35581.82421875,264.3602294921875,0.0032744745258241,200.0,452000.0,0.0067626554518938,166.8800048828125,0.5,200
polymer_sensitivity_v1-0003-8cd10086,2285.0,41266.5859375,107519568.0,31.63691520690918,36372.75,264.26348876953125,0.0051155588589608,200.0,457000.0,0.1626726686954498,170.9468231201172,0.5,200
polymer_sensitivity_v1-0003-8cd10086,2310.0,38980.1796875,108494072.0,2.0582115650177,36424.203125,264.3920288085937,0.0032988446764647,200.0,462000.0,0.0068121929652988,171.11712646484375,0.5,200
polymer_sensitivity_v1-0003-8cd10086,2335.0,41295.6875,109526464.0,31.682323455810547,37216.26171875,264.2938537597656,0.0051286024972796,200.0,467000.0,0.1633236557245254,175.20021057128906,0.5,200
polymer_sensitivity_v1-0003-8cd10086,2360.0,38979.06640625,110500944.0,2.058232307434082,37267.71875,264.42437744140625,0.0033234297297894,200.0,472000.0,0.0068632001057267,175.37179565429688,0.5,200
polymer_sensitivity_v1-0003-8cd10086,2385.0,41198.9609375,111530912.0,31.872907638549805,38064.5390625,264.3265075683594,0.0051405630074441,200.0,477000.0,0.1646912992000579,179.48907470703125,0.5,200
polymer_sensitivity_v1-0003-8cd10086,2410.0,38981.8984375,112505464.0,2.0583887100219727,38116.0,264.4572448730469,0.0033481412101536,200.0,482000.0,0.0069149280898272,179.66195678710938,0.5,200
polymer_sensitivity_v1-0003-8cd10086,2435.0,41189.39453125,113535200.0,32.044925689697266,38917.125,264.3580017089844,0.0051545416936278,200.0,487000.0,0.1660327166318893,183.81277465820312,0.5,200
polymer_sensitivity_v1-0003-8cd10086,2460.0,38981.9375,114509744.0,2.05845046043396,38968.5859375,264.48931884765625,0.0033730557188391,200.0,492000.0,0.0069667673669755,183.9869384765625,0.5,200
polymer_sensitivity_v1-0003-8cd10086,2485.0,41159.51953125,115538736.0,32.201534271240234,39773.62109375,264.3898010253906,0.0051698749884963,200.0,497000.0,0.1673430353403091,188.17051696777344,0.5,200
polymer_sensitivity_v1-0003-8cd10086,2510.0,38976.625,116513152.0,2.05798864364624,39825.07421875,264.5218505859375,0.0033979029394686,200.0,502000.0,0.0070166876539587,188.34593200683597,0.5,200
polymer_sensitivity_v1-0003-8cd10086,2535.0,41157.57421875,117542088.0,32.36395263671875,40634.171875,264.4205627441406,0.0051864678971469,200.0,507000.0,0.1687297075986862,192.56417846679688,0.5,200
polymer_sensitivity_v1-0003-8cd10086,2560.0,38997.7265625,118517032.0,2.059357166290283,40685.65625,264.5525817871094,0.0034232777543365,200.0,512000.0,0.0070739677175879,192.74102783203125,0.5,200
polymer_sensitivity_v1-0003-8cd10086,2585.0,41204.890625,119547152.0,32.395729064941406,41495.546875,264.448974609375,0.0052059213630855,200.0,517000.0,0.1695321947336197,196.9793243408203,0.5,200
polymer_sensitivity_v1-0003-8cd10086,2610.0,39035.96484375,120523056.0,2.061267852783203,41547.08203125,264.5821838378906,0.0034484583884477,200.0,522000.0,0.0071327937766909,197.15765380859372,0.5,200
polymer_sensitivity_v1-0003-8cd10086,2635.0,41168.6953125,121552272.0,32.477149963378906,42359.0078125,264.4768371582031,0.0052248877473175,200.0,527000.0,0.1705807298421859,201.4221649169922,0.5,200
polymer_sensitivity_v1-0003-8cd10086,2660.0,39071.0390625,122529048.0,2.063028573989868,42410.5859375,264.61114501953125,0.0034738318063318,200.0,532000.0,0.0071915965527296,201.6019592285156,0.5,200
polymer_sensitivity_v1-0003-8cd10086,2685.0,41137.3125,123557480.0,32.575531005859375,43224.97265625,264.5035705566406,0.005243785213679,200.0,537000.0,0.1717195361852646,205.8949432373047,0.5,200
polymer_sensitivity_v1-0003-8cd10086,2710.0,39110.28515625,124535240.0,2.0649960041046143,43276.59765625,264.6385498046875,0.0034993486478924,200.0,542000.0,0.0072515164501965,206.07623291015625,0.5,200
polymer_sensitivity_v1-0003-8cd10086,2735.0,41064.67578125,125561856.0,32.71844482421875,44094.55859375,264.5304260253906,0.0052634980529546,200.0,547000.0,0.1731247007846832,210.40435791015625,0.5,200
polymer_sensitivity_v1-0003-8cd10086,2760.0,39125.921875,126540000.0,2.116440534591675,44147.46875,264.6658935546875,0.0035672893282026,200.0,552000.0,0.0075769848190248,210.59378051757807,0.5,200
polymer_sensitivity_v1-0003-8cd10086,2785.0,40914.5234375,127562864.0,7.6173415184021,44337.90234375,264.7016906738281,0.0047795730642974,200.0,557000.0,0.0365824922919273,211.5083465576172,0.5,200
polymer_sensitivity_v1-0003-8cd10086,2810.0,41294.86328125,128595240.0,7.641665935516357,44528.9453125,264.7254638671875,0.0047746300697326,200.0,562000.0,0.0366611704230308,212.42486572265625,0.5,200
polymer_sensitivity_v1-0003-8cd10086,2835.0,41400.72265625,129630256.0,7.745644569396973,44722.5859375,264.74615478515625,0.0047790040262043,200.0,567000.0,0.0371942184865474,213.35472106933597,0.5,200
polymer_sensitivity_v1-0003-8cd10086,2860.0,41457.21875,130666688.0,7.76130485534668,44916.6171875,264.7652893066406,0.0047809034585952,200.0,572000.0,0.0372842997312545,214.28683471679688,0.5,200
polymer_sensitivity_v1-0003-8cd10086,2885.0,41474.09765625,131703536.0,7.771150588989258,45110.8984375,264.7840576171875,0.0047847460955381,200.0,577000.0,0.0373617485165596,215.2208709716797,0.5,200
polymer_sensitivity_v1-0003-8cd10086,2910.0,41476.640625,132740456.0,7.780386447906494,45305.40625,264.8028259277344,0.0047902511432766,200.0,582000.0,0.0374493971467018,216.1571044921875,0.5,200
polymer_sensitivity_v1-0003-8cd10086,2935.0,41475.25390625,133777336.0,7.790597438812256,45500.171875,264.8216247558594,0.0047971517778933,200.0,587000.0,0.037552822381258,217.09593200683597,0.5,200
polymer_sensitivity_v1-0003-8cd10086,2960.0,41464.140625,134813936.0,7.800149440765381,45695.17578125,264.8407592773437,0.0048052188940346,200.0,592000.0,0.0376624017953872,218.03749084472656,0.5,200
polymer_sensitivity_v1-0003-8cd10086,3010.0,41443.59765625,136886112.0,7.835721969604492,46086.9609375,264.8798522949219,0.0048253661952912,200.0,602000.0,0.037993561476469,219.93716430664065,0.5,200
polymer_sensitivity_v1-0003-8cd10086,3060.0,41423.8125,138957312.0,7.855535507202148,46479.73828125,264.92022705078125,0.0048473826609551,200.0,612000.0,0.0382642671465873,221.8503875732422,0.5,200
polymer_sensitivity_v1-0003-8cd10086,3160.0,41409.32421875,143098240.0,7.914344787597656,47271.171875,265.0009460449219,0.0048979320563375,200.0,632000.0,0.0389547199010849,225.745849609375,0.5,200
polymer_sensitivity_v1-0003-8cd10086,3260.0,41407.8515625,147239024.0,7.965530872344971,48067.7265625,265.0809936523437,0.0049526533111929,200.0,652000.0,0.0396468713879585,229.7105407714844,0.5,200
polymer_sensitivity_v1-0003-8cd10086,3360.0,41381.6484375,151377184.0,8.016095161437988,48869.3359375,265.1640014648437,0.0050109545700252,200.0,672000.0,0.040370587259531,233.7476043701172,0.5,200
polymer_sensitivity_v1-0003-8cd10086,3460.0,41356.51171875,155512848.0,8.069294929504395,49676.265625,265.2502136230469,0.0050720050930976,200.0,692000.0,0.0411361493170261,237.86122131347656,0.5,200
polymer_sensitivity_v1-0003-8cd10086,3560.0,41321.390625,159644976.0,8.122404098510742,50488.5078125,265.3412475585937,0.0051353215239942,200.0,712000.0,0.0419264659285545,242.05386352539065,0.5,200
polymer_sensitivity_v1-0003-8cd10086,3660.0,41318.28125,163776816.0,8.184125900268555,51306.91796875,265.4327087402344,0.0052006794139742,200.0,732000.0,0.042785532772541,246.33241271972656,0.5,200
polymer_sensitivity_v1-0003-8cd10086,3760.0,41338.9453125,167910704.0,8.252867698669434,52132.20703125,265.5207824707031,0.0052679786458611,200.0,752000.0,0.0437061749398708,250.7030334472656,0.5,200
polymer_sensitivity_v1-0003-8cd10086,3860.0,41361.58984375,172046864.0,8.323675155639648,52964.57421875,265.60504150390625,0.0053371819667518,200.0,772000.0,0.0446633473038673,255.16937255859372,0.5,200
polymer_sensitivity_v1-0003-8cd10086,3960.0,41382.75,176185136.0,8.39771842956543,53804.34375,265.6863708496094,0.0054083559662103,200.0,792000.0,0.0456648208200931,259.73583984375,0.5,200
polymer_sensitivity_v1-0003-8cd10086,4060.0,41359.84765625,180321120.0,8.466263771057129,54650.97265625,265.7724914550781,0.0054815681651234,200.0,812000.0,0.0466641932725906,264.4022827148437,0.5,200
polymer_sensitivity_v1-0003-8cd10086,4160.0,41298.57421875,184450976.0,8.530481338500977,55504.01953125,265.86676025390625,0.0055569466203451,200.0,832000.0,0.0476683191955089,269.1690979003906,0.5,200
polymer_sensitivity_v1-0003-8cd10086,4260.0,41255.51171875,188576528.0,8.601387023925781,56364.15625,265.96685791015625,0.0056346445344388,200.0,852000.0,0.0487403944134712,274.04315185546875,0.5,200
polymer_sensitivity_v1-0003-8cd10086,4360.0,41241.51171875,192700688.0,8.682809829711914,57232.4375,266.0682373046875,0.0057149464264512,200.0,872000.0,0.0499070063233375,279.0338439941406,0.5,200
polymer_sensitivity_v1-0003-8cd10086,4460.0,41243.70703125,196825056.0,8.774574279785156,58109.89453125,266.1683349609375,0.0057979361154139,200.0,892000.0,0.0511711090803146,284.15093994140625,0.5,200
polymer_sensitivity_v1-0003-8cd10086,4560.0,41238.5,200948896.0,8.871663093566895,58997.0625,266.2705383300781,0.0058839642442762,200.0,912000.0,0.0525095127522945,289.40191650390625,0.5,200
polymer_sensitivity_v1-0003-8cd10086,4660.0,41198.98046875,205068800.0,8.969677925109863,59894.03125,266.3780822753906,0.0059737614355981,200.0,932000.0,0.0539047271013259,294.7923889160156,0.5,200
polymer_sensitivity_v1-0003-8cd10086,4760.0,41138.44140625,209182640.0,9.073280334472656,60801.359375,266.493896484375,0.0060678645968437,200.0,952000.0,0.0553915500640869,300.33154296875,0.5,200
polymer_sensitivity_v1-0003-8cd10086,4860.0,41034.0234375,213286048.0,9.177993774414062,61719.15625,266.62469482421875,0.0061668641865253,200.0,972000.0,0.0569506511092186,306.0265808105469,0.5,200
polymer_sensitivity_v1-0003-8cd10086,4960.0,40905.765625,217376624.0,9.289837837219238,62648.140625,266.7745361328125,0.0062714712694287,200.0,992000.0,0.0586286336183548,311.88946533203125,0.5,200
polymer_sensitivity_v1-0003-8cd10086,5060.0,40722.16015625,221448832.0,9.40824031829834,63588.96484375,266.9520263671875,0.0063808443956077,200.0,1012000.0,0.0604180358350276,317.9312744140625,0.5,200
polymer_sensitivity_v1-0003-8cd10086,5160.0,40532.1796875,225502064.0,9.548365592956545,64543.80078125,267.1578674316406,0.0064952503889799,200.0,1032000.0,0.0624244846403598,324.1737060546875,0.5,200
polymer_sensitivity_v1-0003-8cd10086,5260.0,40367.73046875,229538832.0,9.717284202575684,65515.53125,267.3875732421875,0.0066160028800368,200.0,1052000.0,0.0647177547216415,330.6454772949219,0.5,200
polymer_sensitivity_v1-0003-8cd10086,5360.0,40157.7890625,233554608.0,9.913772583007812,66506.90625,267.6480712890625,0.0067446082830429,200.0,1072000.0,0.0673185512423515,337.3773498535156,0.5,200
polymer_sensitivity_v1-0003-8cd10086,5460.0,39975.765625,237552192.0,10.15951442718506,67522.859375,267.9327392578125,0.006884011439979,200.0,1092000.0,0.0704229995608329,344.4196472167969,0.5,200
polymer_sensitivity_v1-0003-8cd10086,5560.0,39834.4765625,241535632.0,10.469430923461914,68569.8046875,268.23394775390625,0.0070372619666159,200.0,1112000.0,0.0741982832551002,351.8394775390625,0.5,200
polymer_sensitivity_v1-0003-8cd10086,5660.0,39630.1796875,245498656.0,10.836552619934082,69653.4609375,268.560546875,0.0072082174010574,200.0,1132000.0,0.0786793678998947,359.7073974609375,0.5,200
polymer_sensitivity_v1-0003-8cd10086,5760.0,39533.84765625,249452032.0,11.313008308410645,70784.7578125,268.8961181640625,0.0074012796394526,200.0,1152000.0,0.0843550786375999,368.1429138183594,0.5,200
polymer_sensitivity_v1-0003-8cd10086,5860.0,39428.4375,253394880.0,11.902502059936523,71975.0078125,269.2413635253906,0.0076226131059229,200.0,1172000.0,0.0914250686764717,377.2854309082031,0.5,200
polymer_sensitivity_v1-0003-8cd10086,5960.0,39244.21875,257319296.0,12.632390975952148,73238.25,269.5992736816406,0.0078823147341609,200.0,1192000.0,0.1003635823726654,387.32177734375,0.5,200
polymer_sensitivity_v1-0003-8cd10086,6060.0,39082.33984375,261227536.0,13.57503890991211,74595.75,269.9611511230469,0.0081885391846299,200.0,1212000.0,0.112077496945858,398.529541015625,0.5,200
polymer_sensitivity_v1-0003-8cd10086,6160.0,38692.99609375,265096832.0,14.78908920288086,76074.6640625,270.3579406738281,0.0085544809699058,200.0,1232000.0,0.1276045888662338,411.28997802734375,0.5,200
polymer_sensitivity_v1-0003-8cd10086,6260.0,38190.8359375,268915904.0,16.46231460571289,77720.890625,270.79669189453125,0.0090130837634205,200.0,1252000.0,0.1497257202863693,426.2625732421875,0.5,200
polymer_sensitivity_v1-0003-8cd10086,6360.0,37552.58984375,272671168.0,18.823802947998047,79603.2734375,271.2825927734375,0.0098022939637303,200.0,1272000.0,0.1863430291414261,444.8968505859375,0.5,200
polymer_sensitivity_v1-0003-8cd10086,6460.0,36803.671875,276351552.0,22.24871635437012,81828.140625,271.8052062988281,0.0110321277752518,200.0,1292000.0,0.2481887340545654,469.7157287597656,0.5,200
polymer_sensitivity_v1-0003-8cd10086,6560.0,35894.26953125,279940960.0,27.121374130249023,84540.28125,272.3503112792969,0.0128446798771619,200.0,1312000.0,0.3528982400894165,505.0055541992188,0.5,200
polymer_sensitivity_v1-0003-8cd10086,6660.0,34789.94140625,283419968.0,34.55980682373047,87996.265625,272.87615966796875,0.0153124742209911,200.0,1332000.0,0.5374254584312439,558.7481079101562,0.5,200
polymer_sensitivity_v1-0003-8cd10086,6760.0,32841.79296875,286704160.0,47.49591064453125,92745.8515625,273.369873046875,0.0179497431963682,200.0,1352000.0,0.8681220412254333,645.560302734375,0.5,200
polymer_sensitivity_v1-0003-8cd10086,6860.0,29709.427734375,289675104.0,67.94294738769531,99540.1484375,273.8172912597656,0.0204635709524154,200.0,1372000.0,1.4194014072418213,787.5004272460938,0.5,200
polymer_sensitivity_v1-0003-8cd10086,6960.0,26548.521484375,292329952.0,89.00260162353516,108440.40625,274.1960144042969,0.0241079404950141,200.0,1392000.0,2.1986749172210693,1007.367919921875,0.5,200
polymer_sensitivity_v1-0003-8cd10086,7060.0,24145.369140625,294744480.0,104.48085021972656,118888.4921875,274.5240783691406,0.0291698966175317,200.0,1412000.0,3.139267683029175,1321.294677734375,0.5,200
polymer_sensitivity_v1-0003-8cd10086,7160.0,22530.162109375,296997504.0,114.33373260498048,130321.8671875,274.8073425292969,0.0374137163162231,200.0,1432000.0,4.443912982940674,1765.68603515625,0.5,200
polymer_sensitivity_v1-0003-8cd10086,7260.0,21430.88671875,299140576.0,120.3617172241211,142358.03125,275.04815673828125,0.0485182404518127,200.0,1452000.0,6.13752031326294,2379.43798828125,0.5,200
polymer_sensitivity_v1-0003-8cd10086,7360.0,20771.66796875,301217760.0,122.47803497314452,154605.84375,275.26080322265625,0.0637005865573883,200.0,1472000.0,8.332721710205078,3212.710205078125,0.5,200
polymer_sensitivity_v1-0003-8cd10086,7460.0,20091.529296875,303226912.0,123.5951156616211,166965.359375,275.4517517089844,0.0830268338322639,200.0,1492000.0,11.190853118896484,4331.79541015625,0.5,200
polymer_sensitivity_v1-0003-8cd10086,7560.0,19401.734375,305167072.0,123.54998016357422,179320.359375,275.6338806152344,0.1058487445116043,200.0,1512000.0,14.625724792480469,5794.3681640625,0.5,200
polymer_sensitivity_v1-0003-8cd10086,7660.0,18703.98046875,307037472.0,122.5988998413086,191580.234375,275.8085327148437,0.1325052976608276,200.0,1532000.0,18.72634506225586,7667.00244140625,0.5,200
polymer_sensitivity_v1-0003-8cd10086,7760.0,18017.2890625,308839200.0,120.85913848876952,203666.15625,275.9772033691406,0.1617789417505264,200.0,1552000.0,23.326141357421875,9999.6162109375,0.5,200
polymer_sensitivity_v1-0003-8cd10086,7860.0,17345.61328125,310573760.0,118.6475601196289,215530.90625,276.138427734375,0.1924951076507568,200.0,1572000.0,28.28351211547852,12827.9677734375,0.5,200
polymer_sensitivity_v1-0003-8cd10086,7960.0,16703.51171875,312244128.0,116.00364685058594,227131.28125,276.2995300292969,0.2233556509017944,200.0,1592000.0,33.36156463623047,16164.1240234375,0.5,200
polymer_sensitivity_v1-0003-8cd10086,8060.0,16132.369140625,313857344.0,113.07742309570312,238439.015625,276.4415283203125,0.2545323371887207,200.0,1612000.0,38.609130859375,20025.037109375,0.5,200
polymer_sensitivity_v1-0003-8cd10086,8160.0,15655.2705078125,315422880.0,109.79995727539062,249419.015625,276.56524658203125,0.2844907343387604,200.0,1632000.0,43.65711212158203,24390.748046875,0.5,200
polymer_sensitivity_v1-0003-8cd10086,8260.0,15167.423828125,316939616.0,106.66427612304688,260085.4375,276.6752319335937,0.3127491474151611,200.0,1652000.0,48.54000473022461,29244.75,0.5,200
polymer_sensitivity_v1-0003-8cd10086,8360.0,14723.19140625,318411936.0,103.9178237915039,270477.21875,276.764892578125,0.3381547033786773,200.0,1672000.0,53.09442901611328,34554.19140625,0.5,200
polymer_sensitivity_v1-0003-8cd10086,8460.0,14297.41796875,319841696.0,101.2698211669922,280604.21875,276.8388977050781,0.361646443605423,200.0,1692000.0,57.37239074707031,40291.4296875,0.5,200
polymer_sensitivity_v1-0003-8cd10086,8560.0,13902.8701171875,321231968.0,98.8493194580078,290489.125,276.8969116210937,0.3829361796379089,200.0,1712000.0,61.34370422363281,46425.80078125,0.5,200
polymer_sensitivity_v1-0003-8cd10086,8660.0,13537.544921875,322585728.0,96.6601104736328,300155.15625,276.9421081542969,0.4018361568450928,200.0,1732000.0,64.9345932006836,52919.26171875,0.5,200
polymer_sensitivity_v1-0003-8cd10086,8760.0,13203.9775390625,323906112.0,94.70466613769533,309625.625,276.9757385253906,0.4185545444488525,200.0,1752000.0,68.17332458496094,59736.59375,0.5,200
polymer_sensitivity_v1-0003-8cd10086,8860.0,12902.2275390625,325196352.0,92.99224853515624,318924.84375,276.998779296875,0.4331855475902557,200.0,1772000.0,71.06893920898438,66843.484375,0.5,200
polymer_sensitivity_v1-0003-8cd10086,8960.0,12631.23828125,326459456.0,91.52782440185548,328077.625,277.01123046875,0.4458368420600891,200.0,1792000.0,73.63621520996094,74207.109375,0.5,200
polymer_sensitivity_v1-0003-8cd10086,9060.0,12389.07421875,327698368.0,90.26406860351562,337104.03125,277.0155944824219,0.4566563665866852,200.0,1812000.0,75.86297607421875,81793.40625,0.5,200
polymer_sensitivity_v1-0003-8cd10086,9160.0,12174.30859375,328915808.0,89.18287658691406,346022.3125,277.0140075683594,0.4658509194850921,200.0,1832000.0,77.7796401977539,89571.3671875,0.5,200
polymer_sensitivity_v1-0003-8cd10086,9260.0,11983.4345703125,330114144.0,88.25393676757812,354847.71875,277.0082702636719,0.4737148582935333,200.0,1852000.0,79.43830871582031,97515.203125,0.5,200
polymer_sensitivity_v1-0003-8cd10086,9360.0,11816.5966796875,331295808.0,87.48649597167969,363596.375,276.9989318847656,0.4802753031253814,200.0,1872000.0,80.84588623046875,105599.7890625,0.5,200
polymer_sensitivity_v1-0003-8cd10086,9460.0,11666.873046875,332462496.0,86.81391906738281,372277.75,276.9872131347656,0.48599374294281,200.0,1892000.0,82.08269500732422,113808.0625,0.5,200
polymer_sensitivity_v1-0003-8cd10086,9560.0,11531.998046875,333615712.0,86.21644592285156,380899.40625,276.9737854003906,0.4910407662391662,200.0,1912000.0,83.18109893798828,122126.171875,0.5,200
polymer_sensitivity_v1-0003-8cd10086,9660.0,11410.77734375,334756768.0,85.68165588378906,389467.5625,276.9591064453125,0.4955189526081085,200.0,1932000.0,84.1595230102539,130542.125,0.5,200
polymer_sensitivity_v1-0003-8cd10086,9760.0,11302.1220703125,335886976.0,85.20155334472656,397987.71875,276.94366455078125,0.4994963705539703,200.0,1952000.0,85.03008270263672,139045.125,0.5,200
polymer_sensitivity_v1-0003-8cd10086,9860.0,11205.6728515625,337007552.0,84.77735137939453,406465.4375,276.9276428222656,0.5029984712600708,200.0,1972000.0,85.80029296875,147625.15625,0.5,200
polymer_sensitivity_v1-0003-8cd10086,9960.0,11120.271484375,338119584.0,84.40532684326172,414906.0,276.9111633300781,0.5060656666755676,200.0,1992000.0,86.47838592529297,156273.0,0.5,200
polymer_sensitivity_v1-0003-8cd10086,10060.0,11046.16015625,339224192.0,84.0926742553711,423315.25,276.8960266113281,0.50874924659729,200.0,2012000.0,87.08807373046875,164981.8125,0.5,200
polymer_sensitivity_v1-0003-8cd10086,10160.0,10980.609375,340322272.0,83.82251739501953,431697.5,276.880126953125,0.5110685229301453,200.0,2032000.0,87.6176986694336,173743.578125,0.5,200
polymer_sensitivity_v1-0003-8cd10086,10260.0,10922.3984375,341414496.0,83.5887222290039,440056.375,276.8633117675781,0.513070821762085,200.0,2052000.0,88.07633209228516,182551.203125,0.5,200
polymer_sensitivity_v1-0003-8cd10086,10360.0,10870.30859375,342501536.0,83.38426971435547,448394.8125,276.8459167480469,0.5148245096206665,200.0,2072000.0,88.47987365722656,191399.1875,0.5,200
polymer_sensitivity_v1-0003-8cd10086,10460.0,10823.701171875,343583904.0,83.20560455322266,456715.375,276.8282470703125,0.5163456797599792,200.0,2092000.0,88.82967376708984,200282.15625,0.5,200
polymer_sensitivity_v1-0003-8cd10086,10560.0,10782.0419921875,344662112.0,83.05205535888672,465020.5625,276.8101501464844,0.5176877975463867,200.0,2112000.0,89.1435775756836,209196.515625,0.5,200
polymer_sensitivity_v1-0003-8cd10086,10660.0,10744.8203125,345736576.0,82.91799926757812,473312.375,276.7920227050781,0.5188467502593994,200.0,2132000.0,89.41378784179688,218137.890625,0.5,200
polymer_sensitivity_v1-0003-8cd10086,10760.0,10711.876953125,346807776.0,82.80279541015625,481592.65625,276.7741394042969,0.5198349356651306,200.0,2152000.0,89.64373779296875,227102.265625,0.5,200
polymer_sensitivity_v1-0003-8cd10086,10860.0,10682.779296875,347876064.0,82.70439910888672,489863.09375,276.75653076171875,0.5206809043884277,200.0,2172000.0,89.84120178222656,236086.390625,0.5,200
polymer_sensitivity_v1-0003-8cd10086,10960.0,10657.24609375,348941792.0,82.62215423583984,498125.3125,276.73907470703125,0.5214065909385681,200.0,2192000.0,90.01322937011719,245087.71875,0.5,200
polymer_sensitivity_v1-0004-737bf45b,1.0,1531511.375,1531511.375,438.476806640625,438.476806640625,270.9838256835937,0.0037272714544087,100.0,100.0,1.6404364109039309,1.6404364109039309,1.0,100
polymer_sensitivity_v1-0004-737bf45b,2.0,730985.25,2262496.75,186.0360870361328,624.5128784179688,270.59991455078125,0.0037339970003813,100.0,200.0,0.6972617506980896,2.337698221206665,1.0,100
polymer_sensitivity_v1-0004-737bf45b,3.0,540452.375,2802949.0,122.6623992919922,747.17529296875,270.309814453125,0.0037017203867435,100.0,300.0,0.4557489454746246,2.793447256088257,1.0,100
polymer_sensitivity_v1-0004-737bf45b,4.0,451269.0625,3254218.0,96.88551330566406,844.060791015625,270.03973388671875,0.0036829458549618,100.0,400.0,0.358143150806427,3.151590347290039,1.0,100
polymer_sensitivity_v1-0004-737bf45b,5.0,397764.8125,3651983.0,82.7401123046875,926.8009033203124,269.78961181640625,0.0036712358705699,100.0,500.0,0.3048777282238006,3.456468105316162,1.0,100
polymer_sensitivity_v1-0004-737bf45b,6.0,361340.4375,4013323.25,73.57272338867188,1000.3736572265624,269.5608825683594,0.0036626630462706,100.0,600.0,0.270462691783905,3.726930856704712,1.0,100
polymer_sensitivity_v1-0004-737bf45b,7.0,334595.53125,4347919.0,67.05946350097656,1067.43310546875,269.3500671386719,0.0036558515857905,100.0,700.0,0.2460589855909347,3.972989797592163,1.0,100
polymer_sensitivity_v1-0004-737bf45b,8.0,313884.5625,4661803.5,62.153541564941406,1129.586669921875,269.15478515625,0.003650271333754,100.0,800.0,0.2277085036039352,4.200698375701904,1.0,100
polymer_sensitivity_v1-0004-737bf45b,9.0,297147.0,4958950.5,58.29400253295898,1187.880615234375,268.9706115722656,0.00364565779455,100.0,900.0,0.2132975906133651,4.413995742797852,1.0,100
polymer_sensitivity_v1-0004-737bf45b,10.0,283159.28125,5242109.5,55.151817321777344,1243.032470703125,268.7964782714844,0.0036418158560991,100.0,1000.0,0.201586902141571,4.615582942962647,1.0,100
polymer_sensitivity_v1-0004-737bf45b,13.0,253532.484375,6002707.0,48.865047454833984,1389.6275634765625,268.3396911621094,0.003634538501501,100.0,1300.0,0.1782497614622116,5.150331974029541,1.0,100
polymer_sensitivity_v1-0004-737bf45b,15.0,237413.890625,6477535.0,45.52210235595703,1480.671875,268.0719299316406,0.0036302872467786,100.0,1500.0,0.165860429406166,5.482052803039551,1.0,100
polymer_sensitivity_v1-0004-737bf45b,20.0,208087.015625,7517970.0,39.74273300170898,1679.385498046875,267.508544921875,0.0036231053527444,100.0,2000.0,0.1445157080888748,6.204631328582764,1.0,100
polymer_sensitivity_v1-0004-737bf45b,25.0,185305.578125,8444498.0,34.68659210205078,1852.8184814453125,267.032470703125,0.0036082989536225,100.0,2500.0,0.1256128400564193,6.832695484161377,1.0,100
polymer_sensitivity_v1-0004-737bf45b,30.0,166633.90625,9277667.0,30.612998962402344,2005.8834228515625,266.6253967285156,0.0035940678790211,100.0,3000.0,0.1104220598936081,7.384805679321289,1.0,100
polymer_sensitivity_v1-0004-737bf45b,35.0,150892.65625,10032131.0,27.23230361938477,2142.044921875,266.2730712890625,0.0035802787169814,100.0,3500.0,0.0978495627641677,7.874053478240967,1.0,100
polymer_sensitivity_v1-0004-737bf45b,40.0,137387.0625,10719066.0,24.362443923950195,2263.857177734375,265.9609680175781,0.0035666276235133,100.0,4000.0,0.0872027873992919,8.310067176818848,1.0,100
polymer_sensitivity_v1-0004-737bf45b,45.0,125647.453125,11347303.0,21.88828468322754,2373.298583984375,265.6861267089844,0.0035529695451259,100.0,4500.0,0.0780457034707069,8.700296401977539,1.0,100
polymer_sensitivity_v1-0004-737bf45b,50.0,115380.59375,11924206.0,19.699291229248047,2471.795166015625,265.43975830078125,0.0035382856149226,100.0,5000.0,0.0699492171406745,9.050042152404783,1.0,100
polymer_sensitivity_v1-0004-737bf45b,55.0,106407.5546875,12456244.0,17.53268814086914,2559.45849609375,265.2175598144531,0.0035162321291863,100.0,5500.0,0.061866533011198,9.359375,1.0,100
polymer_sensitivity_v1-0004-737bf45b,60.0,98544.9375,12948969.0,15.365009307861328,2636.283447265625,265.0162048339844,0.0034841618034988,100.0,6000.0,0.0537213534116745,9.627982139587402,1.0,100
polymer_sensitivity_v1-0004-737bf45b,70.0,85651.75,13805486.0,11.451496124267578,2750.798583984375,264.6822814941406,0.0033932430669665,100.0,7000.0,0.0389900133013725,10.017881393432615,1.0,100
polymer_sensitivity_v1-0004-737bf45b,80.0,75056.21875,14556048.0,8.076607704162598,2831.564697265625,264.40386962890625,0.0032504384871572,100.0,8000.0,0.0263381265103817,10.28126335144043,1.0,100
polymer_sensitivity_v1-0004-737bf45b,100.0,60296.3203125,15761975.0,3.243177890777588,2896.42822265625,264.0025939941406,0.002579856198281,100.0,10000.0,0.0083885742351412,10.449034690856934,1.0,100
polymer_sensitivity_v1-0004-737bf45b,120.0,49692.85546875,16755832.0,2.6240251064300537,2948.90869140625,263.7056579589844,0.0025877873413264,100.0,12000.0,0.0068080369383096,10.585195541381836,1.0,100
polymer_sensitivity_v1-0004-737bf45b,140.0,44504.9375,17645930.0,32.98388671875,3608.58642578125,263.3830871582031,0.0038799417670816,100.0,14000.0,0.1284740269184112,13.154675483703612,1.0,100
polymer_sensitivity_v1-0004-737bf45b,160.0,33064.46875,18307220.0,1.745828628540039,3643.5029296875,263.27166748046875,0.0026039576623588,100.0,16000.0,0.0045579327270388,13.245834350585938,1.0,100
polymer_sensitivity_v1-0004-737bf45b,180.0,35033.4453125,19007888.0,26.05579948425293,4164.619140625,263.0636901855469,0.0039969682693481,100.0,18000.0,0.1045621335506439,15.337077140808104,1.0,100
polymer_sensitivity_v1-0004-737bf45b,200.0,25708.357421875,19522056.0,1.357365608215332,4191.76611328125,263.03253173828125,0.0026166730094701,100.0,20000.0,0.0035610999912023,15.408299446105955,1.0,100
polymer_sensitivity_v1-0004-737bf45b,220.0,29974.041015625,20121536.0,22.59286880493164,4643.62353515625,262.88629150390625,0.0041373120620846,100.0,22000.0,0.0938620865345001,17.285541534423828,1.0,100
polymer_sensitivity_v1-0004-737bf45b,240.0,21788.234375,20557302.0,1.1503633260726929,4666.630859375,262.897705078125,0.0026267615612596,100.0,24000.0,0.0030296884942799,17.346134185791016,1.0,100
polymer_sensitivity_v1-0004-737bf45b,260.0,27144.880859375,21100200.0,20.332897186279297,5073.28857421875,262.7869873046875,0.0042870063334703,100.0,26000.0,0.0875425562262535,19.09698486328125,1.0,100
polymer_sensitivity_v1-0004-737bf45b,280.0,19663.060546875,21493460.0,1.038156509399414,5094.0517578125,262.8217163085937,0.0026346733793616,100.0,28000.0,0.0027424287982285,19.15183448791504,1.0,100
polymer_sensitivity_v1-0004-737bf45b,300.0,25541.302734375,22004286.0,18.97539329528809,5473.5595703125,262.73150634765625,0.0044398298487067,100.0,30000.0,0.0846232250332832,20.84429931640625,1.0,100
polymer_sensitivity_v1-0004-737bf45b,320.0,18481.921875,22373924.0,0.9757912755012512,5493.07568359375,262.779052734375,0.0026407456025481,100.0,32000.0,0.0025836392305791,20.895971298217773,1.0,100
polymer_sensitivity_v1-0004-737bf45b,340.0,24605.328125,22866032.0,18.05879592895508,5854.25146484375,262.7012939453125,0.0045827878639101,100.0,34000.0,0.0831406489014625,22.55878448486328,1.0,100
polymer_sensitivity_v1-0004-737bf45b,360.0,17835.302734375,23222738.0,0.9416499137878418,5873.08447265625,262.7557983398437,0.0026452508755028,100.0,36000.0,0.0024975067935884,22.60873413085937,1.0,100
polymer_sensitivity_v1-0004-737bf45b,380.0,24061.888671875,23703976.0,17.32369613647461,6219.55859375,262.685791015625,0.00472242385149,100.0,38000.0,0.0821980088949203,24.252695083618164,1.0,100
polymer_sensitivity_v1-0004-737bf45b,400.0,17587.75,24055730.0,0.9285860657691956,6238.13037109375,262.74249267578125,0.0026471302844583,100.0,40000.0,0.0024646124802529,24.301986694335938,1.0,100
polymer_sensitivity_v1-0004-737bf45b,420.0,23768.04296875,24531092.0,16.304141998291016,6564.212890625,262.677978515625,0.0048469495959579,100.0,42000.0,0.0794102475047111,25.89019203186035,1.0,100
polymer_sensitivity_v1-0004-737bf45b,440.0,17528.98828125,24881670.0,0.9254879951477052,6582.72265625,262.734619140625,0.0026463191024959,100.0,44000.0,0.0024556347634643,25.93930435180664,1.0,100
polymer_sensitivity_v1-0004-737bf45b,460.0,23585.998046875,25353390.0,15.612648963928224,6894.9755859375,262.6738586425781,0.0049608023837208,100.0,46000.0,0.0778374001383781,27.49605369567871,1.0,100
polymer_sensitivity_v1-0004-737bf45b,480.0,17507.263671875,25703536.0,0.9243439435958862,6913.46240234375,262.7304077148437,0.0026434732135385,100.0,48000.0,0.0024499548599123,27.54505157470703,1.0,100
polymer_sensitivity_v1-0004-737bf45b,500.0,23427.052734375,26172078.0,14.964210510253906,7212.7470703125,262.6729736328125,0.0050650481134653,100.0,50000.0,0.0761803016066551,29.06865882873535,1.0,100
polymer_sensitivity_v1-0004-737bf45b,520.0,17519.85546875,26522474.0,0.9250110983848572,7231.2470703125,262.7293395996094,0.0026390505954623,100.0,52000.0,0.0024476104881614,29.117610931396484,1.0,100
polymer_sensitivity_v1-0004-737bf45b,540.0,23306.84765625,26988612.0,14.472090721130373,7520.68896484375,262.6742553710937,0.005160026717931,100.0,54000.0,0.0750637054443359,30.618885040283203,1.0,100
polymer_sensitivity_v1-0004-737bf45b,560.0,17546.52734375,27339542.0,0.9264212250709534,7539.21728515625,262.7304992675781,0.002633478725329,100.0,56000.0,0.0024461525026708,30.66780662536621,1.0,100
polymer_sensitivity_v1-0004-737bf45b,580.0,23211.10546875,27803764.0,14.098777770996094,7821.19287109375,262.6771850585937,0.0052471375092864,100.0,58000.0,0.0743684470653534,32.15517807006836,1.0,100
polymer_sensitivity_v1-0004-737bf45b,600.0,17574.556640625,28155256.0,0.9279024600982666,7839.7509765625,262.7333374023437,0.0026270819362252,100.0,60000.0,0.0024440966080874,32.20405960083008,1.0,100
polymer_sensitivity_v1-0004-737bf45b,620.0,23128.44921875,28617824.0,13.823853492736816,8116.22802734375,262.6813659667969,0.0053267106413841,100.0,62000.0,0.0740299969911575,33.68465805053711,1.0,100
polymer_sensitivity_v1-0004-737bf45b,640.0,17602.5,28969874.0,0.9293788075447084,8134.8154296875,262.7375793457031,0.0026201398577541,100.0,64000.0,0.0024414993822574,33.733489990234375,1.0,100
polymer_sensitivity_v1-0004-737bf45b,660.0,23052.642578125,29430926.0,13.622596740722656,8407.267578125,262.6864929199219,0.005399253219366,100.0,66000.0,0.073951132595539,35.21250915527344,1.0,100
polymer_sensitivity_v1-0004-737bf45b,680.0,17626.076171875,29783448.0,0.9306241273880004,8425.8798828125,262.7428894042969,0.0026128725148737,100.0,68000.0,0.0024379724636673,35.261268615722656,1.0,100
polymer_sensitivity_v1-0004-737bf45b,700.0,22981.58203125,30243080.0,13.481298446655272,8695.505859375,262.6925354003906,0.0054654045961797,100.0,70000.0,0.0740856528282165,36.74298477172852,1.0,100
polymer_sensitivity_v1-0004-737bf45b,720.0,17643.64453125,30595952.0,0.931551992893219,8714.13671875,262.7491760253906,0.0026054598856717,100.0,72000.0,0.0024334616027772,36.79165267944336,1.0,100
polymer_sensitivity_v1-0004-737bf45b,740.0,22914.544921875,31054244.0,13.395237922668455,8982.0419921875,262.6993713378906,0.0055252090096473,100.0,74000.0,0.074422687292099,38.28010559082031,1.0,100
polymer_sensitivity_v1-0004-737bf45b,760.0,17658.015625,31407404.0,0.9323108196258544,9000.6875,262.75634765625,0.0025980635546147,100.0,76000.0,0.0024285120889544,38.32867813110352,1.0,100
polymer_sensitivity_v1-0004-737bf45b,780.0,22853.46484375,31864474.0,13.360567092895508,9267.8994140625,262.70684814453125,0.0055789491161704,100.0,78000.0,0.0749560967087745,39.82779693603516,1.0,100
polymer_sensitivity_v1-0004-737bf45b,800.0,17669.412109375,32217862.0,0.9329124689102172,9286.5576171875,262.7642517089844,0.0025908211246132,100.0,80000.0,0.0024232876021414,39.87626266479492,1.0,100
polymer_sensitivity_v1-0004-737bf45b,820.0,22795.28125,32673768.0,13.369834899902344,9553.9541015625,262.71490478515625,0.0056265802122652,100.0,82000.0,0.0756521075963974,41.389305114746094,1.0,100
polymer_sensitivity_v1-0004-737bf45b,840.0,17679.59375,33027360.0,0.933449685573578,9572.623046875,262.7728271484375,0.0025838618166744,100.0,84000.0,0.0024181532207876,41.43766784667969,1.0,100
polymer_sensitivity_v1-0004-737bf45b,860.0,22741.130859375,33482182.0,13.419132232666016,9841.005859375,262.7234191894531,0.0056686168536543,100.0,86000.0,0.076501578092575,42.96770095825195,1.0,100
polymer_sensitivity_v1-0004-737bf45b,880.0,17694.912109375,33836080.0,0.9342581033706664,9859.69140625,262.7822265625,0.0025773018132895,100.0,88000.0,0.0024140870664268,43.01598358154297,1.0,100
polymer_sensitivity_v1-0004-737bf45b,900.0,22683.44921875,34289748.0,13.48949909210205,10129.4814453125,262.7323608398437,0.0057048499584198,100.0,90000.0,0.0773971080780029,44.563926696777344,1.0,100
polymer_sensitivity_v1-0004-737bf45b,920.0,17713.978515625,34644028.0,0.9352641701698304,10148.1865234375,262.7922668457031,0.0025712407659739,100.0,92000.0,0.0024109885562211,44.61214447021485,1.0,100
polymer_sensitivity_v1-0004-737bf45b,940.0,22623.984375,35096508.0,13.58018398284912,10419.7900390625,262.7416381835937,0.0057355212047696,100.0,94000.0,0.0783387422561645,46.17892074584961,1.0,100
polymer_sensitivity_v1-0004-737bf45b,960.0,17723.37109375,35450976.0,0.9357593655586244,10438.5048828125,262.8028869628906,0.0025657534133642,100.0,96000.0,0.0024071040097624,46.2270622253418,1.0,100
polymer_sensitivity_v1-0004-737bf45b,980.0,22565.255859375,35902280.0,13.699811935424805,10712.5009765625,262.75146484375,0.005761336069554,100.0,98000.0,0.0793865993618965,47.81479263305664,1.0,100
polymer_sensitivity_v1-0004-737bf45b,1000.0,17732.482421875,36256932.0,0.9362396597862244,10731.2265625,262.8138732910156,0.002560906112194,100.0,100000.0,0.0024037777911871,47.86286926269531,1.0,100
polymer_sensitivity_v1-0004-737bf45b,1020.0,22512.392578125,36707180.0,13.84604549407959,11008.1474609375,262.7615661621094,0.0057826396077871,100.0,102000.0,0.0805323794484138,49.47351837158203,1.0,100
polymer_sensitivity_v1-0004-737bf45b,1040.0,17740.876953125,37061996.0,0.936682105064392,11026.880859375,262.8252868652344,0.002556755207479,100.0,104000.0,0.0024010057095438,49.52153778076172,1.0,100
polymer_sensitivity_v1-0004-737bf45b,1060.0,22465.998046875,37511316.0,14.02132511138916,11307.3076171875,262.77215576171875,0.0057998625561594,100.0,106000.0,0.0817961618304252,51.1574592590332,1.0,100
polymer_sensitivity_v1-0004-737bf45b,1080.0,17764.443359375,37866604.0,0.9379254579544068,11326.0654296875,262.8373413085937,0.002553354948759,100.0,108000.0,0.0024009873159229,51.20547866821289,1.0,100
polymer_sensitivity_v1-0004-737bf45b,1100.0,22442.197265625,38315448.0,14.222150802612305,11610.5087890625,262.782470703125,0.005813312716782,100.0,110000.0,0.083161249756813,52.86870574951172,1.0,100
polymer_sensitivity_v1-0004-737bf45b,1120.0,17795.68359375,38671364.0,0.9395740032196044,11629.2998046875,262.848876953125,0.0025507363025099,100.0,112000.0,0.0024027342442423,52.9167594909668,1.0,100
polymer_sensitivity_v1-0004-737bf45b,1140.0,22418.0234375,39119724.0,14.44115924835205,11918.123046875,262.7923889160156,0.0058232611045241,100.0,114000.0,0.0845872089266777,54.60850524902344,1.0,100
polymer_sensitivity_v1-0004-737bf45b,1160.0,17809.833984375,39475920.0,0.9403201341629028,11936.9296875,262.8599853515625,0.0025489272084087,100.0,116000.0,0.0024029326159507,54.65656280517578,1.0,100
polymer_sensitivity_v1-0004-737bf45b,1180.0,22386.669921875,39923652.0,14.671103477478027,12230.3515625,262.80224609375,0.0058302897959947,100.0,118000.0,0.0860384181141853,56.3773307800293,1.0,100
polymer_sensitivity_v1-0004-737bf45b,1200.0,17814.0625,40279936.0,0.9405423402786256,12249.1630859375,262.870849609375,0.0025479448959231,100.0,120000.0,0.002402571728453,56.42538070678711,1.0,100
polymer_sensitivity_v1-0004-737bf45b,1220.0,22360.30078125,40727140.0,14.917874336242676,12547.5205078125,262.8118591308594,0.0058348425664007,100.0,122000.0,0.0875543132424354,58.17646789550781,1.0,100
polymer_sensitivity_v1-0004-737bf45b,1240.0,17819.041015625,41083520.0,0.9408040642738342,12566.3359375,262.8813171386719,0.0025478003080934,100.0,124000.0,0.0024031035136431,58.22452926635742,1.0,100
polymer_sensitivity_v1-0004-737bf45b,1260.0,22333.892578125,41530200.0,15.172183990478516,12869.7802734375,262.82110595703125,0.0058372588828206,100.0,126000.0,0.0890839695930481,60.00621032714844,1.0,100
polymer_sensitivity_v1-0004-737bf45b,1285.0,18237.724609375,41986140.0,0.9629089832305908,12893.8525390625,262.8988647460937,0.0025518047623336,100.0,128500.0,0.0024634420406073,60.06779479980469,1.0,100
polymer_sensitivity_v1-0004-737bf45b,1310.0,22089.38671875,42538376.0,14.822043418884276,13264.4033203125,262.8298034667969,0.0058163558132946,100.0,131000.0,0.0867146402597427,62.23566055297852,1.0,100
polymer_sensitivity_v1-0004-737bf45b,1335.0,18164.017578125,42992476.0,0.9590153694152832,13288.37890625,262.9104919433594,0.0025546106044203,100.0,133500.0,0.0024561854079365,62.29706573486328,1.0,100
polymer_sensitivity_v1-0004-737bf45b,1360.0,22044.228515625,43543584.0,15.174072265625,13667.7314453125,262.84002685546875,0.0058070509694516,100.0,136000.0,0.0886313021183013,64.51284790039062,1.0,100
polymer_sensitivity_v1-0004-737bf45b,1385.0,18138.15234375,43997036.0,0.957647740840912,13691.671875,262.9224548339844,0.002558893058449,100.0,138500.0,0.0024568047374486,64.57427215576172,1.0,100
polymer_sensitivity_v1-0004-737bf45b,1410.0,22005.900390625,44547184.0,15.549250602722168,14080.4033203125,262.850341796875,0.005797466263175,100.0,141000.0,0.0906719267368316,66.841064453125,1.0,100
polymer_sensitivity_v1-0004-737bf45b,1435.0,18118.365234375,45000144.0,0.9566010236740112,14104.318359375,262.9345092773437,0.0025646013673394,100.0,143500.0,0.0024596082512289,66.90255737304688,1.0,100
polymer_sensitivity_v1-0004-737bf45b,1460.0,21981.634765625,45549684.0,15.930669784545898,14502.5849609375,262.86083984375,0.0057875015772879,100.0,146000.0,0.0927354767918586,69.220947265625,1.0,100
polymer_sensitivity_v1-0004-737bf45b,1485.0,18108.556640625,46002396.0,0.9560810923576356,14526.4873046875,262.9468078613281,0.0025716773234307,100.0,148500.0,0.0024650716222822,69.2825698852539,1.0,100
polymer_sensitivity_v1-0004-737bf45b,1510.0,21957.732421875,46551340.0,16.31440544128418,14934.34765625,262.87115478515625,0.0057772588916122,100.0,151000.0,0.0948002338409423,71.65258026123047,1.0,100
polymer_sensitivity_v1-0004-737bf45b,1535.0,18091.69921875,47003632.0,0.9551891684532166,14958.2275390625,262.9588317871094,0.0025800662115216,100.0,153500.0,0.0024708262644708,71.71434783935547,1.0,100
polymer_sensitivity_v1-0004-737bf45b,1560.0,21936.03515625,47552036.0,16.696983337402344,15375.6513671875,262.8810729980469,0.0057674273848533,100.0,156000.0,0.0968572571873664,74.13578033447266,1.0,100
polymer_sensitivity_v1-0004-737bf45b,1585.0,18076.533203125,48003948.0,0.9543864727020264,15399.51171875,262.9699401855469,0.0025896895676851,100.0,158500.0,0.0024779818486422,74.1977310180664,1.0,100
polymer_sensitivity_v1-0004-737bf45b,1610.0,21915.556640625,48551836.0,17.071325302124023,15826.294921875,262.8904113769531,0.0057582915760576,100.0,161000.0,0.098871000111103,76.66950225830078,1.0,100
polymer_sensitivity_v1-0004-737bf45b,1635.0,18059.162109375,49003316.0,0.9534673690795898,15850.130859375,262.9805603027344,0.0026004682295024,100.0,163500.0,0.0024859262630343,76.73165130615234,1.0,100
polymer_sensitivity_v1-0004-737bf45b,1660.0,21893.21875,49550648.0,17.43798828125,16286.0810546875,262.8992004394531,0.0057501606643199,100.0,166000.0,0.1008511409163475,79.2529296875,1.0,100
polymer_sensitivity_v1-0004-737bf45b,1685.0,18041.3671875,50001680.0,0.9525259733200072,16309.8935546875,262.9906921386719,0.0026123230345547,100.0,168500.0,0.002494822954759,79.31529998779297,1.0,100
polymer_sensitivity_v1-0004-737bf45b,1710.0,21870.494140625,50548444.0,17.790904998779297,16754.666015625,262.9075012207031,0.005743162240833,100.0,171000.0,0.1027662605047226,81.88446044921875,1.0,100
polymer_sensitivity_v1-0004-737bf45b,1735.0,18040.052734375,50999444.0,0.9524548053741456,16778.478515625,263.0001525878906,0.0026251687668263,100.0,173500.0,0.002506935968995,81.94712829589844,1.0,100
polymer_sensitivity_v1-0004-737bf45b,1760.0,21857.77734375,51545888.0,18.12442398071289,17231.587890625,262.9148254394531,0.0057373736053705,100.0,176000.0,0.1045866385102272,84.56179809570312,1.0,100
polymer_sensitivity_v1-0004-737bf45b,1785.0,18034.61328125,51996756.0,0.9521658420562744,17255.392578125,263.0089416503906,0.0026389150880277,100.0,178500.0,0.002519333269447,84.6247787475586,1.0,100
polymer_sensitivity_v1-0004-737bf45b,1810.0,21842.486328125,52542816.0,18.432226181030277,17716.19921875,262.9215393066406,0.005733024328947,100.0,181000.0,0.1062817201018333,87.28182220458984,1.0,100
polymer_sensitivity_v1-0004-737bf45b,1835.0,18023.974609375,52993416.0,0.9516053795814514,17739.98828125,263.01727294921875,0.0026534788776189,100.0,183500.0,0.0025317827239632,87.3451156616211,1.0,100
polymer_sensitivity_v1-0004-737bf45b,1860.0,21823.669921875,53539008.0,18.72762680053711,18208.1796875,262.9280090332031,0.0057303016074001,100.0,186000.0,0.1079334393143653,90.04345703125,1.0,100
polymer_sensitivity_v1-0004-737bf45b,1885.0,18006.275390625,53989164.0,0.9503424167633056,18231.9375,263.0250244140625,0.0026678352151066,100.0,188500.0,0.0025421390309929,90.10700988769533,1.0,100
polymer_sensitivity_v1-0004-737bf45b,1910.0,21806.296875,54534320.0,18.99747657775879,18706.875,262.9342956542969,0.0057291463017463,100.0,191000.0,0.109466478228569,92.84366607666016,1.0,100
polymer_sensitivity_v1-0004-737bf45b,1935.0,17994.029296875,54984172.0,0.949869990348816,18730.62109375,263.0328063964844,0.0026842071674764,100.0,193500.0,0.0025565098039805,92.90758514404295,1.0,100
polymer_sensitivity_v1-0004-737bf45b,1960.0,21787.04296875,55528848.0,19.25009155273437,19211.873046875,262.94049072265625,0.0057292920537292,100.0,196000.0,0.1109249144792556,95.68070220947266,1.0,100
polymer_sensitivity_v1-0004-737bf45b,1985.0,17982.533203125,55978412.0,0.9493892788887024,19235.609375,263.0404052734375,0.0027009770274162,100.0,198500.0,0.0025712233036756,95.74498748779295,1.0,100
polymer_sensitivity_v1-0004-737bf45b,2010.0,21765.521484375,56522548.0,19.493188858032227,19722.9375,262.9466552734375,0.0057308273389935,100.0,201000.0,0.1123559921979904,98.55388641357422,1.0,100
polymer_sensitivity_v1-0004-737bf45b,2035.0,17966.107421875,56971704.0,0.9486527442932128,19746.654296875,263.0477600097656,0.0027182188350707,100.0,203500.0,0.0025856741704046,98.6185302734375,1.0,100
polymer_sensitivity_v1-0004-737bf45b,2060.0,21746.357421875,57515360.0,19.71675682067871,20239.57421875,262.95269775390625,0.0057337083853781,100.0,206000.0,0.1137020736932754,101.4610824584961,1.0,100
polymer_sensitivity_v1-0004-737bf45b,2085.0,17955.150390625,57964240.0,0.94817453622818,20263.27734375,263.054931640625,0.0027357579674571,100.0,208500.0,0.0026010919827967,101.52610778808594,1.0,100
polymer_sensitivity_v1-0004-737bf45b,2110.0,21733.048828125,58507568.0,19.919580459594727,20761.267578125,262.95855712890625,0.0057378993369638,100.0,211000.0,0.1149561554193496,104.40000915527344,1.0,100
polymer_sensitivity_v1-0004-737bf45b,2135.0,17954.26171875,58956424.0,0.9481847286224364,20784.97265625,263.0610656738281,0.002753491513431,100.0,213500.0,0.0026180273853242,104.46546173095705,1.0,100
polymer_sensitivity_v1-0004-737bf45b,2160.0,21725.732421875,59499568.0,20.12351417541504,21288.060546875,262.96295166015625,0.0057434751652181,100.0,216000.0,0.1162465512752533,107.3716278076172,1.0,100
polymer_sensitivity_v1-0004-737bf45b,2185.0,17960.32421875,59948576.0,0.9485288858413696,21311.7734375,263.0660705566406,0.0027713933959603,100.0,218500.0,0.0026360522024333,107.4375228881836,1.0,100
polymer_sensitivity_v1-0004-737bf45b,2210.0,21717.58984375,60491516.0,20.309404373168945,21819.5078125,262.9670715332031,0.005750314798206,100.0,221000.0,0.1174609065055847,110.3740463256836,1.0,100
polymer_sensitivity_v1-0004-737bf45b,2235.0,17975.783203125,60940908.0,0.9493514895439148,21843.2421875,263.070556640625,0.0027894803788512,100.0,223500.0,0.0026556048542261,110.44043731689452,1.0,100
polymer_sensitivity_v1-0004-737bf45b,2260.0,21704.50390625,61483520.0,20.447864532470703,22354.439453125,262.9706420898437,0.0057579083368182,100.0,226000.0,0.118418775498867,113.40090942382812,1.0,100
polymer_sensitivity_v1-0004-737bf45b,2285.0,17991.646484375,61933312.0,0.9294208288192748,22377.673828125,263.0748596191406,0.0027467359323054,100.0,228500.0,0.0025599049404263,113.46490478515624,1.0,100
polymer_sensitivity_v1-0004-737bf45b,2310.0,21683.40234375,62475396.0,20.592119216918945,22892.4765625,262.9737548828125,0.0057655251584947,100.0,231000.0,0.1194128543138504,116.45022583007812,1.0,100
polymer_sensitivity_v1-0004-737bf45b,2335.0,17993.3046875,62925232.0,0.9501402974128724,22916.23046875,263.078857421875,0.002826286945492,100.0,233500.0,0.0026929802261292,116.5175552368164,1.0,100
polymer_sensitivity_v1-0004-737bf45b,2360.0,21663.439453125,63466816.0,20.666820526123047,23432.900390625,262.9769592285156,0.0057750432752072,100.0,236000.0,0.1200450509786605,119.5186767578125,1.0,100
polymer_sensitivity_v1-0004-737bf45b,2385.0,18003.341796875,63916900.0,0.9505942463874816,23456.666015625,263.0829467773437,0.0028445979114621,100.0,238500.0,0.0027117724530398,119.5864715576172,1.0,100
polymer_sensitivity_v1-0004-737bf45b,2410.0,21645.23046875,64458032.0,20.75743103027344,23975.6015625,262.9798889160156,0.0057855886407196,100.0,241000.0,0.1207928210496902,122.60629272460938,1.0,100
polymer_sensitivity_v1-0004-737bf45b,2435.0,18016.337890625,64908440.0,0.9512251615524292,23999.3828125,263.08648681640625,0.002862975699827,100.0,243500.0,0.0027311537414789,122.67456817626952,1.0,100
polymer_sensitivity_v1-0004-737bf45b,2460.0,21627.31640625,65449120.0,20.83268547058105,24520.19921875,262.9825134277344,0.0057967887260019,100.0,246000.0,0.1214667931199073,125.71124267578124,1.0,100
polymer_sensitivity_v1-0004-737bf45b,2485.0,18032.130859375,65899924.0,0.9520505666732788,24544.0,263.0898742675781,0.0028813907410949,100.0,248500.0,0.0027511569205671,125.78002166748048,1.0,100
polymer_sensitivity_v1-0004-737bf45b,2510.0,21611.375,66440208.0,20.856569290161133,25065.4140625,262.98504638671875,0.0058074635453522,100.0,251000.0,0.12183129042387,128.8258056640625,1.0,100
polymer_sensitivity_v1-0004-737bf45b,2535.0,18046.091796875,66891360.0,0.9527990818023682,25089.234375,263.09307861328125,0.0028996847104281,100.0,253500.0,0.0027708515990525,128.89508056640625,1.0,100
polymer_sensitivity_v1-0004-737bf45b,2560.0,21593.708984375,67431208.0,20.87827682495117,25611.19140625,262.987548828125,0.0058180820196866,100.0,256000.0,0.1221823915839195,131.9496307373047,1.0,100
polymer_sensitivity_v1-0004-737bf45b,2585.0,18058.732421875,67882672.0,0.9534561038017272,25635.02734375,263.09625244140625,0.002917754696682,100.0,258500.0,0.0027900920249521,132.01937866210938,1.0,100
polymer_sensitivity_v1-0004-737bf45b,2610.0,21576.681640625,68422088.0,20.90218162536621,26157.58203125,262.99005126953125,0.0058287219144403,100.0,261000.0,0.1225472912192344,135.08306884765625,1.0,100
polymer_sensitivity_v1-0004-737bf45b,2635.0,18069.443359375,68873824.0,0.9540082216262816,26181.43359375,263.09942626953125,0.0029356724116951,100.0,263500.0,0.002808901714161,135.15328979492188,1.0,100
polymer_sensitivity_v1-0004-737bf45b,2660.0,21559.21484375,69412808.0,20.92860412597656,26704.6484375,262.9925842285156,0.0058394223451614,100.0,266000.0,0.1229287981986999,138.2265167236328,1.0,100
polymer_sensitivity_v1-0004-737bf45b,2685.0,18084.517578125,69864920.0,0.9548026919364928,26728.517578125,263.10223388671875,0.0029534930363297,100.0,268500.0,0.0028283565770834,138.29722595214844,1.0,100
polymer_sensitivity_v1-0004-737bf45b,2710.0,21543.18359375,70403496.0,20.95470428466797,27252.38671875,262.994873046875,0.005850241985172,100.0,271000.0,0.1233114972710609,141.3800048828125,1.0,100
polymer_sensitivity_v1-0004-737bf45b,2735.0,18102.30078125,70856056.0,0.9557393193244934,27276.279296875,263.1050720214844,0.0029711972456425,100.0,273500.0,0.0028481525368988,141.4512176513672,1.0,100
polymer_sensitivity_v1-0004-737bf45b,2760.0,21524.646484375,71394176.0,20.97639274597168,27800.689453125,262.9970703125,0.0058611170388758,100.0,276000.0,0.1236699372529983,144.54295349121094,1.0,100
polymer_sensitivity_v1-0004-737bf45b,2785.0,18117.46875,71847112.0,0.956538736820221,27824.603515625,263.10791015625,0.0029887994751334,100.0,278500.0,0.0028674728237092,144.61463928222656,1.0,100
polymer_sensitivity_v1-0004-737bf45b,2810.0,21504.537109375,72384720.0,20.997751235961918,28349.546875,262.9993591308594,0.0058721266686916,100.0,281000.0,0.1240297779440879,147.71539306640625,1.0,100
polymer_sensitivity_v1-0004-737bf45b,2835.0,18134.083984375,72838072.0,0.9575595855712892,28373.486328125,263.11102294921875,0.0030067292973399,100.0,283500.0,0.0028878052253276,147.78758239746094,1.0,100
polymer_sensitivity_v1-0004-737bf45b,2860.0,21482.87109375,73375144.0,21.016759872436523,28898.904296875,263.00164794921875,0.0058832108043134,100.0,286000.0,0.1243777722120285,150.89703369140625,1.0,100
polymer_sensitivity_v1-0004-737bf45b,2885.0,18148.416015625,73828856.0,0.958074390888214,28922.85546875,263.1141967773437,0.0030234795995056,100.0,288500.0,0.002905503148213,150.96966552734375,1.0,100
polymer_sensitivity_v1-0004-737bf45b,2910.0,21460.9765625,74365384.0,21.03769302368164,29448.798828125,263.0040283203125,0.0058944472111761,100.0,291000.0,0.1247408539056778,154.08819580078125,1.0,100
polymer_sensitivity_v1-0004-737bf45b,2935.0,18157.8515625,74819328.0,0.9962850213050842,29473.705078125,263.1175231933594,0.0031388069037348,100.0,293500.0,0.00313699292019,154.16661071777344,1.0,100
polymer_sensitivity_v1-0004-737bf45b,2960.0,21437.75390625,75355272.0,21.03623580932617,29999.611328125,263.0068054199219,0.0059053446166217,100.0,296000.0,0.1249641850590705,157.29071044921875,1.0,100
polymer_sensitivity_v1-0004-737bf45b,3010.0,19448.046875,76327672.0,1.0268322229385376,30050.953125,263.146728515625,0.0030948547646403,100.0,301000.0,0.0031877623405307,157.45010375976562,1.0,100
polymer_sensitivity_v1-0004-737bf45b,3060.0,20782.056640625,77366776.0,18.814844131469727,30991.6953125,262.9967346191406,0.0058352281339466,100.0,306000.0,0.1104333028197288,162.97177124023438,1.0,100
polymer_sensitivity_v1-0004-737bf45b,3160.0,20153.810546875,79382160.0,1.0640316009521484,31098.09765625,263.1700134277344,0.0032028201967477,100.0,316000.0,0.0034188518766313,163.31365966796875,1.0,100
polymer_sensitivity_v1-0004-737bf45b,3260.0,20166.748046875,81398832.0,17.50970458984375,32849.0703125,262.9900817871094,0.0057132197543978,100.0,326000.0,0.100611612200737,173.37481689453125,1.0,100
polymer_sensitivity_v1-0004-737bf45b,3360.0,20009.826171875,83399816.0,1.0564240217208862,32954.7109375,263.1842346191406,0.0032808838877826,100.0,336000.0,0.0034774139057844,173.72256469726562,1.0,100
polymer_sensitivity_v1-0004-737bf45b,3460.0,20040.458984375,85403864.0,17.940622329711914,34748.7734375,263.0043029785156,0.0056384475901722,100.0,346000.0,0.1017308607697486,183.8956451416016,1.0,100
polymer_sensitivity_v1-0004-737bf45b,3560.0,20015.24609375,87405384.0,1.0567058324813845,34854.4453125,263.20245361328125,0.0033625396899878,100.0,356000.0,0.0035652031656354,184.25216674804688,1.0,100
polymer_sensitivity_v1-0004-737bf45b,3660.0,19945.15625,89399904.0,18.33761215209961,36688.20703125,263.02130126953125,0.0055811889469623,100.0,366000.0,0.1029201000928878,194.54417419433597,1.0,100
polymer_sensitivity_v1-0004-737bf45b,3760.0,20031.564453125,91403056.0,1.057563304901123,36793.9609375,263.22125244140625,0.0034456129651516,100.0,376000.0,0.0036565528716892,194.9098358154297,1.0,100
polymer_sensitivity_v1-0004-737bf45b,3860.0,19857.634765625,93388824.0,18.689498901367188,38662.91015625,263.0399780273437,0.0055484878830611,100.0,386000.0,0.1042770370841026,205.3375396728516,1.0,100
polymer_sensitivity_v1-0004-737bf45b,3960.0,20047.294921875,95393552.0,1.058390498161316,38768.75,263.2411804199219,0.0035286620259284,100.0,396000.0,0.0037479274906218,205.7123260498047,1.0,100
polymer_sensitivity_v1-0004-737bf45b,4060.0,19757.798828125,97369328.0,19.067550659179688,40675.50390625,263.0626220703125,0.0055367276072502,100.0,406000.0,0.1061596125364303,216.3282928466797,1.0,100
polymer_sensitivity_v1-0004-737bf45b,4160.0,20062.1640625,99375544.0,1.05917227268219,40781.421875,263.2631530761719,0.003610857296735,100.0,416000.0,0.0038383798673748,216.71212768554688,1.0,100
polymer_sensitivity_v1-0004-737bf45b,4260.0,19686.79296875,101344224.0,19.339841842651367,42715.40625,263.0848083496094,0.0055409925989806,100.0,426000.0,0.1077590137720108,227.48802185058597,1.0,100
polymer_sensitivity_v1-0004-737bf45b,4360.0,20069.765625,103351200.0,1.0595709085464478,42821.36328125,263.2870483398437,0.0036915794480592,100.0,436000.0,0.0039259833283722,227.8806304931641,1.0,100
polymer_sensitivity_v1-0004-737bf45b,4460.0,19620.8515625,105313288.0,19.6044921875,44781.8125,263.1091613769531,0.0055598262697458,100.0,446000.0,0.1096069663763046,238.84132385253903,1.0,100
polymer_sensitivity_v1-0004-737bf45b,4560.0,20067.541015625,107320040.0,1.0594509840011597,44887.7578125,263.3135681152344,0.0037705590948462,100.0,456000.0,0.0040098414756357,239.2423095703125,1.0,100
polymer_sensitivity_v1-0004-737bf45b,4660.0,19556.142578125,109275656.0,19.845609664916992,46872.3203125,263.1372375488281,0.0055907345376908,100.0,466000.0,0.1115753278136253,250.39984130859372,1.0,100
polymer_sensitivity_v1-0004-737bf45b,4760.0,19991.783203125,111274832.0,1.5668320655822754,47029.00390625,263.3420715332031,0.0043890518136322,100.0,476000.0,0.0069072232581675,251.09056091308597,1.0,100
polymer_sensitivity_v1-0004-737bf45b,4860.0,20758.734375,113350712.0,3.5193660259246826,47380.9375,263.3744201660156,0.0049981512129306,100.0,486000.0,0.0176786836236715,252.85842895507807,1.0,100
polymer_sensitivity_v1-0004-737bf45b,4960.0,20880.509765625,115438760.0,3.491161823272705,47730.0546875,263.3943176269531,0.0049965884536504,100.0,496000.0,0.0175314955413341,254.611572265625,1.0,100
polymer_sensitivity_v1-0004-737bf45b,5060.0,20864.619140625,117525224.0,3.7144062519073486,48101.49609375,263.41217041015625,0.0050328699871897,100.0,506000.0,0.0187886841595172,256.4904479980469,1.0,100
polymer_sensitivity_v1-0004-737bf45b,5160.0,20861.7890625,119611400.0,3.760978221893311,48477.59375,263.42950439453125,0.0050556701608002,100.0,516000.0,0.0191108845174312,258.40155029296875,1.0,100
polymer_sensitivity_v1-0004-737bf45b,5260.0,20865.08984375,121697912.0,3.792038679122925,48856.796875,263.4456787109375,0.0050806389190256,100.0,526000.0,0.0193643625825643,260.3379821777344,1.0,100
polymer_sensitivity_v1-0004-737bf45b,5360.0,20862.923828125,123784200.0,3.821664333343506,49238.96484375,263.4615478515625,0.0051077720709145,100.0,536000.0,0.019620407372713,262.3000183105469,1.0,100
polymer_sensitivity_v1-0004-737bf45b,5460.0,20856.109375,125869816.0,3.845437049865722,49623.5078125,263.4776611328125,0.0051360353827476,100.0,546000.0,0.0198522638529539,264.2852478027344,1.0,100
polymer_sensitivity_v1-0004-737bf45b,5560.0,20853.869140625,127955200.0,3.869666576385498,50010.4765625,263.4934387207031,0.0051651499234139,100.0,556000.0,0.0200911816209554,266.2943725585937,1.0,100
polymer_sensitivity_v1-0004-737bf45b,5660.0,20847.931640625,130039992.0,3.8924789428710938,50399.72265625,263.5094299316406,0.0051947305910289,100.0,566000.0,0.0203259661793708,268.32696533203125,1.0,100
polymer_sensitivity_v1-0004-737bf45b,5760.0,20839.515625,132123944.0,3.9139928817749023,50791.12109375,263.526123046875,0.0052245571278035,100.0,576000.0,0.0205562766641378,270.382568359375,1.0,100
polymer_sensitivity_v1-0004-737bf45b,5860.0,20827.60546875,134206704.0,3.928936958312988,51184.015625,263.54400634765625,0.0052541717886924,100.0,586000.0,0.0207523461431264,272.45782470703125,1.0,100
polymer_sensitivity_v1-0004-737bf45b,5960.0,20816.21875,136288320.0,3.94075345993042,51578.08984375,263.5631103515625,0.0052835741080343,100.0,596000.0,0.0209318567067384,274.5509948730469,1.0,100
polymer_sensitivity_v1-0004-737bf45b,6060.0,20812.267578125,138369552.0,3.9524412155151367,51973.3359375,263.5825500488281,0.0053127305582165,100.0,606000.0,0.0211104098707437,276.6620483398437,1.0,100
polymer_sensitivity_v1-0004-737bf45b,6160.0,20804.318359375,140449984.0,3.963646650314331,52369.69921875,263.6028747558594,0.0053416173905134,100.0,616000.0,0.0212859865278005,278.7906494140625,1.0,100
polymer_sensitivity_v1-0004-737bf45b,6260.0,20803.15234375,142530304.0,3.976008892059326,52767.30078125,263.6230773925781,0.0053701847791671,100.0,626000.0,0.0214671865105628,280.9373474121094,1.0,100
polymer_sensitivity_v1-0004-737bf45b,6360.0,20799.875,144610288.0,3.9878220558166495,53166.08203125,263.6436462402344,0.0053984196856617,100.0,636000.0,0.0216447841376066,283.1018371582031,1.0,100
polymer_sensitivity_v1-0004-737bf45b,6460.0,20803.166015625,146690608.0,4.000990867614746,53566.18359375,263.6635437011719,0.0054263402707874,100.0,646000.0,0.0218291897326707,285.2847595214844,1.0,100
polymer_sensitivity_v1-0004-737bf45b,6560.0,20799.556640625,148770560.0,4.013007640838623,53967.484375,263.6837463378906,0.0054539716802537,100.0,656000.0,0.0220068544149398,287.4854431152344,1.0,100
polymer_sensitivity_v1-0004-737bf45b,6660.0,20802.01171875,150850768.0,4.026354789733887,54370.1171875,263.70330810546875,0.0054813516326248,100.0,666000.0,0.0221915040165185,289.70458984375,1.0,100
polymer_sensitivity_v1-0004-737bf45b,6760.0,20804.708984375,152931232.0,4.039881229400635,54774.10546875,263.7223205566406,0.0055085225030779,100.0,676000.0,0.0223770402371883,291.9422912597656,1.0,100
polymer_sensitivity_v1-0004-737bf45b,6860.0,20805.54296875,155011792.0,4.053220272064209,55179.4296875,263.7411193847656,0.0055355345830321,100.0,686000.0,0.0225616320967674,294.1984558105469,1.0,100
polymer_sensitivity_v1-0004-737bf45b,6960.0,20801.359375,157091920.0,4.065767288208008,55586.00390625,263.76031494140625,0.0055624395608901,100.0,696000.0,0.0227420851588249,296.47265625,1.0,100
polymer_sensitivity_v1-0004-737bf45b,7060.0,20798.64453125,159171792.0,4.078860282897949,55993.890625,263.7796936035156,0.0055892961099743,100.0,706000.0,0.0229260995984077,298.7652893066406,1.0,100
polymer_sensitivity_v1-0004-737bf45b,7160.0,20795.046875,161251296.0,4.092042446136475,56403.09375,263.79937744140625,0.0056161624379456,100.0,716000.0,0.0231113713234663,301.076416015625,1.0,100
polymer_sensitivity_v1-0004-737bf45b,7260.0,20787.392578125,163330032.0,4.104660987854004,56813.5625,263.8199768066406,0.005643093958497,100.0,726000.0,0.0232944414019584,303.4058532714844,1.0,100
polymer_sensitivity_v1-0004-737bf45b,7360.0,20784.421875,165408480.0,4.118617057800293,57225.421875,263.8408203125,0.0056701563298702,100.0,736000.0,0.0234863739460706,305.7544860839844,1.0,100
polymer_sensitivity_v1-0004-737bf45b,7460.0,20783.966796875,167486864.0,4.133484363555908,57638.7734375,263.861572265625,0.0056974119506776,100.0,746000.0,0.0236851070076227,308.1230163574219,1.0,100
polymer_sensitivity_v1-0004-737bf45b,7560.0,20786.17578125,169565488.0,4.149378299713135,58053.7109375,263.8818054199219,0.005724926944822,100.0,756000.0,0.0238916650414466,310.5121765136719,1.0,100
polymer_sensitivity_v1-0004-737bf45b,7660.0,20784.197265625,171643904.0,4.164855003356934,58470.1953125,263.90203857421875,0.0057527590543031,100.0,766000.0,0.0240980368107557,312.9219665527344,1.0,100
polymer_sensitivity_v1-0004-737bf45b,7760.0,20791.537109375,173723056.0,4.182612895965576,58888.45703125,263.9208679199219,0.0057809730060398,100.0,776000.0,0.0243201665580272,315.35400390625,1.0,100
polymer_sensitivity_v1-0004-737bf45b,7860.0,20790.185546875,175802080.0,4.199100971221924,59308.3671875,263.9396057128906,0.0058096149004995,100.0,786000.0,0.0245377141982316,317.8077697753906,1.0,100
polymer_sensitivity_v1-0004-737bf45b,7960.0,20787.16015625,177880800.0,4.21591854095459,59729.95703125,263.9584655761719,0.0058387541212141,100.0,796000.0,0.0247602798044681,320.2837829589844,1.0,100
polymer_sensitivity_v1-0004-737bf45b,8060.0,20786.01171875,179959392.0,4.233770370483398,60153.3359375,263.97711181640625,0.0058684586547315,100.0,806000.0,0.024992374703288,322.78302001953125,1.0,100
polymer_sensitivity_v1-0004-737bf45b,8160.0,20782.013671875,182037600.0,4.251721858978272,60578.5078125,263.9960021972656,0.0058987913653254,100.0,816000.0,0.025228839367628,325.305908203125,1.0,100
polymer_sensitivity_v1-0004-737bf45b,8260.0,20774.283203125,184115024.0,4.269500732421875,61005.45703125,264.0157165527344,0.0059297187253832,100.0,826000.0,0.0254679564386606,327.85272216796875,1.0,100
polymer_sensitivity_v1-0004-737bf45b,8360.0,20765.41015625,186191568.0,4.287097454071045,61434.16796875,264.0364074707031,0.0059611783362925,100.0,836000.0,0.0257094111293554,330.42364501953125,1.0,100
polymer_sensitivity_v1-0004-737bf45b,8460.0,20754.041015625,188266976.0,4.3047404289245605,61864.640625,264.0584716796875,0.005993430968374,100.0,846000.0,0.0259557273238897,333.01922607421875,1.0,100
polymer_sensitivity_v1-0004-737bf45b,8560.0,20747.09375,190341680.0,4.324126720428467,62297.0546875,264.0812072753906,0.0060265455394983,100.0,856000.0,0.0262175481766462,335.6409912109375,1.0,100
polymer_sensitivity_v1-0004-737bf45b,8660.0,20735.51953125,192415232.0,4.343455791473389,62731.3984375,264.1052551269531,0.0060605877079069,100.0,866000.0,0.0264844056218862,338.2894287109375,1.0,100
polymer_sensitivity_v1-0004-737bf45b,8760.0,20726.859375,194487920.0,4.364350318908691,63167.8359375,264.1301574707031,0.0060956310480833,100.0,876000.0,0.0267666298896074,340.9660949707031,1.0,100
polymer_sensitivity_v1-0004-737bf45b,8860.0,20718.921875,196559808.0,4.386410713195801,63606.4765625,264.1558837890625,0.0061317523941397,100.0,886000.0,0.0270623210817575,343.6723022460937,1.0,100
polymer_sensitivity_v1-0004-737bf45b,8960.0,20715.59375,198631376.0,4.410505771636963,64047.52734375,264.1816711425781,0.0061690327711403,100.0,896000.0,0.0273774471133947,346.4100646972656,1.0,100
polymer_sensitivity_v1-0004-737bf45b,9060.0,20708.06640625,200702176.0,4.434544086456299,64490.98046875,264.2081298828125,0.0062075466848909,100.0,906000.0,0.0276995860040187,349.1800231933594,1.0,100
polymer_sensitivity_v1-0004-737bf45b,9160.0,20707.76953125,202772960.0,4.461565017700195,64937.13671875,264.2341003417969,0.0062473812140524,100.0,916000.0,0.0280483271926641,351.98486328125,1.0,100
polymer_sensitivity_v1-0004-737bf45b,9260.0,20703.09765625,204843264.0,4.489375114440918,65386.07421875,264.26031494140625,0.0062885931693017,100.0,926000.0,0.0284105166792869,354.8258972167969,1.0,100
polymer_sensitivity_v1-0004-737bf45b,9360.0,20696.79296875,206912944.0,4.518165111541748,65837.890625,264.28692626953125,0.0063312491402029,100.0,936000.0,0.0287878941744565,357.7046813964844,1.0,100
polymer_sensitivity_v1-0004-737bf45b,9460.0,20688.162109375,208981760.0,4.547891616821289,66292.6796875,264.3143005371094,0.0063754273578524,100.0,946000.0,0.0291807949542999,360.6227722167969,1.0,100
polymer_sensitivity_v1-0004-737bf45b,9560.0,20681.421875,211049904.0,4.579103946685791,66750.59375,264.342041015625,0.0064212032593786,100.0,956000.0,0.0295933820307254,363.5821228027344,1.0,100
polymer_sensitivity_v1-0004-737bf45b,9660.0,20677.203125,213117616.0,4.611336708068848,67211.7265625,264.3699035644531,0.0064686369150877,100.0,966000.0,0.0300232712179422,366.5844421386719,1.0,100
polymer_sensitivity_v1-0004-737bf45b,9760.0,20661.4921875,215183776.0,4.643290519714356,67676.0546875,264.3995361328125,0.0065178242512047,100.0,976000.0,0.0304627045989036,369.6307067871094,1.0,100
polymer_sensitivity_v1-0004-737bf45b,9860.0,20643.265625,217248096.0,4.677053451538086,68143.7578125,264.4312744140625,0.0065688672475516,100.0,986000.0,0.0309260915964841,372.7233276367188,1.0,100
polymer_sensitivity_v1-0004-737bf45b,9960.0,20622.63671875,219310368.0,4.712779521942139,68615.0390625,264.4654235839844,0.0066218576394021,100.0,996000.0,0.0314153842628002,375.8648681640625,1.0,100
polymer_sensitivity_v1-0004-737bf45b,10060.0,20596.119140625,221369968.0,4.7498297691345215,69090.0234375,264.5028381347656,0.0066769304685294,100.0,1006000.0,0.0319274626672267,379.0576171875,1.0,100
polymer_sensitivity_v1-0004-737bf45b,10160.0,20568.423828125,223426816.0,4.789326190948486,69568.953125,264.543701171875,0.0067336149513721,100.0,1016000.0,0.0324681065976619,382.3044128417969,1.0,100
polymer_sensitivity_v1-0004-737bf45b,10260.0,20542.017578125,225481024.0,4.833115577697754,70052.265625,264.5877990722656,0.0067911772057414,100.0,1026000.0,0.0330469720065593,385.6091003417969,1.0,100
polymer_sensitivity_v1-0004-737bf45b,10360.0,20516.763671875,227532688.0,4.8804473876953125,70540.3046875,264.6347961425781,0.0068500638008117,100.0,1036000.0,0.0336619615554809,388.9753112792969,1.0,100
polymer_sensitivity_v1-0004-737bf45b,10460.0,20479.65625,229580656.0,4.928267478942871,71033.1328125,264.6864929199219,0.0069106644950807,100.0,1046000.0,0.0342946015298366,392.4047546386719,1.0,100
polymer_sensitivity_v1-0004-737bf45b,10560.0,20458.033203125,231626464.0,4.984434604644775,71531.578125,264.7404479980469,0.0069734062999486,100.0,1056000.0,0.0350025743246078,395.905029296875,1.0,100
polymer_sensitivity_v1-0004-737bf45b,10660.0,20426.90625,233669152.0,5.043502807617188,72035.9296875,264.7984924316406,0.0070386966690421,100.0,1066000.0,0.0357513278722763,399.4801635742188,1.0,100
polymer_sensitivity_v1-0004-737bf45b,10760.0,20393.44140625,235708496.0,5.106335639953613,72546.5625,264.8617858886719,0.0071069481782615,100.0,1076000.0,0.0365502201020717,403.13519287109375,1.0,100
polymer_sensitivity_v1-0004-737bf45b,10860.0,20354.64453125,237743968.0,5.173954963684082,73063.9609375,264.9297790527344,0.0071785827167332,100.0,1086000.0,0.0374102145433425,406.8761901855469,1.0,100
polymer_sensitivity_v1-0004-737bf45b,10960.0,20314.111328125,239775376.0,5.2478132247924805,73588.7421875,265.0025329589844,0.0072540994733572,100.0,1096000.0,0.0383463241159915,410.7108459472656,1.0,100
polymer_sensitivity_v1-0005-d0a64fb5,1.0,1531512.375,1531512.375,438.47698974609375,438.47698974609375,271.0106811523437,0.0037272712215781,150.0,150.0,1.6404370069503784,1.6404370069503784,1.0,150
polymer_sensitivity_v1-0005-d0a64fb5,2.0,731013.5,2262525.75,186.03976440429688,624.5167236328125,270.6353454589844,0.0037339874543249,150.0,300.0,0.6972737312316895,2.3377108573913574,1.0,150
polymer_sensitivity_v1-0005-d0a64fb5,3.0,540516.9375,2803042.75,122.67273712158205,747.189453125,270.3501892089844,0.0037017043214291,150.0,450.0,0.4557853639125824,2.7934961318969727,1.0,150
polymer_sensitivity_v1-0005-d0a64fb5,4.0,451399.53125,3254442.25,96.90632629394533,844.0958251953125,270.08514404296875,0.0036829102318733,150.0,600.0,0.3582165837287903,3.151712656021118,1.0,150
polymer_sensitivity_v1-0005-d0a64fb5,5.0,397999.625,3652442.0,82.77828216552734,926.8740844726562,269.8422241210937,0.0036711718421429,150.0,750.0,0.3050130307674408,3.456725835800171,1.0,150
polymer_sensitivity_v1-0005-d0a64fb5,6.0,361713.4375,4014155.25,73.63459777832031,1000.5086669921876,269.6207580566406,0.0036625657230615,150.0,900.0,0.2706829309463501,3.727408647537232,1.0,150
polymer_sensitivity_v1-0005-d0a64fb5,7.0,335124.6875,4349280.0,67.14888763427734,1067.6575927734375,269.4166564941406,0.0036557225976139,150.0,1050.0,0.246378406882286,3.973787069320679,1.0,150
polymer_sensitivity_v1-0005-d0a64fb5,8.0,314589.40625,4663869.5,62.27430725097656,1129.931884765625,269.2276611328125,0.0036501113791018,150.0,1200.0,0.2281408905982971,4.20192813873291,1.0,150
polymer_sensitivity_v1-0005-d0a64fb5,9.0,298036.34375,4961906.0,58.448280334472656,1188.380126953125,269.0496520996094,0.0036454715300351,150.0,1350.0,0.213851124048233,4.415779113769531,1.0,150
polymer_sensitivity_v1-0005-d0a64fb5,10.0,284245.03125,5246151.0,55.34200286865234,1243.72216796875,268.88201904296875,0.0036416053771972,150.0,1500.0,0.2022703289985656,4.618049621582031,1.0,150
polymer_sensitivity_v1-0005-d0a64fb5,13.0,255177.546875,6011683.5,49.160526275634766,1391.2037353515625,268.4389343261719,0.0036342917010188,150.0,1950.0,0.179315373301506,5.15599536895752,1.0,150
polymer_sensitivity_v1-0005-d0a64fb5,15.0,239413.359375,6490510.0,45.88500595092773,1482.9737548828125,268.1738586425781,0.003630032762885,150.0,2250.0,0.167170912027359,5.490337371826172,1.0,150
polymer_sensitivity_v1-0005-d0a64fb5,20.0,210860.046875,7544810.5,40.25382232666016,1684.242919921875,267.6305847167969,0.0036228492390364,150.0,3000.0,0.1463637948036193,6.222156524658203,1.0,150
polymer_sensitivity_v1-0005-d0a64fb5,25.0,188714.828125,8488385.0,35.384517669677734,1861.1654052734373,267.17156982421875,0.0036090326029807,150.0,3750.0,0.1281664371490478,6.862988471984863,1.0,150
polymer_sensitivity_v1-0005-d0a64fb5,30.0,170594.734375,9341358.0,31.437477111816406,2018.352783203125,266.77545166015625,0.0035954599734395,150.0,4500.0,0.1134400591254234,7.430188655853271,1.0,150
polymer_sensitivity_v1-0005-d0a64fb5,35.0,155367.09375,10118194.0,28.17037773132324,2159.204833984375,266.4355163574219,0.003582416800782,150.0,5250.0,0.1012808606028556,7.936593055725098,1.0,150
polymer_sensitivity_v1-0005-d0a64fb5,40.0,142309.75,10829743.0,25.40064239501953,2286.2080078125,266.13641357421875,0.0035696739796549,150.0,6000.0,0.0909968391060829,8.39157772064209,1.0,150
polymer_sensitivity_v1-0005-d0a64fb5,45.0,130967.65625,11484581.0,23.015783309936523,2401.286865234375,265.8715209960937,0.003557100193575,150.0,6750.0,0.0821617022156715,8.802386283874512,1.0,150
polymer_sensitivity_v1-0005-d0a64fb5,50.0,121077.5625,12089969.0,20.94580078125,2506.015869140625,265.6363525390625,0.0035445471294224,150.0,7500.0,0.0745074748992919,9.174922943115234,1.0,150
polymer_sensitivity_v1-0005-d0a64fb5,55.0,112423.4765625,12652086.0,18.956954956054688,2600.800537109375,265.42486572265625,0.0035274338442832,150.0,8250.0,0.067106120288372,9.510454177856444,1.0,150
polymer_sensitivity_v1-0005-d0a64fb5,60.0,104878.546875,13176479.0,16.943605422973633,2685.5185546875,265.23321533203125,0.0035020145587623,150.0,9000.0,0.0595452785491943,9.80817985534668,1.0,150
polymer_sensitivity_v1-0005-d0a64fb5,70.0,92589.9609375,14102378.0,13.270999908447266,2818.228759765625,264.9154357910156,0.0034323460422456,150.0,10500.0,0.0457075461745262,10.26525592803955,1.0,150
polymer_sensitivity_v1-0005-d0a64fb5,80.0,82500.25,14927381.0,10.093947410583496,2919.168212890625,264.65167236328125,0.0033352733589708,150.0,12000.0,0.0337787345051765,10.603042602539062,1.0,150
polymer_sensitivity_v1-0005-d0a64fb5,100.0,68433.25,16296046.0,5.584204196929932,3030.852294921875,264.27374267578125,0.0030351234599947,150.0,15000.0,0.0170003473758697,10.943050384521484,1.0,150
polymer_sensitivity_v1-0005-d0a64fb5,120.0,58697.52734375,17469996.0,3.09983229637146,3092.848876953125,263.995361328125,0.0025889580138027,150.0,18000.0,0.0080461669713258,11.103973388671877,1.0,150
polymer_sensitivity_v1-0005-d0a64fb5,140.0,53555.421875,18541104.0,35.81725311279297,3809.19384765625,263.6869201660156,0.003856194904074,150.0,21000.0,0.1386529803276062,13.877033233642578,1.0,150
polymer_sensitivity_v1-0005-d0a64fb5,160.0,42746.70703125,19396040.0,2.257195949554444,3854.337890625,263.5878295898437,0.0026059616357088,150.0,24000.0,0.005897534545511,13.994983673095703,1.0,150
polymer_sensitivity_v1-0005-d0a64fb5,180.0,44519.62890625,20286432.0,29.2008056640625,4438.35400390625,263.389404296875,0.0039535402320325,150.0,27000.0,0.1159047931432724,16.313079833984375,1.0,150
polymer_sensitivity_v1-0005-d0a64fb5,200.0,35739.06640625,21001212.0,1.8871053457260127,4476.09619140625,263.3666381835937,0.0026198895648121,150.0,30000.0,0.0049569942057132,16.412220001220703,1.0,150
polymer_sensitivity_v1-0005-d0a64fb5,220.0,39763.203125,21796476.0,25.982370376586918,4995.74365234375,263.2256774902344,0.0040720072574913,150.0,33000.0,0.1062329784035682,18.53687858581543,1.0,150
polymer_sensitivity_v1-0005-d0a64fb5,240.0,32035.619140625,22437190.0,1.691473126411438,5029.57275390625,263.2434387207031,0.0026314365677535,150.0,36000.0,0.0044627473689615,18.62613296508789,1.0,150
polymer_sensitivity_v1-0005-d0a64fb5,260.0,37127.13671875,23179732.0,24.05271339416504,5510.626953125,263.1352233886719,0.0041982941329479,150.0,39000.0,0.1014060974121093,20.65425491333008,1.0,150
polymer_sensitivity_v1-0005-d0a64fb5,280.0,30014.001953125,23780012.0,1.5847324132919312,5542.32177734375,263.1751708984375,0.0026411302387714,150.0,42000.0,0.0041965683922171,20.738187789916992,1.0,150
polymer_sensitivity_v1-0005-d0a64fb5,300.0,35631.6796875,24492646.0,22.82668685913086,5998.85546875,263.0860595703125,0.0043274275958538,150.0,45000.0,0.0992101579904556,22.72239112854004,1.0,150
polymer_sensitivity_v1-0005-d0a64fb5,320.0,28906.8984375,25070784.0,1.5262808799743652,6029.38134765625,263.13824462890625,0.0026492306496948,150.0,48000.0,0.004054210614413,22.80347442626953,1.0,150
polymer_sensitivity_v1-0005-d0a64fb5,340.0,34762.08984375,25766026.0,22.000333786010746,6469.3876953125,263.0604553222656,0.0044526164419949,150.0,51000.0,0.098397172987461,24.77141761779785,1.0,150
polymer_sensitivity_v1-0005-d0a64fb5,360.0,28293.564453125,26331896.0,1.4939221143722534,6499.26611328125,263.119384765625,0.0026560234837234,150.0,54000.0,0.0039784591645002,24.85098648071289,1.0,150
polymer_sensitivity_v1-0005-d0a64fb5,380.0,34244.984375,27016796.0,21.44887924194336,6928.24365234375,263.04864501953125,0.0045689526014029,150.0,57000.0,0.0984487235546112,26.81996154785156,1.0,150
polymer_sensitivity_v1-0005-d0a64fb5,400.0,27957.435546875,27575946.0,1.4761803150177002,6957.767578125,263.1112365722656,0.0026616784743964,150.0,60000.0,0.0039396034553647,26.898754119873047,1.0,150
polymer_sensitivity_v1-0005-d0a64fb5,420.0,33924.4375,28254434.0,21.062929153442383,7379.02587890625,263.0450134277344,0.0046817064285278,150.0,63000.0,0.0990742892026901,28.880239486694336,1.0,150
polymer_sensitivity_v1-0005-d0a64fb5,440.0,27819.62890625,28810826.0,1.4689247608184814,7408.40478515625,263.1090393066406,0.0026659031864255,150.0,66000.0,0.0039264787919819,28.95876884460449,1.0,150
polymer_sensitivity_v1-0005-d0a64fb5,460.0,33757.0703125,29485968.0,20.451122283935547,7817.4267578125,263.04595947265625,0.004782869014889,150.0,69000.0,0.0982851237058639,30.924470901489254,1.0,150
polymer_sensitivity_v1-0005-d0a64fb5,480.0,27809.15625,30042152.0,1.4683409929275513,7846.7939453125,263.110107421875,0.0026681220624595,150.0,72000.0,0.003928193822503,31.003034591674805,1.0,150
polymer_sensitivity_v1-0005-d0a64fb5,493.3333435058594,34339.6171875,30500012.0,22.59642791748047,8148.07958984375,263.0588684082031,0.0048907976597547,150.0,74000.0,0.1110577210783958,32.48380661010742,1.0,150
polymer_sensitivity_v1-0005-d0a64fb5,500.0,24700.3828125,30664682.0,1.3041919469833374,8156.77392578125,263.0950622558594,0.0026634701061993,150.0,75000.0,0.0034829531796276,32.507022857666016,1.0,150
polymer_sensitivity_v1-0005-d0a64fb5,510.0,34352.57421875,31008208.0,22.69090843200684,8383.68359375,263.0567321777344,0.0049470271915197,150.0,76500.0,0.1128106117248535,33.6351318359375,1.0,150
polymer_sensitivity_v1-0005-d0a64fb5,520.0,26145.189453125,31269660.0,1.380483627319336,8397.48828125,263.1007080078125,0.0026626870967447,150.0,78000.0,0.0036856096703559,33.6719856262207,1.0,150
polymer_sensitivity_v1-0005-d0a64fb5,540.0,33276.5234375,31935190.0,18.42611694335937,8766.0107421875,263.049072265625,0.0049716914072632,150.0,81000.0,0.092066690325737,35.51332092285156,1.0,150
polymer_sensitivity_v1-0005-d0a64fb5,560.0,27734.759765625,32489886.0,1.4644213914871216,8795.298828125,263.11480712890625,0.0026616838295012,150.0,84000.0,0.003908229060471,35.59148406982422,1.0,150
polymer_sensitivity_v1-0005-d0a64fb5,580.0,33337.6171875,33156638.0,18.67439079284668,9168.7861328125,263.06036376953125,0.0050487187691032,150.0,87000.0,0.0947601571679115,37.48668670654297,1.0,150
polymer_sensitivity_v1-0005-d0a64fb5,600.0,27855.498046875,33713748.0,1.4707986116409302,9198.2021484375,263.1248779296875,0.0026601599529385,150.0,90000.0,0.0039229951798915,37.56514739990234,1.0,150
polymer_sensitivity_v1-0005-d0a64fb5,620.0,33290.1640625,34379552.0,18.526914596557617,9568.7412109375,263.0704345703125,0.005110865458846,150.0,93000.0,0.0951749980449676,39.46864700317383,1.0,150
polymer_sensitivity_v1-0005-d0a64fb5,640.0,27907.150390625,34937692.0,1.4735270738601685,9598.2119140625,263.13494873046875,0.002658293582499,150.0,96000.0,0.0039275079034268,39.54719924926758,1.0,150
polymer_sensitivity_v1-0005-d0a64fb5,660.0,33227.90625,35602252.0,18.427223205566406,9966.755859375,263.0808410644531,0.0051656025461852,150.0,99000.0,0.0956819653511047,41.46083831787109,1.0,150
polymer_sensitivity_v1-0005-d0a64fb5,680.0,27932.80078125,36160908.0,1.4748817682266235,9996.25390625,263.14569091796875,0.0026562991552054,150.0,102000.0,0.0039281616918742,41.53940200805664,1.0,150
polymer_sensitivity_v1-0005-d0a64fb5,700.0,33161.6875,36824140.0,18.396635055541992,10364.1865234375,263.09185791015625,0.0052141337655484,150.0,105000.0,0.096425287425518,43.4679069519043,1.0,150
polymer_sensitivity_v1-0005-d0a64fb5,720.0,27943.853515625,37383020.0,1.4754652976989746,10393.6953125,263.1573486328125,0.0026543617714196,150.0,108000.0,0.003926842007786,43.54644393920898,1.0,150
polymer_sensitivity_v1-0005-d0a64fb5,740.0,33096.14453125,38044940.0,18.428754806518555,10762.2705078125,263.1036071777344,0.0052569778636097,150.0,111000.0,0.0973915383219719,45.4942741394043,1.0,150
polymer_sensitivity_v1-0005-d0a64fb5,760.0,27957.7265625,38604096.0,1.4761972427368164,10791.794921875,263.169677734375,0.0026526416186243,150.0,114000.0,0.0039262371137738,45.57279968261719,1.0,150
polymer_sensitivity_v1-0005-d0a64fb5,780.0,33041.1796875,39264920.0,18.52034950256348,11162.201171875,263.1161499023437,0.0052943313494324,150.0,117000.0,0.0985747501254081,47.54429244995117,1.0,150
polymer_sensitivity_v1-0005-d0a64fb5,800.0,27964.58203125,39824212.0,1.4765584468841553,11191.732421875,263.1835327148437,0.0026512802578508,150.0,120000.0,0.0039251768030226,47.62279891967773,1.0,150
polymer_sensitivity_v1-0005-d0a64fb5,820.0,32981.953125,40483852.0,18.66095352172852,11564.9521484375,263.1297607421875,0.0053271325305104,150.0,123000.0,0.0999417677521705,49.62163162231445,1.0,150
polymer_sensitivity_v1-0005-d0a64fb5,840.0,27986.525390625,41043580.0,1.4777158498764038,11594.505859375,263.1981201171875,0.0026504034176468,150.0,126000.0,0.0039269509725272,49.700172424316406,1.0,150
polymer_sensitivity_v1-0005-d0a64fb5,860.0,32920.2734375,41701988.0,18.819561004638672,11970.8974609375,263.1434020996094,0.0053547946736216,150.0,129000.0,0.1013174131512641,51.72652053833008,1.0,150
polymer_sensitivity_v1-0005-d0a64fb5,880.0,28008.36328125,42262152.0,1.4788674116134644,12000.474609375,263.2132568359375,0.002650118432939,150.0,132000.0,0.0039295880123972,51.80511093139648,1.0,150
polymer_sensitivity_v1-0005-d0a64fb5,900.0,32850.8828125,42919172.0,19.001026153564453,12380.4951171875,263.1572265625,0.0053779166191816,150.0,135000.0,0.1027384549379348,53.85988235473633,1.0,150
polymer_sensitivity_v1-0005-d0a64fb5,920.0,28025.4296875,43479680.0,1.479755163192749,12410.08984375,263.2284240722656,0.0026504877023398,150.0,138000.0,0.0039324956014752,53.93852996826172,1.0,150
polymer_sensitivity_v1-0005-d0a64fb5,940.0,32789.31640625,44135468.0,19.21953773498535,12794.4814453125,263.1709899902344,0.0053971274755895,150.0,141000.0,0.1042931750416755,56.02439498901367,1.0,150
polymer_sensitivity_v1-0005-d0a64fb5,960.0,28027.80859375,44696024.0,1.4798904657363892,12824.0791015625,263.2437744140625,0.0026516262441873,150.0,144000.0,0.0039345496334135,56.10308456420898,1.0,150
polymer_sensitivity_v1-0005-d0a64fb5,980.0,32725.439453125,45350532.0,19.478410720825195,13213.6474609375,263.1852111816406,0.0054132812656462,150.0,147000.0,0.1060160100460052,58.22340774536133,1.0,150
polymer_sensitivity_v1-0005-d0a64fb5,1000.0,28026.408203125,45911060.0,1.479801893234253,13243.2431640625,263.2596130371094,0.0026535105425864,150.0,150000.0,0.0039371172897517,58.30214691162109,1.0,150
polymer_sensitivity_v1-0005-d0a64fb5,1020.0,32664.923828125,46564356.0,19.77185821533203,13638.6806640625,263.1996459960937,0.0054265861399471,150.0,153000.0,0.107879102230072,60.45973205566406,1.0,150
polymer_sensitivity_v1-0005-d0a64fb5,1040.0,28032.3359375,47125004.0,1.4801100492477417,13668.2822265625,263.2762145996094,0.0026562535203993,150.0,156000.0,0.0039420183748006,60.538570404052734,1.0,150
polymer_sensitivity_v1-0005-d0a64fb5,1060.0,32614.06640625,47777284.0,20.098073959350582,14070.244140625,263.2142028808594,0.0054371440783143,150.0,159000.0,0.1098735257983207,62.73604202270508,1.0,150
polymer_sensitivity_v1-0005-d0a64fb5,1080.0,28040.08203125,48338088.0,1.4805152416229248,14099.8544921875,263.2926025390625,0.0026598752010613,150.0,162000.0,0.0039484882727265,62.81501007080078,1.0,150
polymer_sensitivity_v1-0005-d0a64fb5,1100.0,32573.7890625,48989564.0,20.44830322265625,14508.8203125,263.2296142578125,0.0054453364573419,150.0,165000.0,0.1119575425982475,65.05416107177734,1.0,150
polymer_sensitivity_v1-0005-d0a64fb5,1120.0,28057.205078125,49550708.0,1.4814331531524658,14538.44921875,263.3103332519531,0.0026644284371286,150.0,168000.0,0.0039577176794409,65.13331604003906,1.0,150
polymer_sensitivity_v1-0005-d0a64fb5,1140.0,32543.642578125,50201580.0,20.811872482299805,14954.6865234375,263.2451477050781,0.00545150693506,150.0,171000.0,0.1140779629349708,67.41487884521484,1.0,150
polymer_sensitivity_v1-0005-d0a64fb5,1160.0,28083.3203125,50763248.0,1.4827935695648191,14984.3427734375,263.32666015625,0.0026698363944888,150.0,174000.0,0.0039694141596555,67.4942626953125,1.0,150
polymer_sensitivity_v1-0005-d0a64fb5,1180.0,32518.53515625,51413616.0,21.180322647094727,15407.94921875,263.25982666015625,0.005455981940031,150.0,177000.0,0.1161934062838554,69.81813049316406,1.0,150
polymer_sensitivity_v1-0005-d0a64fb5,1200.0,28088.00390625,51975376.0,1.4830385446548462,15437.609375,263.3426818847656,0.002676180563867,150.0,180000.0,0.0039795292541384,69.89772033691406,1.0,150
polymer_sensitivity_v1-0005-d0a64fb5,1220.0,32483.16796875,52625040.0,21.54730224609375,15868.5556640625,263.274169921875,0.0054594031535089,150.0,183000.0,0.1182811558246612,72.26334381103516,1.0,150
polymer_sensitivity_v1-0005-d0a64fb5,1240.0,28081.904296875,53186680.0,1.4827139377593994,15898.2099609375,263.3581237792969,0.0026834167074412,150.0,186000.0,0.0039894450455904,72.34313201904297,1.0,150
polymer_sensitivity_v1-0005-d0a64fb5,1260.0,32442.23828125,53835524.0,21.913837432861328,16336.486328125,263.28814697265625,0.0054622278548777,150.0,189000.0,0.1203557848930358,74.75025177001953,1.0,150
polymer_sensitivity_v1-0005-d0a64fb5,1285.0,28540.611328125,54549040.0,1.506946086883545,16374.16015625,263.3821716308594,0.0026971243787556,150.0,192750.0,0.0040754131041467,74.85213470458984,1.0,150
polymer_sensitivity_v1-0005-d0a64fb5,1310.0,32192.435546875,55353848.0,21.520654678344727,16912.17578125,263.3016967773437,0.0054438626393675,150.0,196500.0,0.1177967637777328,77.79705810546875,1.0,150
polymer_sensitivity_v1-0005-d0a64fb5,1335.0,28452.01953125,56065152.0,1.5022635459899902,16949.732421875,263.3992614746094,0.0027095191180706,150.0,200250.0,0.0040814708918333,77.89909362792969,1.0,150
polymer_sensitivity_v1-0005-d0a64fb5,1360.0,32126.291015625,56868308.0,22.018238067626957,17500.189453125,263.3174133300781,0.0054378253407776,150.0,204000.0,0.1203859820961952,80.90873718261719,1.0,150
polymer_sensitivity_v1-0005-d0a64fb5,1385.0,28412.427734375,57578620.0,1.5003477334976196,17537.697265625,263.4171447753906,0.002723773708567,150.0,207750.0,0.004097769036889,81.01118469238281,1.0,150
polymer_sensitivity_v1-0005-d0a64fb5,1410.0,32070.806640625,58380388.0,22.52731704711914,18100.880859375,263.333251953125,0.0054336083121597,150.0,211500.0,0.1230733469128608,84.08802032470703,1.0,150
polymer_sensitivity_v1-0005-d0a64fb5,1435.0,28402.759765625,59090456.0,1.499769687652588,18138.375,263.43475341796875,0.0027390134055167,150.0,215250.0,0.0041191717609763,84.19099426269531,1.0,150
polymer_sensitivity_v1-0005-d0a64fb5,1460.0,32037.787109375,59891404.0,23.0162353515625,18713.78125,263.34844970703125,0.0054306169040501,150.0,219000.0,0.1256748437881469,87.33287048339844,1.0,150
polymer_sensitivity_v1-0005-d0a64fb5,1485.0,28396.806640625,60601324.0,1.4993972778320312,18751.265625,263.4514465332031,0.0027555443812161,150.0,222750.0,0.0041430722922086,87.43644714355469,1.0,150
polymer_sensitivity_v1-0005-d0a64fb5,1510.0,32013.0546875,61401648.0,23.477025985717773,19338.19140625,263.3629455566406,0.0054290099069476,150.0,226500.0,0.1281527429819107,90.64026641845705,1.0,150
polymer_sensitivity_v1-0005-d0a64fb5,1535.0,28387.046875,62111324.0,1.4988172054290771,19375.662109375,263.46710205078125,0.0027730350848287,150.0,230250.0,0.0041678301058709,90.74446105957033,1.0,150
polymer_sensitivity_v1-0005-d0a64fb5,1560.0,31992.8203125,62911144.0,23.857383728027344,19972.095703125,263.3771667480469,0.0054277116432785,150.0,234000.0,0.130197674036026,93.99940490722656,1.0,150
polymer_sensitivity_v1-0005-d0a64fb5,1585.0,28402.822265625,63621216.0,1.499667048454285,20009.587890625,263.4819641113281,0.0027911500073969,150.0,237750.0,0.0041975118219852,94.10433959960938,1.0,150
polymer_sensitivity_v1-0005-d0a64fb5,1610.0,31992.40625,64421028.0,24.10495948791504,20612.212890625,263.3900756835937,0.0054245144128799,150.0,241500.0,0.1314708739519119,97.39111328125,1.0,150
polymer_sensitivity_v1-0005-d0a64fb5,1635.0,28415.73828125,65131420.0,1.500329852104187,20649.720703125,263.4964599609375,0.0028094593435525,150.0,245250.0,0.0042269909754395,97.49678802490234,1.0,150
polymer_sensitivity_v1-0005-d0a64fb5,1660.0,31958.798828125,65930388.0,24.32360076904297,21257.810546875,263.40399169921875,0.0054208706133067,150.0,249000.0,0.1325737535953521,100.81112670898438,1.0,150
polymer_sensitivity_v1-0005-d0a64fb5,1685.0,28403.359375,66640472.0,1.499674677848816,21295.302734375,263.5121459960937,0.0028280394617468,150.0,252750.0,0.0042531671933829,100.9174575805664,1.0,150
polymer_sensitivity_v1-0005-d0a64fb5,1710.0,31923.77734375,67438568.0,24.52914428710937,21908.53125,263.4183044433594,0.0054172333329916,150.0,256500.0,0.1336038559675216,104.25755310058594,1.0,150
polymer_sensitivity_v1-0005-d0a64fb5,1735.0,28407.443359375,68148752.0,1.4998891353607178,21946.02734375,263.52716064453125,0.0028468428645282,150.0,260250.0,0.0042821392416954,104.36460876464844,1.0,150
polymer_sensitivity_v1-0005-d0a64fb5,1760.0,31897.982421875,68946200.0,24.72438621520996,22564.138671875,263.431640625,0.0054138796404004,150.0,264000.0,0.1345834732055664,107.72919464111328,1.0,150
polymer_sensitivity_v1-0005-d0a64fb5,1785.0,28416.109375,69656608.0,1.5003454685211182,22601.646484375,263.5409851074219,0.0028658548835664,150.0,267750.0,0.0043121301569044,107.83699798583984,1.0,150
polymer_sensitivity_v1-0005-d0a64fb5,1810.0,31878.98046875,70453584.0,24.91389274597168,23224.494140625,263.4442443847656,0.0054110609926283,150.0,271500.0,0.1355440318584442,111.22560119628906,1.0,150
polymer_sensitivity_v1-0005-d0a64fb5,1835.0,28417.80078125,71164024.0,1.5004338026046753,23262.00390625,263.5542907714844,0.0028850622475147,150.0,275250.0,0.0043413704261183,111.33413696289062,1.0,150
polymer_sensitivity_v1-0005-d0a64fb5,1860.0,31863.4765625,71960616.0,25.093599319458008,23889.34375,263.4562072753906,0.0054089399054646,150.0,279000.0,0.1364679187536239,114.74583435058594,1.0,150
polymer_sensitivity_v1-0005-d0a64fb5,1885.0,28415.13671875,72670992.0,1.5002425909042358,23926.8515625,263.5668029785156,0.00290437345393,150.0,282750.0,0.0043699569068849,114.8550796508789,1.0,150
polymer_sensitivity_v1-0005-d0a64fb5,1910.0,31843.66015625,73467080.0,25.2662296295166,24558.505859375,263.4677429199219,0.0054076449014246,150.0,286500.0,0.1373736709356308,118.28942108154295,1.0,150
polymer_sensitivity_v1-0005-d0a64fb5,1935.0,28417.333984375,74177520.0,1.5003482103347778,24596.015625,263.57928466796875,0.0029239170253276,150.0,290250.0,0.00439975829795,118.3994140625,1.0,150
polymer_sensitivity_v1-0005-d0a64fb5,1960.0,31818.31640625,74972976.0,25.412073135375977,25231.31640625,263.479248046875,0.0054071815684437,150.0,294000.0,0.1381547302007675,121.85328674316406,1.0,150
polymer_sensitivity_v1-0005-d0a64fb5,1985.0,28441.283203125,75684008.0,1.5016729831695557,25268.859375,263.5909118652344,0.0029437278863042,150.0,297750.0,0.004433567635715,121.96412658691406,1.0,150
polymer_sensitivity_v1-0005-d0a64fb5,2010.0,31786.35546875,76478664.0,25.51746940612793,25906.794921875,263.490478515625,0.0054074684157967,150.0,301500.0,0.1387351155281067,125.43250274658205,1.0,150
polymer_sensitivity_v1-0005-d0a64fb5,2035.0,28452.9140625,77189984.0,1.5022878646850586,25944.353515625,263.6026306152344,0.0029635783284902,150.0,305250.0,0.0044653816148638,125.54413604736328,1.0,150
polymer_sensitivity_v1-0005-d0a64fb5,2060.0,31749.3984375,77983720.0,25.61385726928711,26584.69921875,263.5018310546875,0.0054088365286588,150.0,309000.0,0.1392945945262909,129.02650451660156,1.0,150
polymer_sensitivity_v1-0005-d0a64fb5,2085.0,28471.2734375,78695504.0,1.5032590627670288,26622.28125,263.6143798828125,0.0029835540335625,150.0,312750.0,0.0044984761625528,129.1389617919922,1.0,150
polymer_sensitivity_v1-0005-d0a64fb5,2110.0,31713.12890625,79488336.0,25.69823265075684,27264.736328125,263.5131530761719,0.0054111704230308,150.0,316500.0,0.1398140788078308,132.63430786132812,1.0,150
polymer_sensitivity_v1-0005-d0a64fb5,2135.0,28521.4921875,80201368.0,1.50590717792511,27302.384765625,263.6238708496094,0.003003628225997,150.0,320250.0,0.0045368121936917,132.74774169921875,1.0,150
polymer_sensitivity_v1-0005-d0a64fb5,2160.0,31599.6328125,80991360.0,26.02226448059082,27952.94140625,263.52471923828125,0.0054142489098012,150.0,324000.0,0.1416579931974411,136.2891845703125,1.0,150
polymer_sensitivity_v1-0005-d0a64fb5,2185.0,28610.162109375,81706616.0,1.510583996772766,27990.705078125,263.6299743652344,0.0030238709878176,150.0,327750.0,0.0045816651545464,136.4037322998047,1.0,150
polymer_sensitivity_v1-0005-d0a64fb5,2210.0,31633.470703125,82497448.0,26.200197219848636,28645.7109375,263.5293884277344,0.0054171718657016,150.0,331500.0,0.1427040249109268,139.97132873535156,1.0,150
polymer_sensitivity_v1-0005-d0a64fb5,2235.0,28603.87890625,83212552.0,1.5102531909942627,28683.466796875,263.6356201171875,0.003044209908694,150.0,335250.0,0.0046115661971271,140.08660888671875,1.0,150
polymer_sensitivity_v1-0005-d0a64fb5,2260.0,31624.38671875,84003160.0,26.34924697875977,29342.197265625,263.5345458984375,0.0054222401231527,150.0,339000.0,0.1436508595943451,143.67788696289062,1.0,150
polymer_sensitivity_v1-0005-d0a64fb5,2285.0,28590.607421875,84717920.0,1.5095542669296265,29379.9375,263.64111328125,0.0030645926017314,150.0,342750.0,0.0046403896994888,143.7938995361328,1.0,150
polymer_sensitivity_v1-0005-d0a64fb5,2310.0,31609.65625,85508168.0,26.477636337280277,30041.876953125,263.5401916503906,0.0054294764995574,150.0,346500.0,0.1445445120334625,147.4075164794922,1.0,150
polymer_sensitivity_v1-0005-d0a64fb5,2335.0,28577.150390625,86222592.0,1.5088444948196411,30079.59765625,263.6471252441406,0.0030849976465106,150.0,350250.0,0.0046691861934959,147.5242462158203,1.0,150
polymer_sensitivity_v1-0005-d0a64fb5,2360.0,31585.078125,87012224.0,26.578744888305664,30744.06640625,263.5467529296875,0.0054388800635933,150.0,354000.0,0.1453491449356079,151.15797424316406,1.0,150
polymer_sensitivity_v1-0005-d0a64fb5,2385.0,28559.955078125,87726216.0,1.5079379081726074,30781.765625,263.65399169921875,0.0031054127030074,150.0,357750.0,0.0046973568387329,151.27540588378906,1.0,150
polymer_sensitivity_v1-0005-d0a64fb5,2410.0,31566.333984375,88515376.0,26.674346923828125,31448.625,263.5536804199219,0.0054496815428137,150.0,361500.0,0.1461632400751114,154.9294891357422,1.0,150
polymer_sensitivity_v1-0005-d0a64fb5,2435.0,28551.359375,89229160.0,1.5074833631515503,31486.310546875,263.66119384765625,0.0031258165836334,150.0,365250.0,0.0047268918715417,155.0476531982422,1.0,150
polymer_sensitivity_v1-0005-d0a64fb5,2460.0,31556.228515625,90018064.0,26.771791458129883,32155.60546875,263.5605163574219,0.0054630180820822,150.0,369000.0,0.1470581591129303,158.72410583496094,1.0,150
polymer_sensitivity_v1-0005-d0a64fb5,2485.0,28549.8203125,90731816.0,1.5074045658111572,32193.291015625,263.6683654785156,0.0031462083570659,150.0,372750.0,0.0047575775533914,158.84304809570312,1.0,150
polymer_sensitivity_v1-0005-d0a64fb5,2510.0,31532.00390625,91520112.0,26.88034439086914,32865.30078125,263.56793212890625,0.0054771467112004,150.0,376500.0,0.1480384021997451,162.54400634765625,1.0,150
polymer_sensitivity_v1-0005-d0a64fb5,2535.0,28526.873046875,92233288.0,1.5061922073364258,32902.953125,263.6767883300781,0.0031665752176195,150.0,380250.0,0.0047846217639744,162.6636199951172,1.0,150
polymer_sensitivity_v1-0005-d0a64fb5,2560.0,31501.240234375,93020816.0,26.95506477355957,33576.83203125,263.5770874023437,0.0054925684817135,150.0,384000.0,0.1488702297210693,166.3853759765625,1.0,150
polymer_sensitivity_v1-0005-d0a64fb5,2585.0,28510.123046875,93733568.0,1.5053073167800903,33614.46484375,263.68634033203125,0.0031869013328105,150.0,387750.0,0.0048126028850674,166.5056915283203,1.0,150
polymer_sensitivity_v1-0005-d0a64fb5,2610.0,31489.212890625,94520800.0,27.031150817871094,34290.2421875,263.586669921875,0.0055093104019761,150.0,391500.0,0.1497480124235153,170.2493896484375,1.0,150
polymer_sensitivity_v1-0005-d0a64fb5,2635.0,28501.05078125,95233328.0,1.5048288106918335,34327.86328125,263.6962890625,0.0032071820460259,150.0,395250.0,0.0048417882062494,170.3704376220703,1.0,150
polymer_sensitivity_v1-0005-d0a64fb5,2660.0,31529.431640625,96021560.0,26.929048538208008,35001.08984375,263.59600830078125,0.005527903791517,150.0,399000.0,0.149688646197319,174.11265563964844,1.0,150
polymer_sensitivity_v1-0005-d0a64fb5,2685.0,28522.3828125,96734624.0,1.5059564113616943,35038.73828125,263.70709228515625,0.0032273977994918,150.0,402750.0,0.0048760576173663,174.23455810546875,1.0,150
polymer_sensitivity_v1-0005-d0a64fb5,2710.0,31428.482421875,97520336.0,27.05144500732422,35715.0234375,263.607177734375,0.0055467328056693,150.0,406500.0,0.1508840471506118,178.00665283203125,1.0,150
polymer_sensitivity_v1-0005-d0a64fb5,2735.0,28516.40625,98233240.0,1.505642294883728,35752.6640625,263.71844482421875,0.003247607499361,150.0,410250.0,0.0049056666903197,178.12930297851562,1.0,150
polymer_sensitivity_v1-0005-d0a64fb5,2760.0,31467.673828125,99019936.0,26.951311111450195,36426.44921875,263.61785888671875,0.0055657569319009,150.0,414000.0,0.150844007730484,181.90040588378903,1.0,150
polymer_sensitivity_v1-0005-d0a64fb5,2785.0,28537.103515625,99733360.0,1.5067366361618042,36464.1171875,263.7304992675781,0.0032677589915692,150.0,417750.0,0.0049397940747439,182.02389526367188,1.0,150
polymer_sensitivity_v1-0005-d0a64fb5,2810.0,31432.076171875,100519168.0,26.91248893737793,37136.9296875,263.62921142578125,0.0055859829299151,150.0,421500.0,0.1511771827936172,185.80332946777344,1.0,150
polymer_sensitivity_v1-0005-d0a64fb5,2835.0,28554.673828125,101233032.0,1.5076576471328735,37174.62109375,263.74346923828125,0.0032878899946808,150.0,425250.0,0.0049733645282685,185.9276580810547,1.0,150
polymer_sensitivity_v1-0005-d0a64fb5,2860.0,31385.580078125,102017672.0,26.8878173828125,37846.81640625,263.64190673828125,0.0056059332564473,150.0,429000.0,0.1515810638666153,189.7171936035156,1.0,150
polymer_sensitivity_v1-0005-d0a64fb5,2885.0,28569.666015625,102731912.0,1.5084500312805176,37884.52734375,263.7574768066406,0.0033080335706472,150.0,432750.0,0.005006565246731,189.84234619140625,1.0,150
polymer_sensitivity_v1-0005-d0a64fb5,2910.0,31341.484375,103515448.0,26.870710372924805,38556.296875,263.6555480957031,0.0056257243268191,150.0,436500.0,0.1520224511623382,193.64291381835935,1.0,150
polymer_sensitivity_v1-0005-d0a64fb5,2935.0,28573.650390625,104229792.0,1.5086607933044434,38594.01171875,263.77276611328125,0.0033281866926699,150.0,440250.0,0.005037872120738,193.76885986328125,1.0,150
polymer_sensitivity_v1-0005-d0a64fb5,2960.0,31294.43359375,105012152.0,26.861347198486328,39265.546875,263.6705627441406,0.0056455177254974,150.0,444000.0,0.1525072008371353,197.58154296875,1.0,150
polymer_sensitivity_v1-0005-d0a64fb5,3010.0,29954.197265625,106509864.0,1.5833120346069336,39344.7109375,263.81805419921875,0.0033931345678865,150.0,451500.0,0.0053906822577118,197.85107421875,1.0,150
polymer_sensitivity_v1-0005-d0a64fb5,3060.0,30524.8828125,108036104.0,24.374940872192383,40563.45703125,263.6900634765625,0.0055919247679412,150.0,459000.0,0.1370693147182464,204.7045440673828,1.0,150
polymer_sensitivity_v1-0005-d0a64fb5,3160.0,30671.279296875,111103232.0,1.619443416595459,40725.40234375,263.8868713378906,0.0035184563603252,150.0,474000.0,0.0057180598378181,205.2763519287109,1.0,150
polymer_sensitivity_v1-0005-d0a64fb5,3260.0,29864.951171875,114089728.0,23.11506080627441,43036.91015625,263.7445983886719,0.0054911090992391,150.0,489000.0,0.1276281327009201,218.0391540527344,1.0,150
polymer_sensitivity_v1-0005-d0a64fb5,3360.0,30438.23046875,117133552.0,2.5477054119110107,43291.6796875,263.95654296875,0.0042591746896505,150.0,504000.0,0.0108975367620587,219.12890625,1.0,150
polymer_sensitivity_v1-0005-d0a64fb5,3460.0,31209.634765625,120254512.0,5.071689605712891,43798.84765625,264.0078430175781,0.0047747478820383,150.0,519000.0,0.0243322197347879,221.5621337890625,1.0,150
polymer_sensitivity_v1-0005-d0a64fb5,3560.0,31218.18359375,123376336.0,5.746429443359375,44373.4921875,264.04608154296875,0.0048312772996723,150.0,534000.0,0.0278973747044801,224.35186767578125,1.0,150
polymer_sensitivity_v1-0005-d0a64fb5,3660.0,31218.693359375,126498200.0,5.938427925109863,44967.33203125,264.0802917480469,0.0048598749563097,150.0,549000.0,0.0290009584277868,227.25196838378903,1.0,150
polymer_sensitivity_v1-0005-d0a64fb5,3760.0,31210.064453125,129619208.0,5.917506217956543,45559.0859375,264.1160888671875,0.004887658637017,150.0,564000.0,0.0290648099035024,230.158447265625,1.0,150
polymer_sensitivity_v1-0005-d0a64fb5,3860.0,31197.0703125,132738920.0,5.921884059906006,46151.2734375,264.1533508300781,0.0049231755547225,150.0,579000.0,0.0292987171560525,233.08831787109372,1.0,150
polymer_sensitivity_v1-0005-d0a64fb5,3960.0,31172.228515625,135856144.0,5.936974048614502,46744.96875,264.19366455078125,0.004963057115674,150.0,594000.0,0.0296125095337629,236.0495758056641,1.0,150
polymer_sensitivity_v1-0005-d0a64fb5,4060.0,31150.859375,138971232.0,5.958948135375977,47340.86328125,264.2364807128906,0.0050056525506079,150.0,609000.0,0.0299784857779741,239.04742431640625,1.0,150
polymer_sensitivity_v1-0005-d0a64fb5,4160.0,31127.91796875,142084016.0,5.983473300933838,47939.2109375,264.2818603515625,0.0050499197095632,150.0,624000.0,0.0303694233298301,242.08436584472656,1.0,150
polymer_sensitivity_v1-0005-d0a64fb5,4260.0,31123.87890625,145196400.0,6.012965679168701,48540.5078125,264.32720947265625,0.0050952732563018,150.0,639000.0,0.0307946093380451,245.163818359375,1.0,150
polymer_sensitivity_v1-0005-d0a64fb5,4360.0,31117.486328125,148308160.0,6.042723655700684,49144.78125,264.37274169921875,0.0051413737237453,150.0,654000.0,0.0312284585088491,248.2866668701172,1.0,150
polymer_sensitivity_v1-0005-d0a64fb5,4460.0,31114.544921875,151419616.0,6.073646068572998,49752.14453125,264.4181823730469,0.0051880292594432,150.0,669000.0,0.0316745825111866,251.45413208007807,1.0,150
polymer_sensitivity_v1-0005-d0a64fb5,4560.0,31102.09765625,154529824.0,6.10317850112915,50362.46484375,264.4649658203125,0.005235135089606,150.0,684000.0,0.0321191139519214,254.66603088378903,1.0,150
polymer_sensitivity_v1-0005-d0a64fb5,4660.0,31089.5625,157638768.0,6.133255481719971,50975.7890625,264.5130615234375,0.0052826558239758,150.0,699000.0,0.032571941614151,257.9232177734375,1.0,150
polymer_sensitivity_v1-0005-d0a64fb5,4760.0,31082.51953125,160747024.0,6.164886474609375,51592.27734375,264.5622863769531,0.0053305895999073,150.0,714000.0,0.0330385938286781,261.2270812988281,1.0,150
polymer_sensitivity_v1-0005-d0a64fb5,4860.0,31070.68359375,163854096.0,6.196380615234375,52211.9140625,264.6130676269531,0.0053789764642715,150.0,729000.0,0.0335104390978813,264.578125,1.0,150
polymer_sensitivity_v1-0005-d0a64fb5,4960.0,31071.927734375,166961280.0,6.231535911560059,52835.0703125,264.66326904296875,0.0054278909228742,150.0,744000.0,0.03400868922472,267.97900390625,1.0,150
polymer_sensitivity_v1-0005-d0a64fb5,5060.0,31086.431640625,170069936.0,6.270275115966797,53462.09765625,264.7109375,0.0054774177260696,150.0,759000.0,0.0345340743660926,271.4324035644531,1.0,150
polymer_sensitivity_v1-0005-d0a64fb5,5160.0,31100.841796875,173180016.0,6.309884548187256,54093.0859375,264.7562255859375,0.005527650937438,150.0,774000.0,0.0350727066397666,274.939697265625,1.0,150
polymer_sensitivity_v1-0005-d0a64fb5,5260.0,31106.9453125,176290704.0,6.3491644859313965,54728.0,264.8001403808594,0.0055787032470107,150.0,789000.0,0.0356188118457794,278.5015563964844,1.0,150
polymer_sensitivity_v1-0005-d0a64fb5,5360.0,31102.16015625,179400928.0,6.387836933135986,55366.78515625,264.84423828125,0.005630693398416,150.0,804000.0,0.0361716225743293,282.11871337890625,1.0,150
polymer_sensitivity_v1-0005-d0a64fb5,5460.0,31079.236328125,182508848.0,6.42487907409668,56009.2734375,264.8912658691406,0.0056837424635887,150.0,819000.0,0.0367260985076427,285.79132080078125,1.0,150
polymer_sensitivity_v1-0005-d0a64fb5,5560.0,31045.658203125,185613408.0,6.461045742034912,56655.37890625,264.9427185058594,0.0057379868812859,150.0,834000.0,0.0372873470187187,289.52008056640625,1.0,150
polymer_sensitivity_v1-0005-d0a64fb5,5660.0,31016.8359375,188715104.0,6.5001301765441895,57305.390625,264.9979553222656,0.0057935840450227,150.0,849000.0,0.0378785021603107,293.30792236328125,1.0,150
polymer_sensitivity_v1-0005-d0a64fb5,5760.0,30995.609375,191814656.0,6.542903900146484,57959.6796875,265.0557861328125,0.0058502596803009,150.0,864000.0,0.0385029390454292,297.158203125,1.0,150
polymer_sensitivity_v1-0005-d0a64fb5,5860.0,30998.990234375,194914560.0,6.593698501586914,58619.05078125,265.1124267578125,0.0059085749089717,150.0,879000.0,0.0391909256577491,301.0773010253906,1.0,150
polymer_sensitivity_v1-0005-d0a64fb5,5960.0,30999.05078125,198014464.0,6.646794319152832,59283.73046875,265.1695556640625,0.0059687262400984,150.0,894000.0,0.0399111099541187,305.06842041015625,1.0,150
polymer_sensitivity_v1-0005-d0a64fb5,6060.0,31002.431640625,201114704.0,6.70298433303833,59954.02734375,265.2254333496094,0.0060308817774057,150.0,909000.0,0.0406701862812042,309.13543701171875,1.0,150
polymer_sensitivity_v1-0005-d0a64fb5,6160.0,30979.953125,204212704.0,6.756474494934082,60629.67578125,265.28387451171875,0.0060952045023441,150.0,924000.0,0.0414346456527709,313.2789001464844,1.0,150
polymer_sensitivity_v1-0005-d0a64fb5,6260.0,30957.33984375,207308432.0,6.814791202545166,61311.15625,265.3446960449219,0.0061619468033313,150.0,939000.0,0.042252741754055,317.5041809082031,1.0,150
polymer_sensitivity_v1-0005-d0a64fb5,6360.0,30927.681640625,210401200.0,6.876123905181885,61998.76953125,265.4090270996094,0.0062313713133335,150.0,954000.0,0.0431163571774959,321.8158264160156,1.0,150
polymer_sensitivity_v1-0005-d0a64fb5,6460.0,30883.578125,213489568.0,6.939319133758545,62692.69921875,265.4791259765625,0.0063037690706551,150.0,969000.0,0.0440213643014431,326.21795654296875,1.0,150
polymer_sensitivity_v1-0005-d0a64fb5,6560.0,30834.76171875,216573040.0,7.006398677825928,63393.33984375,265.5562438964844,0.0063794557936489,150.0,984000.0,0.0449839830398559,330.7163391113281,1.0,150
polymer_sensitivity_v1-0005-d0a64fb5,6660.0,30774.779296875,219650512.0,7.078452110290527,64101.18359375,265.6439208984375,0.0064588356763124,150.0,999000.0,0.04601576551795,335.31793212890625,1.0,150
polymer_sensitivity_v1-0005-d0a64fb5,6760.0,30689.9765625,222719520.0,7.1539716720581055,64816.58203125,265.7436828613281,0.0065421531908214,150.0,1014000.0,0.0471105836331844,340.02899169921875,1.0,150
polymer_sensitivity_v1-0005-d0a64fb5,6860.0,30600.515625,225779568.0,7.23961877822876,65540.546875,265.8560485839844,0.006627659779042,150.0,1029000.0,0.0483018569648265,344.8591613769531,1.0,150
polymer_sensitivity_v1-0005-d0a64fb5,6960.0,30525.923828125,228832160.0,7.336567878723144,66274.203125,265.9788513183594,0.006715927273035,150.0,1044000.0,0.0496049970388412,349.8196716308594,1.0,150
polymer_sensitivity_v1-0005-d0a64fb5,7060.0,30437.1484375,231875872.0,7.4448089599609375,67018.6796875,266.1138000488281,0.0068083619698882,150.0,1059000.0,0.0510344132781028,354.923095703125,1.0,150
polymer_sensitivity_v1-0005-d0a64fb5,7160.0,30327.134765625,234908592.0,7.565867900848389,67775.265625,266.2640380859375,0.0069060497917234,150.0,1074000.0,0.0526136122643947,360.1844787597656,1.0,150
polymer_sensitivity_v1-0005-d0a64fb5,7260.0,30238.0859375,237932400.0,7.710431575775146,68546.3125,266.42498779296875,0.0070101963356137,150.0,1089000.0,0.0544332228600978,365.6277770996094,1.0,150
polymer_sensitivity_v1-0005-d0a64fb5,7360.0,30173.73828125,240949760.0,7.883299827575684,69334.640625,266.5929870605469,0.0071221282705664,150.0,1104000.0,0.0565486177802085,371.28265380859375,1.0,150
polymer_sensitivity_v1-0005-d0a64fb5,7460.0,30073.478515625,243957120.0,8.078170776367188,70142.4609375,266.7723693847656,0.0072433962486684,150.0,1119000.0,0.0589403174817562,377.17669677734375,1.0,150
polymer_sensitivity_v1-0005-d0a64fb5,7560.0,29980.0625,246955120.0,8.30416488647461,70972.875,266.9619445800781,0.007375388406217,150.0,1134000.0,0.0617015175521373,383.3468322753906,1.0,150
polymer_sensitivity_v1-0005-d0a64fb5,7660.0,29920.29296875,249947152.0,8.575499534606934,71830.421875,267.15484619140625,0.0075198141857981,150.0,1149000.0,0.0649747550487518,389.8442993164063,1.0,150
polymer_sensitivity_v1-0005-d0a64fb5,7760.0,29845.912109375,252931744.0,8.894184112548828,72719.84375,267.3524169921875,0.0076806736178696,150.0,1164000.0,0.0688420832157135,396.728515625,1.0,150
polymer_sensitivity_v1-0005-d0a64fb5,7860.0,29793.427734375,255911088.0,9.265776634216309,73646.421875,267.54962158203125,0.0078616738319396,150.0,1179000.0,0.0734217390418052,404.0707092285156,1.0,150
polymer_sensitivity_v1-0005-d0a64fb5,7960.0,29673.859375,258878464.0,9.704642295837402,74616.8828125,267.7562561035156,0.0080663925036787,150.0,1194000.0,0.0789180397987365,411.9624938964844,1.0,150
polymer_sensitivity_v1-0005-d0a64fb5,8060.0,29598.40234375,261838304.0,10.239629745483398,75640.8515625,267.962158203125,0.0082959346473217,150.0,1209000.0,0.0856579169631004,420.5282897949219,1.0,150
polymer_sensitivity_v1-0005-d0a64fb5,8160.0,29434.162109375,264781728.0,10.886467933654783,76729.4921875,268.1843566894531,0.0085552660748362,150.0,1224000.0,0.0939403176307678,429.9223327636719,1.0,150
polymer_sensitivity_v1-0005-d0a64fb5,8260.0,29194.56640625,267701184.0,11.69460678100586,77898.953125,268.4267272949219,0.0088563011959195,150.0,1239000.0,0.1044964119791984,440.3719482421875,1.0,150
polymer_sensitivity_v1-0005-d0a64fb5,8360.0,28926.892578125,270593888.0,12.741496086120604,79173.1015625,268.68756103515625,0.0092138545587658,150.0,1254000.0,0.1184900403022766,452.2209777832031,1.0,150
polymer_sensitivity_v1-0005-d0a64fb5,8460.0,28582.939453125,273452160.0,14.123754501342772,80585.484375,268.9698181152344,0.0098288413137197,150.0,1269000.0,0.1401981264352798,466.2407836914063,1.0,150
polymer_sensitivity_v1-0005-d0a64fb5,8560.0,28191.826171875,276271360.0,15.935952186584473,82179.078125,269.2702941894531,0.0106548154726624,150.0,1284000.0,0.1716232448816299,483.4031066894531,1.0,150
polymer_sensitivity_v1-0005-d0a64fb5,8660.0,27729.046875,279044256.0,18.34097671508789,84013.171875,269.583740234375,0.0117529947310686,150.0,1299000.0,0.2181250154972076,505.2156066894531,1.0,150
polymer_sensitivity_v1-0005-d0a64fb5,8760.0,27205.271484375,281764768.0,21.501739501953125,86163.34375,269.89862060546875,0.0132029885426163,150.0,1314000.0,0.2876855134963989,533.984130859375,1.0,150
polymer_sensitivity_v1-0005-d0a64fb5,8860.0,26567.9765625,284421568.0,25.84761428833008,88748.109375,270.2002868652344,0.0149799054488539,150.0,1329000.0,0.3930831551551819,573.29248046875,1.0,150
polymer_sensitivity_v1-0005-d0a64fb5,8960.0,25527.205078125,286974304.0,32.635154724121094,92011.625,270.4870910644531,0.0168562736362218,150.0,1344000.0,0.5595388412475586,629.246337890625,1.0,150
polymer_sensitivity_v1-0005-d0a64fb5,9060.0,23915.232421875,289365824.0,43.15133285522461,96326.7578125,270.7516784667969,0.0183805488049983,150.0,1359000.0,0.8079965710639954,710.0460205078125,1.0,150
polymer_sensitivity_v1-0005-d0a64fb5,9160.0,21862.740234375,291552096.0,56.42500686645508,101969.2578125,270.9895935058594,0.0199628621339797,150.0,1374000.0,1.1493489742279053,824.9808959960938,1.0,150
polymer_sensitivity_v1-0005-d0a64fb5,9260.0,20008.62109375,293552960.0,68.5877685546875,108828.0390625,271.1943664550781,0.0223278533667325,150.0,1389000.0,1.5663918256759644,981.6201171875,1.0,150
polymer_sensitivity_v1-0005-d0a64fb5,9360.0,18520.482421875,295404992.0,78.12889862060547,116640.921875,271.373046875,0.0254475995898246,150.0,1404000.0,2.0401086807250977,1185.6309814453125,1.0,150
polymer_sensitivity_v1-0005-d0a64fb5,9460.0,17520.849609375,297157088.0,84.34310150146484,125075.234375,271.5317077636719,0.0295741409063339,150.0,1419000.0,2.570391893386841,1442.670166015625,1.0,150
polymer_sensitivity_v1-0005-d0a64fb5,9560.0,16710.361328125,298828128.0,88.99644470214844,133974.875,271.6741943359375,0.0355246737599372,150.0,1434000.0,3.2780203819274902,1770.47216796875,1.0,150
polymer_sensitivity_v1-0005-d0a64fb5,9660.0,16151.9169921875,300443328.0,91.95716094970705,143170.59375,271.7991943359375,0.0427991040050983,150.0,1449000.0,4.111659526824951,2181.63818359375,1.0,150
polymer_sensitivity_v1-0005-d0a64fb5,9760.0,15814.34375,302024768.0,93.19918823242188,152490.515625,271.90924072265625,0.0521874837577343,150.0,1464000.0,5.131638526916504,2694.802001953125,1.0,150
polymer_sensitivity_v1-0005-d0a64fb5,9860.0,15459.3955078125,303570688.0,93.99176025390624,161889.6875,272.0125427246094,0.06336510181427,150.0,1479000.0,6.3587188720703125,3330.673828125,1.0,150
polymer_sensitivity_v1-0005-d0a64fb5,9960.0,15096.1083984375,305080320.0,94.37340545654295,171327.03125,272.1128234863281,0.0766269341111183,150.0,1494000.0,7.831660747528076,4113.83984375,1.0,150
polymer_sensitivity_v1-0005-d0a64fb5,10060.0,14741.05859375,306554400.0,94.42909240722656,180769.9375,272.2084350585937,0.0918667241930961,150.0,1509000.0,9.552443504333496,5069.08447265625,1.0,150
polymer_sensitivity_v1-0005-d0a64fb5,10160.0,14382.1884765625,307992640.0,94.0687484741211,190176.8125,272.3041076660156,0.1087029501795768,150.0,1524000.0,11.472662925720217,6216.3505859375,1.0,150
polymer_sensitivity_v1-0005-d0a64fb5,10260.0,14025.966796875,309395232.0,93.43709564208984,199520.53125,272.3980407714844,0.1274251639842987,150.0,1539000.0,13.644946098327637,7580.84521484375,1.0,150
polymer_sensitivity_v1-0005-d0a64fb5,10360.0,13671.8203125,310762400.0,92.47865295410156,208768.390625,272.4926147460937,0.1471977978944778,150.0,1554000.0,15.96226406097412,9177.0712890625,1.0,150
polymer_sensitivity_v1-0005-d0a64fb5,10460.0,13326.021484375,312095008.0,91.3719482421875,217905.578125,272.5826110839844,0.1683188527822494,150.0,1569000.0,18.49220848083496,11026.2919921875,1.0,150
polymer_sensitivity_v1-0005-d0a64fb5,10560.0,12990.587890625,313394080.0,90.13294982910156,226918.875,272.6688232421875,0.1893457025289535,150.0,1584000.0,21.0524845123291,13131.541015625,1.0,150
polymer_sensitivity_v1-0005-d0a64fb5,10660.0,12663.40625,314660416.0,88.7147216796875,235790.359375,272.7534484863281,0.2105506509542465,150.0,1599000.0,23.660724639892575,15497.61328125,1.0,150
polymer_sensitivity_v1-0005-d0a64fb5,10760.0,12370.8369140625,315897504.0,87.09491729736328,244499.84375,272.8334350585937,0.2320727854967117,150.0,1614000.0,26.3206729888916,18129.6796875,1.0,150
polymer_sensitivity_v1-0005-d0a64fb5,10860.0,12119.4130859375,317109440.0,85.31244659423828,253031.09375,272.9078063964844,0.2533009350299835,150.0,1629000.0,28.940336227416992,21023.71484375,1.0,150
polymer_sensitivity_v1-0005-d0a64fb5,10960.0,11859.51171875,318295392.0,83.63520812988281,261394.609375,272.9750671386719,0.2739244997501373,150.0,1644000.0,31.552824020385746,24178.99609375,1.0,150
polymer_sensitivity_v1-0006-b9353855,1.0,1531513.625,1531513.625,438.4772033691406,438.4772033691406,271.0368347167969,0.0037272712215781,200.0,200.0,1.6404377222061155,1.6404377222061155,1.0,200
polymer_sensitivity_v1-0006-b9353855,2.0,731013.0,2262526.75,186.0404052734375,624.517578125,270.6705017089844,0.0037339909467846,200.0,400.0,0.6972768306732178,2.337714672088623,1.0,200
polymer_sensitivity_v1-0006-b9353855,3.0,540558.0625,2803084.75,122.6789779663086,747.1965942382812,270.3883972167969,0.0037016926798969,200.0,600.0,0.4558071494102478,2.7935216426849365,1.0,200
polymer_sensitivity_v1-0006-b9353855,4.0,451528.75,3254613.5,96.92698669433594,844.1235961914062,270.130126953125,0.0036828750744462,200.0,800.0,0.358289510011673,3.151811122894287,1.0,200
polymer_sensitivity_v1-0006-b9353855,5.0,398244.5625,3652858.0,82.8184585571289,926.9420166015624,269.89471435546875,0.0036711068823933,200.0,1000.0,0.3051556944847107,3.4569668769836426,1.0,200
polymer_sensitivity_v1-0006-b9353855,6.0,362100.125,4014958.25,73.69921875,1000.6412353515624,269.6806335449219,0.0036624679341912,200.0,1200.0,0.2709132134914398,3.7278802394866943,1.0,200
polymer_sensitivity_v1-0006-b9353855,7.0,335667.1875,4350625.5,67.2410659790039,1067.88232421875,269.4832763671875,0.0036555943079292,200.0,1400.0,0.2467079162597656,3.97458815574646,1.0,200
polymer_sensitivity_v1-0006-b9353855,8.0,315306.71875,4665932.0,62.39767074584961,1130.280029296875,269.3010559082031,0.0036499525886029,200.0,1600.0,0.2285828590393066,4.203170776367188,1.0,200
polymer_sensitivity_v1-0006-b9353855,9.0,298944.46875,4964876.5,58.60603332519531,1188.885986328125,269.1296081542969,0.0036452841013669,200.0,1800.0,0.2144172489643097,4.417588233947754,1.0,200
polymer_sensitivity_v1-0006-b9353855,10.0,285349.125,5250225.5,55.53570938110352,1244.4217529296875,268.9677124023437,0.0036413958296179,200.0,2000.0,0.2029665857553482,4.620554924011231,1.0,200
polymer_sensitivity_v1-0006-b9353855,13.0,256851.796875,6020781.0,49.46139144897461,1392.805908203125,268.5398864746094,0.0036340449005365,200.0,2600.0,0.1804005056619644,5.161756038665772,1.0,200
polymer_sensitivity_v1-0006-b9353855,15.0,241462.796875,6503706.5,46.25680923461914,1485.319580078125,268.2826232910156,0.0036297738552093,200.0,3000.0,0.1685134321451187,5.498783111572266,1.0,200
polymer_sensitivity_v1-0006-b9353855,20.0,213677.46875,7572094.0,40.77333068847656,1689.1861572265625,267.75244140625,0.0036225977819412,200.0,4000.0,0.1482424139976501,6.239995002746582,1.0,200
polymer_sensitivity_v1-0006-b9353855,25.0,192165.15625,8532920.0,36.09188079833984,1869.6456298828125,267.3116149902344,0.003609757637605,200.0,5000.0,0.1307549327611923,6.89376974105835,1.0,200
polymer_sensitivity_v1-0006-b9353855,30.0,174656.734375,9406204.0,32.281028747558594,2031.05078125,266.9314270019531,0.0035967817530035,200.0,6000.0,0.1165269315242767,7.476404666900635,1.0,200
polymer_sensitivity_v1-0006-b9353855,35.0,159929.015625,10205849.0,29.12628746032715,2176.68212890625,266.5997314453125,0.0035844431258738,200.0,7000.0,0.1047770828008651,8.000289916992188,1.0,200
polymer_sensitivity_v1-0006-b9353855,40.0,147300.203125,10942350.0,26.45335578918457,2308.948974609375,266.3124389648437,0.0035725189372897,200.0,8000.0,0.0948439463973045,8.474509239196777,1.0,200
polymer_sensitivity_v1-0006-b9353855,45.0,136365.859375,11624179.0,24.158315658569336,2429.740478515625,266.0591735839844,0.0035608657635748,200.0,9000.0,0.0863319411873817,8.906168937683105,1.0,200
polymer_sensitivity_v1-0006-b9353855,50.0,126840.3984375,12258381.0,22.169095993041992,2540.5859375,265.8335876464844,0.0035493769682943,200.0,10000.0,0.0789667591452598,9.301003456115724,1.0,200
polymer_sensitivity_v1-0006-b9353855,55.0,118469.109375,12850726.0,20.37686920166016,2642.470458984375,265.6322937011719,0.0035368534736335,200.0,11000.0,0.0723258033394813,9.66263198852539,1.0,200
polymer_sensitivity_v1-0006-b9353855,60.0,111232.609375,13406889.0,18.52604866027832,2735.1005859375,265.4513854980469,0.0035168372560292,200.0,12000.0,0.0653830394148826,9.989547729492188,1.0,200
polymer_sensitivity_v1-0006-b9353855,70.0,99566.8671875,14402558.0,15.09877872467041,2886.08837890625,265.1507263183594,0.0034621087834239,200.0,14000.0,0.0524552203714847,10.514100074768066,1.0,200
polymer_sensitivity_v1-0006-b9353855,80.0,89984.890625,15302407.0,12.120317459106444,3007.29150390625,264.9010314941406,0.0033920374698936,200.0,16000.0,0.041252501308918,10.926624298095703,1.0,200
polymer_sensitivity_v1-0006-b9353855,100.0,76594.2109375,16834292.0,7.939305782318115,3166.07763671875,264.54656982421875,0.0032225048635154,200.0,20000.0,0.0256671626120805,11.43996810913086,1.0,200
polymer_sensitivity_v1-0006-b9353855,120.0,67491.59375,18184124.0,4.939497470855713,3264.86767578125,264.28594970703125,0.0029485989362001,200.0,24000.0,0.0146076688542962,11.732121467590332,1.0,200
polymer_sensitivity_v1-0006-b9353855,140.0,60993.3046875,19403990.0,3.2209789752960205,3329.287109375,264.09356689453125,0.0026224695611745,200.0,28000.0,0.0084691289812326,11.901503562927246,1.0,200
polymer_sensitivity_v1-0006-b9353855,160.0,58060.265625,20565194.0,36.81756591796875,4065.638427734375,263.84869384765625,0.0038192840293049,200.0,32000.0,0.141155868768692,14.724620819091797,1.0,200
polymer_sensitivity_v1-0006-b9353855,180.0,48915.75,21543510.0,2.583040237426758,4117.29931640625,263.7991943359375,0.0026389076374471,200.0,36000.0,0.0068344399333,14.861310005187988,1.0,200
polymer_sensitivity_v1-0006-b9353855,200.0,51628.80859375,22576086.0,31.39850807189941,4745.26953125,263.6367492675781,0.0039041466079652,200.0,40000.0,0.1230648383498191,17.322607040405273,1.0,200
polymer_sensitivity_v1-0006-b9353855,220.0,43884.0703125,23453768.0,2.317290544509888,4791.615234375,263.64373779296875,0.0026527340523898,200.0,44000.0,0.0061635058373212,17.445877075195312,1.0,200
polymer_sensitivity_v1-0006-b9353855,240.0,48218.4140625,24418136.0,28.94480323791504,5370.51123046875,263.5238037109375,0.0040058698505163,200.0,48000.0,0.1164154708385467,19.77418708801269,1.0,200
polymer_sensitivity_v1-0006-b9353855,260.0,41220.27734375,25242540.0,2.1765973567962646,5414.04345703125,263.5603942871094,0.0026646954938769,200.0,52000.0,0.0058154654689133,19.89049530029297,1.0,200
polymer_sensitivity_v1-0006-b9353855,280.0,46317.50390625,26168890.0,27.511058807373047,5964.2646484375,263.4642333984375,0.0041119451634585,200.0,56000.0,0.1135910376906395,22.162315368652344,1.0,200
polymer_sensitivity_v1-0006-b9353855,300.0,39769.375,26964278.0,2.099900484085083,6006.2626953125,263.5168762207031,0.0026751232799142,200.0,60000.0,0.0056325607001781,22.27496719360352,1.0,200
polymer_sensitivity_v1-0006-b9353855,320.0,45239.01171875,27869058.0,26.63433837890625,6538.94921875,263.4345092773437,0.0042181457392871,200.0,64000.0,0.1128234192728996,24.531435012817383,1.0,200
polymer_sensitivity_v1-0006-b9353855,340.0,38974.38671875,28648546.0,2.0579545497894287,6580.1083984375,263.4959411621094,0.0026844050735235,200.0,68000.0,0.0055392533540725,24.642221450805664,1.0,200
polymer_sensitivity_v1-0006-b9353855,360.0,44607.59375,29540698.0,26.07302665710449,7101.56884765625,263.421875,0.0043222843669354,200.0,72000.0,0.113184243440628,26.905906677246094,1.0,200
polymer_sensitivity_v1-0006-b9353855,380.0,38539.3125,30311484.0,2.0349841117858887,7142.2685546875,263.4883728027344,0.0026926691643893,200.0,76000.0,0.0054943333379924,27.015792846679688,1.0,200
polymer_sensitivity_v1-0006-b9353855,400.0,44220.53125,31195896.0,25.70563125610352,7656.38134765625,263.4194641113281,0.0044219163246452,200.0,80000.0,0.1141730174422264,29.29925346374512,1.0,200
polymer_sensitivity_v1-0006-b9353855,420.0,38294.1171875,31961778.0,2.022061824798584,7696.822265625,263.4888000488281,0.0027001372072845,200.0,84000.0,0.0054746260866522,29.40874481201172,1.0,200
polymer_sensitivity_v1-0006-b9353855,440.0,43969.8125,32841174.0,25.482929229736328,8206.4814453125,263.4233093261719,0.0045103495940566,200.0,88000.0,0.115457683801651,31.71789932250977,1.0,200
polymer_sensitivity_v1-0006-b9353855,460.0,38162.703125,33604428.0,2.015122175216675,8246.783203125,263.4943542480469,0.0027069479692727,200.0,92000.0,0.0054696374572813,31.82729148864746,1.0,200
polymer_sensitivity_v1-0006-b9353855,480.0,43774.0703125,34479908.0,25.338451385498047,8753.552734375,263.4320678710937,0.0045958049595355,200.0,96000.0,0.1169882342219352,34.16705703735352,1.0,200
polymer_sensitivity_v1-0006-b9353855,490.6666564941406,36093.6875,34864908.0,1.905866026878357,8773.8818359375,263.4863586425781,0.0027036105748265,200.0,98133.3359375,0.0051666880026459,34.22216796875,1.0,200
polymer_sensitivity_v1-0006-b9353855,500.0,44661.828125,35281752.0,30.374914169311523,9057.380859375,263.4455261230469,0.0046904687769711,200.0,100000.0,0.1431439965963363,35.55817794799805,1.0,200
polymer_sensitivity_v1-0006-b9353855,520.0,38344.37109375,36048640.0,2.02471661567688,9097.875,263.5152587890625,0.0027165163774043,200.0,104000.0,0.0055151577107608,35.668479919433594,1.0,200
polymer_sensitivity_v1-0006-b9353855,530.0,44851.875,36497160.0,31.116111755371094,9409.0361328125,263.4676513671875,0.0047563943080604,200.0,106000.0,0.1487078070640564,37.15555953979492,1.0,200
polymer_sensitivity_v1-0006-b9353855,540.0,36630.5546875,36863464.0,1.9342191219329836,9428.37890625,263.5151672363281,0.0027186558581888,200.0,108000.0,0.0052728108130395,37.20828628540039,1.0,200
polymer_sensitivity_v1-0006-b9353855,550.0,44625.17578125,37309716.0,29.802640914916992,9726.4052734375,263.4714050292969,0.0048029930330812,200.0,110000.0,0.1438327133655548,38.64661407470703,1.0,200
polymer_sensitivity_v1-0006-b9353855,560.0,36554.23828125,37675260.0,1.930193901062012,9745.70703125,263.5194091796875,0.0027201958000659,200.0,112000.0,0.0052648265846073,38.69926452636719,1.0,200
polymer_sensitivity_v1-0006-b9353855,580.0,43374.08984375,38542740.0,24.01276397705078,10225.9619140625,263.4648132324219,0.0048215803690254,200.0,116000.0,0.1163404136896133,41.02606964111328,1.0,200
polymer_sensitivity_v1-0006-b9353855,600.0,38088.19921875,39304504.0,2.0111987590789795,10266.1865234375,263.5400085449219,0.0027238966431468,200.0,120000.0,0.0054932609200477,41.13593673706055,1.0,200
polymer_sensitivity_v1-0006-b9353855,620.0,43393.21875,40172368.0,24.27498817443848,10751.685546875,263.4830627441406,0.0048795505426824,200.0,124000.0,0.1190318539738655,43.51657485961914,1.0,200
polymer_sensitivity_v1-0006-b9353855,640.0,38173.6328125,40935840.0,2.015711545944214,10792.0,263.5577697753906,0.0027273332234472,200.0,128000.0,0.005512551870197,43.62682342529297,1.0,200
polymer_sensitivity_v1-0006-b9353855,660.0,43324.859375,41802340.0,24.25813102722168,11277.1630859375,263.5008239746094,0.0049265241250395,200.0,132000.0,0.1200999468564987,46.02882385253906,1.0,200
polymer_sensitivity_v1-0006-b9353855,680.0,38196.3046875,42566264.0,2.016908884048462,11317.5009765625,263.5760803222656,0.0027306943666189,200.0,136000.0,0.0055226418189704,46.13927459716797,1.0,200
polymer_sensitivity_v1-0006-b9353855,700.0,43245.95703125,43431184.0,24.318511962890625,11803.87109375,263.5190124511719,0.004967363551259,200.0,140000.0,0.1214019432663917,48.56731414794922,1.0,200
polymer_sensitivity_v1-0006-b9353855,720.0,38200.54296875,44195196.0,2.017131805419922,11844.2138671875,263.5953369140625,0.0027341940440237,200.0,144000.0,0.0055303503759205,48.677921295166016,1.0,200
polymer_sensitivity_v1-0006-b9353855,740.0,43151.94140625,45058232.0,24.4584903717041,12333.3837890625,263.5385437011719,0.0050029987469315,200.0,148000.0,0.1229810640215873,51.137542724609375,1.0,200
polymer_sensitivity_v1-0006-b9353855,760.0,38179.32421875,45821820.0,2.016009330749512,12373.7041015625,263.6161193847656,0.0027379991952329,200.0,152000.0,0.0055349864996969,51.24824523925781,1.0,200
polymer_sensitivity_v1-0006-b9353855,780.0,43071.6875,46683252.0,24.678306579589844,12867.26953125,263.5586853027344,0.0050341887399554,200.0,156000.0,0.1248638406395912,53.74552154541016,1.0,200
polymer_sensitivity_v1-0006-b9353855,800.0,38207.15625,47447396.0,2.017476797103882,12907.619140625,263.6372985839844,0.0027422797866165,200.0,160000.0,0.0055476995185017,53.856475830078125,1.0,200
polymer_sensitivity_v1-0006-b9353855,820.0,43013.82421875,48307672.0,24.924421310424805,13406.1083984375,263.5780639648437,0.0050606252625584,200.0,164000.0,0.126774713397026,56.3919677734375,1.0,200
polymer_sensitivity_v1-0006-b9353855,840.0,38239.08203125,49072456.0,2.019160032272339,13446.4912109375,263.6585693359375,0.0027471657376736,200.0,168000.0,0.0055622477084398,56.503211975097656,1.0,200
polymer_sensitivity_v1-0006-b9353855,860.0,42948.703125,49931428.0,25.19327163696289,13950.3564453125,263.5987243652344,0.0050830063410103,200.0,172000.0,0.1287118196487426,59.077449798583984,1.0,200
polymer_sensitivity_v1-0006-b9353855,880.0,38278.6484375,50697000.0,2.021246671676636,13990.78125,263.6818542480469,0.0027527536731213,200.0,176000.0,0.0055793528445065,59.18903732299805,1.0,200
polymer_sensitivity_v1-0006-b9353855,900.0,42897.35546875,51554948.0,25.508989334106445,14500.9609375,263.6200866699219,0.0051019643433392,200.0,180000.0,0.1308133602142334,61.80530548095703,1.0,200
polymer_sensitivity_v1-0006-b9353855,920.0,38304.3046875,52321036.0,2.0225977897644043,14541.4130859375,263.7045593261719,0.0027591283433139,200.0,184000.0,0.0055960472673177,61.9172248840332,1.0,200
polymer_sensitivity_v1-0006-b9353855,940.0,42825.32421875,53177540.0,25.865503311157227,15058.7236328125,263.6418762207031,0.0051181521266698,200.0,188000.0,0.1330646127462387,64.5785140991211,1.0,200
polymer_sensitivity_v1-0006-b9353855,960.0,38296.421875,53943468.0,2.022177219390869,15099.1669921875,263.72930908203125,0.0027663561049848,200.0,192000.0,0.0056095807813107,64.69071197509766,1.0,200
polymer_sensitivity_v1-0006-b9353855,980.0,42741.4609375,54798300.0,26.256498336791992,15624.296875,263.66534423828125,0.0051320227794349,200.0,196000.0,0.1354440450668335,67.39958953857422,1.0,200
polymer_sensitivity_v1-0006-b9353855,1000.0,38301.328125,55564324.0,2.0224318504333496,15664.7451171875,263.755859375,0.0027744981925934,200.0,200000.0,0.0056268451735377,67.51212310791016,1.0,200
polymer_sensitivity_v1-0006-b9353855,1020.0,42663.65234375,56417600.0,26.67475891113281,16198.240234375,263.6900329589844,0.0051437085494399,200.0,204000.0,0.1379165947437286,70.27046203613281,1.0,200
polymer_sensitivity_v1-0006-b9353855,1040.0,38325.578125,57184112.0,2.023768186569214,16238.7158203125,263.7821960449219,0.0027836489025503,200.0,208000.0,0.0056491852737963,70.3834457397461,1.0,200
polymer_sensitivity_v1-0006-b9353855,1060.0,42626.1171875,58036632.0,27.102031707763672,16780.755859375,263.71343994140625,0.0051536341197788,200.0,212000.0,0.1403975188732147,73.19139099121094,1.0,200
polymer_sensitivity_v1-0006-b9353855,1080.0,38351.4609375,58803660.0,2.0250706672668457,16821.2578125,263.8065795898437,0.0027935593388974,200.0,216000.0,0.0056730029173195,73.30485534667969,1.0,200
polymer_sensitivity_v1-0006-b9353855,1100.0,42593.01953125,59655520.0,27.52838516235352,17371.826171875,263.7348022460937,0.0051625971682369,200.0,220000.0,0.1428554654121399,76.1619644165039,1.0,200
polymer_sensitivity_v1-0006-b9353855,1120.0,38391.078125,60423344.0,2.02716326713562,17412.369140625,263.8284606933594,0.0028041789773851,200.0,224000.0,0.0057005141861736,76.27597045898438,1.0,200
polymer_sensitivity_v1-0006-b9353855,1140.0,42572.4140625,61274792.0,27.833717346191406,17969.04296875,263.7549743652344,0.0051684551872313,200.0,228000.0,0.1446047127246856,79.1680679321289,1.0,200
polymer_sensitivity_v1-0006-b9353855,1160.0,38415.79296875,62043108.0,2.02848219871521,18009.61328125,263.8494567871094,0.0028152915183454,200.0,232000.0,0.0057268915697932,79.28260040283203,1.0,200
polymer_sensitivity_v1-0006-b9353855,1180.0,42540.26171875,62893912.0,28.107872009277344,18571.76953125,263.77459716796875,0.0051720566116273,200.0,236000.0,0.1461313068866729,82.20523071289062,1.0,200
polymer_sensitivity_v1-0006-b9353855,1200.0,38437.8828125,63662672.0,2.0296287536621094,18612.36328125,263.86993408203125,0.0028268136084079,200.0,240000.0,0.0057536466047167,82.32030487060547,1.0,200
polymer_sensitivity_v1-0006-b9353855,1220.0,42518.78125,64513048.0,28.383968353271484,19180.04296875,263.7942810058594,0.0051738121546804,200.0,244000.0,0.1476170569658279,85.27264404296875,1.0,200
polymer_sensitivity_v1-0006-b9353855,1240.0,38466.50390625,65282376.0,2.0311384201049805,19220.666015625,263.8905944824219,0.0028388022910803,200.0,248000.0,0.0057824151590466,85.38829040527344,1.0,200
polymer_sensitivity_v1-0006-b9353855,1260.0,42495.5078125,66132288.0,28.658252716064453,19793.830078125,263.81365966796875,0.0051739988848567,200.0,252000.0,0.1490489393472671,88.36927032470703,1.0,200
polymer_sensitivity_v1-0006-b9353855,1285.0,39016.7109375,67107704.0,2.0601894855499268,19845.333984375,263.9202575683594,0.0028581176884472,200.0,257000.0,0.0059051415883004,88.51689910888672,1.0,200
polymer_sensitivity_v1-0006-b9353855,1310.0,42270.22265625,68164456.0,27.90726852416992,20543.017578125,263.8326721191406,0.0051503800787031,200.0,262000.0,0.1444771438837051,92.12882995605467,1.0,200
polymer_sensitivity_v1-0006-b9353855,1335.0,38948.1875,69138168.0,2.056567668914795,20594.431640625,263.94171142578125,0.0028749727644026,200.0,267000.0,0.0059296232648193,92.27706909179688,1.0,200
polymer_sensitivity_v1-0006-b9353855,1360.0,42196.86328125,70193088.0,28.2191104888916,21299.908203125,263.8548889160156,0.0051359664648771,200.0,272000.0,0.145680621266365,95.91908264160156,1.0,200
polymer_sensitivity_v1-0006-b9353855,1385.0,38912.31640625,71165896.0,2.0546700954437256,21351.275390625,263.9668884277344,0.0028925773221999,200.0,277000.0,0.0059605333954095,96.06809997558594,1.0,200
polymer_sensitivity_v1-0006-b9353855,1410.0,42122.6484375,72218960.0,28.53525161743164,22064.65625,263.8794250488281,0.0051225861534476,200.0,282000.0,0.1469269394874572,99.74127197265624,1.0,200
polymer_sensitivity_v1-0006-b9353855,1435.0,38913.9296875,73191808.0,2.05483341217041,22116.02734375,263.99151611328125,0.0029109537135809,200.0,287000.0,0.0059989881701767,99.89124298095705,1.0,200
polymer_sensitivity_v1-0006-b9353855,1460.0,42060.3828125,74243320.0,28.828405380249023,22836.73828125,263.9034423828125,0.005110484547913,200.0,292000.0,0.1480839103460312,103.59334564208984,1.0,200
polymer_sensitivity_v1-0006-b9353855,1485.0,38919.5546875,75216304.0,2.055046558380127,22888.11328125,264.0157165527344,0.0029297801665961,200.0,297000.0,0.0060385260730981,103.74430847167967,1.0,200
polymer_sensitivity_v1-0006-b9353855,1510.0,41998.28515625,76266264.0,29.106340408325195,23615.771484375,263.9274597167969,0.0050999391824007,200.0,302000.0,0.1492014825344085,107.4743423461914,1.0,200
polymer_sensitivity_v1-0006-b9353855,1535.0,38923.1171875,77239344.0,2.055231809616089,23667.15234375,264.03985595703125,0.0029492697212845,200.0,307000.0,0.0060793627053499,107.62632751464844,1.0,200
polymer_sensitivity_v1-0006-b9353855,1560.0,41937.85546875,78287792.0,29.37405204772949,24401.50390625,263.9514465332031,0.0050912522710859,200.0,312000.0,0.1503160148859024,111.3842315673828,1.0,200
polymer_sensitivity_v1-0006-b9353855,1585.0,38921.83203125,79260832.0,2.055161476135254,24452.8828125,264.064208984375,0.0029692817479372,200.0,317000.0,0.0061205266974866,111.53723907470705,1.0,200
polymer_sensitivity_v1-0006-b9353855,1610.0,41877.1796875,80307760.0,29.634904861450195,25193.755859375,263.9758605957031,0.0050843902863562,200.0,322000.0,0.1514454334974289,115.32337951660156,1.0,200
polymer_sensitivity_v1-0006-b9353855,1635.0,38931.046875,81281040.0,2.055645704269409,25245.146484375,264.0885314941406,0.0029897755011916,200.0,327000.0,0.0061643486842513,115.47748565673828,1.0,200
polymer_sensitivity_v1-0006-b9353855,1660.0,41845.8671875,82327184.0,29.87321662902832,25991.978515625,263.9993896484375,0.0050762072205543,200.0,332000.0,0.1524163335561752,119.28789520263672,1.0,200
polymer_sensitivity_v1-0006-b9353855,1685.0,38919.5390625,83300176.0,2.055035352706909,26043.353515625,264.1129455566406,0.0030106974299997,200.0,337000.0,0.0062057734467089,119.44303894042967,1.0,200
polymer_sensitivity_v1-0006-b9353855,1710.0,41813.375,84345512.0,30.089542388916016,26795.591796875,264.0229187011719,0.0050702495500445,200.0,342000.0,0.1533389538526535,123.2765121459961,1.0,200
polymer_sensitivity_v1-0006-b9353855,1735.0,38917.8203125,85318456.0,2.055079221725464,26846.96875,264.13726806640625,0.0030321469530463,200.0,347000.0,0.0062502538785338,123.43276977539062,1.0,200
polymer_sensitivity_v1-0006-b9353855,1760.0,41775.8515625,86362848.0,30.279083251953125,27603.9453125,264.046630859375,0.0050663254223763,200.0,352000.0,0.1541848480701446,127.28739166259766,1.0,200
polymer_sensitivity_v1-0006-b9353855,1785.0,38933.99609375,87336200.0,2.055794477462769,27655.341796875,264.16180419921875,0.003053689841181,200.0,357000.0,0.0062969871796667,127.44481658935548,1.0,200
polymer_sensitivity_v1-0006-b9353855,1810.0,41735.69140625,88379592.0,30.419513702392575,28415.828125,264.0705261230469,0.005064039491117,200.0,362000.0,0.1548296809196472,131.3155517578125,1.0,200
polymer_sensitivity_v1-0006-b9353855,1835.0,38940.234375,89353096.0,2.056121587753296,28467.232421875,264.1865234375,0.0030756939668208,200.0,367000.0,0.0063435118645429,131.47415161132812,1.0,200
polymer_sensitivity_v1-0006-b9353855,1860.0,41688.99609375,90395320.0,30.55341339111328,29231.06640625,264.0948486328125,0.0050636171363294,200.0,372000.0,0.1554981768131256,135.36160278320312,1.0,200
polymer_sensitivity_v1-0006-b9353855,1885.0,38935.98828125,91368720.0,2.0558950901031494,29282.46484375,264.212646484375,0.0030980012379586,200.0,377000.0,0.0063889590092003,135.5213165283203,1.0,200
polymer_sensitivity_v1-0006-b9353855,1910.0,41631.54296875,92409512.0,30.67165756225586,30049.255859375,264.1207275390625,0.0050648679025471,200.0,382000.0,0.1561387181282043,139.42478942871094,1.0,200
polymer_sensitivity_v1-0006-b9353855,1935.0,38938.17578125,93382968.0,2.0560085773468018,30100.65625,264.2401123046875,0.0031205890700221,200.0,387000.0,0.0064360424876213,139.585693359375,1.0,200
polymer_sensitivity_v1-0006-b9353855,1960.0,41585.19921875,94422600.0,30.785472869873047,30870.29296875,264.1474609375,0.0050676241517066,200.0,392000.0,0.1568038314580917,143.5057830810547,1.0,200
polymer_sensitivity_v1-0006-b9353855,1985.0,38938.1953125,95396048.0,2.0560076236724854,30921.693359375,264.268310546875,0.0031434353440999,200.0,397000.0,0.0064833066426217,143.66787719726562,1.0,200
polymer_sensitivity_v1-0006-b9353855,2010.0,41527.125,96434232.0,30.894187927246094,31694.048828125,264.1756591796875,0.0050719156861305,200.0,402000.0,0.1574915051460266,147.60516357421875,1.0,200
polymer_sensitivity_v1-0006-b9353855,2035.0,38929.54296875,97407464.0,2.055548667907715,31745.4375,264.29852294921875,0.0031665191054344,200.0,407000.0,0.0065296101383864,147.76840209960938,1.0,200
polymer_sensitivity_v1-0006-b9353855,2060.0,41463.16796875,98444048.0,30.99514961242676,32520.31640625,264.20587158203125,0.0050776936113834,200.0,412000.0,0.1581870913505554,151.72308349609375,1.0,200
polymer_sensitivity_v1-0006-b9353855,2085.0,38914.8828125,99416920.0,2.05477237701416,32571.685546875,264.33062744140625,0.0031898193992674,200.0,417000.0,0.0065753269009292,151.88746643066406,1.0,200
polymer_sensitivity_v1-0006-b9353855,2110.0,41413.890625,100452264.0,31.090707778930664,33348.953125,264.2376403808594,0.0050848755054175,200.0,422000.0,0.1589003652334213,155.85997009277344,1.0,200
polymer_sensitivity_v1-0006-b9353855,2135.0,39021.546875,101427808.0,2.06055212020874,33400.46484375,264.3581848144531,0.0032134640496224,200.0,427000.0,0.0066428571008145,156.0260467529297,1.0,200
polymer_sensitivity_v1-0006-b9353855,2160.0,41516.19921875,102465712.0,31.38245010375977,34185.02734375,264.25616455078125,0.0050910399295389,200.0,432000.0,0.1605868488550186,160.04071044921875,1.0,200
polymer_sensitivity_v1-0006-b9353855,2185.0,39131.03515625,103443984.0,2.0663416385650635,34236.6875,264.37451171875,0.0032372127752751,200.0,437000.0,0.0067109121009707,160.20848083496094,1.0,200
polymer_sensitivity_v1-0006-b9353855,2210.0,41571.28125,104483264.0,31.4462833404541,35022.84375,264.27215576171875,0.005101709626615,200.0,442000.0,0.1612524837255478,164.2397918701172,1.0,200
polymer_sensitivity_v1-0006-b9353855,2235.0,39117.0078125,105461192.0,2.065441608428955,35074.48046875,264.3934936523437,0.0032609838526695,200.0,447000.0,0.0067574074491858,164.4087371826172,1.0,200
polymer_sensitivity_v1-0006-b9353855,2260.0,41458.9921875,106497664.0,31.63554573059082,35865.3671875,264.292236328125,0.0051111481152474,200.0,452000.0,0.1625246554613113,168.4718475341797,1.0,200
polymer_sensitivity_v1-0006-b9353855,2285.0,39087.82421875,107474864.0,2.0638985633850098,35916.96484375,264.415283203125,0.0032850978896021,200.0,457000.0,0.0068024559877812,168.64190673828125,1.0,200
polymer_sensitivity_v1-0006-b9353855,2310.0,41439.67578125,108510856.0,31.66855812072754,36708.6796875,264.31427001953125,0.0051244827918708,200.0,462000.0,0.1631208956241607,172.7199249267578,1.0,200
polymer_sensitivity_v1-0006-b9353855,2335.0,39066.22265625,109487512.0,2.062756061553955,36760.25,264.43975830078125,0.0033093530219048,200.0,467000.0,0.0068490542471408,172.8911590576172,1.0,200
polymer_sensitivity_v1-0006-b9353855,2360.0,41375.40625,110521896.0,31.72916603088379,37553.4765625,264.3388061523437,0.0051380833610892,200.0,472000.0,0.1638690829277038,176.98788452148438,1.0,200
polymer_sensitivity_v1-0006-b9353855,2385.0,39037.21875,111497824.0,2.061285734176636,37605.0078125,264.46759033203125,0.0033338295761495,200.0,477000.0,0.0068949619308114,177.16026306152344,1.0,200
polymer_sensitivity_v1-0006-b9353855,2410.0,41259.93359375,112529328.0,31.91286849975586,38402.83203125,264.36737060546875,0.0051507856696844,200.0,482000.0,0.165227398276329,181.2909393310547,1.0,200
polymer_sensitivity_v1-0006-b9353855,2435.0,39023.640625,113504912.0,2.0605854988098145,38454.34765625,264.4971618652344,0.0033584549091756,200.0,487000.0,0.0069437036290764,181.46453857421875,1.0,200
polymer_sensitivity_v1-0006-b9353855,2460.0,41222.6875,114535480.0,32.07230758666992,39256.15234375,264.3963928222656,0.0051654656417667,200.0,492000.0,0.1665286123752594,185.62774658203125,1.0,200
polymer_sensitivity_v1-0006-b9353855,2485.0,39019.11328125,115510960.0,2.06041955947876,39307.6640625,264.5266418457031,0.0033832811750471,200.0,497000.0,0.0069946432486176,185.8026123046875,1.0,200
polymer_sensitivity_v1-0006-b9353855,2510.0,41226.26953125,116541616.0,32.234466552734375,40113.52734375,264.4239196777344,0.0051813786849379,200.0,502000.0,0.1678888648748397,189.9998321533203,1.0,200
polymer_sensitivity_v1-0006-b9353855,2535.0,39058.390625,117518080.0,2.062608480453491,40165.08984375,264.5533142089844,0.0034082911442965,200.0,507000.0,0.0070540122687816,190.1761932373047,1.0,200
polymer_sensitivity_v1-0006-b9353855,2560.0,41229.33984375,118548808.0,32.39739227294922,40975.02734375,264.4490661621094,0.0051984782330691,200.0,512000.0,0.1692972183227539,194.4086151123047,1.0,200
polymer_sensitivity_v1-0006-b9353855,2585.0,39058.26171875,119525264.0,2.0625290870666504,41026.58984375,264.5794982910156,0.0034332824870944,200.0,517000.0,0.0071056406013667,194.5862579345703,1.0,200
polymer_sensitivity_v1-0006-b9353855,2610.0,41251.94921875,120556568.0,32.41877746582031,41837.05859375,264.47393798828125,0.0052185710519552,200.0,522000.0,0.1700671911239624,198.8379364013672,1.0,200
polymer_sensitivity_v1-0006-b9353855,2635.0,39084.19140625,121533672.0,2.063810348510742,41888.65234375,264.6056213378906,0.0034583827946335,200.0,527000.0,0.0071622161194682,199.0169982910156,1.0,200
polymer_sensitivity_v1-0006-b9353855,2660.0,41222.83203125,122564240.0,32.49444580078125,42701.015625,264.4978332519531,0.0052380585111677,200.0,532000.0,0.1711040586233139,203.2946014404297,1.0,200
polymer_sensitivity_v1-0006-b9353855,2685.0,39120.99609375,123542264.0,2.0656659603118896,42752.65625,264.63067626953125,0.0034836602862924,200.0,537000.0,0.0072212349623441,203.47512817382807,1.0,200
polymer_sensitivity_v1-0006-b9353855,2710.0,41172.57421875,124571584.0,32.58292388916016,43567.23046875,264.52154541015625,0.0052574723958969,200.0,542000.0,0.1722091883420944,207.7803649902344,1.0,200
polymer_sensitivity_v1-0006-b9353855,2735.0,39140.17578125,125550088.0,2.0665807723999023,43618.89453125,264.65594482421875,0.0035090835299342,200.0,547000.0,0.0072773415595293,207.96229553222656,1.0,200
polymer_sensitivity_v1-0006-b9353855,2760.0,41089.7421875,126577328.0,32.71826934814453,44436.8515625,264.54644775390625,0.0052776825614273,200.0,552000.0,0.1735928058624267,212.30210876464844,1.0,200
polymer_sensitivity_v1-0006-b9353855,2785.0,39161.1640625,127556360.0,2.1161344051361084,44489.75390625,264.6810913085937,0.0035752321127802,200.0,557000.0,0.0075928177684545,212.49192810058597,1.0,200
polymer_sensitivity_v1-0006-b9353855,2810.0,40960.46484375,128580368.0,7.620831966400146,44680.2734375,264.7153625488281,0.0047925813123583,200.0,562000.0,0.0366993397474288,213.40940856933597,1.0,200
polymer_sensitivity_v1-0006-b9353855,2835.0,41335.03515625,129613744.0,7.653091907501221,44871.6015625,264.73779296875,0.0047882669605314,200.0,567000.0,0.0368213579058647,214.3299560546875,1.0,200
polymer_sensitivity_v1-0006-b9353855,2860.0,41439.453125,130649728.0,7.748247146606445,45065.30859375,264.75714111328125,0.0047922506928443,200.0,572000.0,0.0373103432357311,215.26271057128903,1.0,200
polymer_sensitivity_v1-0006-b9353855,2885.0,41488.3984375,131686944.0,7.762778759002685,45259.37890625,264.775146484375,0.0047942576929926,200.0,577000.0,0.0373960472643375,216.19761657714844,1.0,200
polymer_sensitivity_v1-0006-b9353855,2910.0,41502.16015625,132724496.0,7.772171020507812,45453.68359375,264.7929077148437,0.0047981874085962,200.0,582000.0,0.037472128868103,217.1344146728516,1.0,200
polymer_sensitivity_v1-0006-b9353855,2935.0,41506.65625,133762160.0,7.7819085121154785,45648.23046875,264.810546875,0.0048037697561085,200.0,587000.0,0.0375629402697086,218.073486328125,1.0,200
polymer_sensitivity_v1-0006-b9353855,2960.0,41491.546875,134799456.0,7.789580345153809,45842.96875,264.8288879394531,0.0048107346519827,200.0,592000.0,0.0376547500491142,219.01486206054688,1.0,200
polymer_sensitivity_v1-0006-b9353855,3010.0,41462.33984375,136872560.0,7.825247764587402,46234.23046875,264.86700439453125,0.0048294081352651,200.0,602000.0,0.0379747115075588,220.91358947753903,1.0,200
polymer_sensitivity_v1-0006-b9353855,3060.0,41429.21484375,138944032.0,7.840437889099121,46626.25390625,264.9072570800781,0.0048501156270504,200.0,612000.0,0.0382123626768589,222.8242034912109,1.0,200
polymer_sensitivity_v1-0006-b9353855,3160.0,41421.55859375,143086192.0,7.901187419891357,47416.37109375,264.98663330078125,0.0048993304371833,200.0,632000.0,0.0389011166989803,226.71432495117188,1.0,200
polymer_sensitivity_v1-0006-b9353855,3260.0,41419.61328125,147228144.0,7.950287342071533,48211.40234375,265.0652160644531,0.0049529070965945,200.0,652000.0,0.0395730398595333,230.671630859375,1.0,200
polymer_sensitivity_v1-0006-b9353855,3360.0,41392.19140625,151367360.0,7.999514102935791,49011.3515625,265.14678955078125,0.0050103995017707,200.0,672000.0,0.040282592177391,234.69989013671875,1.0,200
polymer_sensitivity_v1-0006-b9353855,3460.0,41374.140625,155504784.0,8.053415298461914,49816.6953125,265.2307434082031,0.0050708362832665,200.0,692000.0,0.0410456843674182,238.8044586181641,1.0,200
polymer_sensitivity_v1-0006-b9353855,3560.0,41328.89453125,159637664.0,8.103939056396484,50627.08984375,265.3221130371094,0.0051336390897631,200.0,712000.0,0.0418173745274543,242.98619079589844,1.0,200
polymer_sensitivity_v1-0006-b9353855,3660.0,41337.671875,163771440.0,8.167388916015625,51443.828125,265.4135437011719,0.0051985434256494,200.0,732000.0,0.0426803976297378,247.2542266845703,1.0,200
polymer_sensitivity_v1-0006-b9353855,3760.0,41358.6015625,167907296.0,8.23564338684082,52267.390625,265.50115966796875,0.0052654133178293,200.0,752000.0,0.0435936078429222,251.61358642578125,1.0,200
polymer_sensitivity_v1-0006-b9353855,3860.0,41375.296875,172044832.0,8.304737091064453,53097.86328125,265.5857849121094,0.0053341859020292,200.0,772000.0,0.0445365756750106,256.0672607421875,1.0,200
polymer_sensitivity_v1-0006-b9353855,3960.0,41400.875,176184912.0,8.378775596618652,53935.7421875,265.66632080078125,0.0054049091413617,200.0,792000.0,0.0455326214432716,260.6205139160156,1.0,200
polymer_sensitivity_v1-0006-b9353855,4060.0,41370.6171875,180321968.0,8.444780349731445,54780.21875,265.7510070800781,0.0054776296019554,200.0,812000.0,0.0465121567249298,265.271728515625,1.0,200
polymer_sensitivity_v1-0006-b9353855,4160.0,41303.89453125,184452368.0,8.507060050964355,55630.92578125,265.8446044921875,0.0055524758063256,200.0,832000.0,0.047498982399702,270.0216369628906,1.0,200
polymer_sensitivity_v1-0006-b9353855,4260.0,41255.76171875,188577936.0,8.576019287109375,56488.52734375,265.9448547363281,0.0056295930407941,200.0,852000.0,0.0485528260469436,274.8768920898437,1.0,200
polymer_sensitivity_v1-0006-b9353855,4360.0,41244.875,192702432.0,8.656660079956055,57354.1953125,266.0459899902344,0.0057092388160526,200.0,872000.0,0.0497067309916019,279.8475952148437,1.0,200
polymer_sensitivity_v1-0006-b9353855,4460.0,41252.79296875,196827712.0,8.748292922973633,58229.0234375,266.14501953125,0.0057916487567126,200.0,892000.0,0.0509621948003768,284.9437866210937,1.0,200
polymer_sensitivity_v1-0006-b9353855,4560.0,41241.421875,200951856.0,8.842514038085938,59113.2734375,266.24658203125,0.0058768661692738,200.0,912000.0,0.0522734783589839,290.171142578125,1.0,200
polymer_sensitivity_v1-0006-b9353855,4660.0,41204.80859375,205072336.0,8.939037322998047,60007.1796875,266.3538818359375,0.0059657460078597,200.0,932000.0,0.0536480769515037,295.53594970703125,1.0,200
polymer_sensitivity_v1-0006-b9353855,4760.0,41141.5625,209186480.0,9.040048599243164,60911.18359375,266.46978759765625,0.0060588191263377,200.0,952000.0,0.0551058985292911,301.0465393066406,1.0,200
polymer_sensitivity_v1-0006-b9353855,4860.0,41034.3828125,213289920.0,9.142069816589355,61825.390625,266.6012878417969,0.0061566606163978,200.0,972000.0,0.0566332973539829,306.7098693847656,1.0,200
polymer_sensitivity_v1-0006-b9353855,4960.0,40904.4375,217380368.0,9.25082015991211,62750.47265625,266.7522277832031,0.0062599601224064,200.0,992000.0,0.0582745634019374,312.5373229980469,1.0,200
polymer_sensitivity_v1-0006-b9353855,5060.0,40721.37109375,221452512.0,9.366086959838867,63687.08203125,266.9307556152344,0.0063681681640446,200.0,1012000.0,0.060027077794075,318.5400390625,1.0,200
polymer_sensitivity_v1-0006-b9353855,5160.0,40534.44140625,225505952.0,9.50446319580078,64637.52734375,267.1374206542969,0.0064812903292477,200.0,1032000.0,0.0620030462741851,324.7403564453125,1.0,200
polymer_sensitivity_v1-0006-b9353855,5260.0,40370.35546875,229542992.0,9.670119285583496,65604.5390625,267.36798095703125,0.0066007003188133,200.0,1052000.0,0.0642536804080009,331.16571044921875,1.0,200
polymer_sensitivity_v1-0006-b9353855,5360.0,40161.80859375,233559168.0,9.861734390258787,66590.7109375,267.6292419433594,0.0067275813780725,200.0,1072000.0,0.0667949914932251,337.84521484375,1.0,200
polymer_sensitivity_v1-0006-b9353855,5460.0,39988.2265625,237557984.0,10.105331420898438,67601.25,267.9135131835937,0.0068650091998279,200.0,1092000.0,0.0698527321219444,344.8304748535156,1.0,200
polymer_sensitivity_v1-0006-b9353855,5560.0,39865.3203125,241544528.0,10.413491249084473,68642.59375,268.2182006835937,0.0070160026662051,200.0,1112000.0,0.0735772997140884,352.1882019042969,1.0,200
polymer_sensitivity_v1-0006-b9353855,5660.0,39684.23828125,245512944.0,10.780386924743652,69720.6328125,268.54693603515625,0.0071843909099698,200.0,1132000.0,0.0780109763145446,359.98931884765625,1.0,200
polymer_sensitivity_v1-0006-b9353855,5760.0,39583.36328125,249471280.0,11.248335838317873,70845.46875,268.8809509277344,0.0073748589493334,200.0,1152000.0,0.0835712179541587,368.346435546875,1.0,200
polymer_sensitivity_v1-0006-b9353855,5860.0,39454.55078125,253416736.0,11.821746826171877,72027.640625,269.2233581542969,0.0075925295241177,200.0,1172000.0,0.0904436632990837,377.3908081054688,1.0,200
polymer_sensitivity_v1-0006-b9353855,5960.0,39272.41796875,257343984.0,12.53250217437744,73280.890625,269.5784606933594,0.0078476918861269,200.0,1192000.0,0.0991291478276252,387.3037109375,1.0,200
polymer_sensitivity_v1-0006-b9353855,6060.0,39112.6484375,261255248.0,13.455496788024902,74626.4453125,269.937744140625,0.0081498026847839,200.0,1212000.0,0.110560692846775,398.3597717285156,1.0,200
polymer_sensitivity_v1-0006-b9353855,6160.0,38726.4296875,265127888.0,14.638605117797852,76090.3046875,270.3322448730469,0.0085089290514588,200.0,1232000.0,0.125627800822258,410.9225769042969,1.0,200
polymer_sensitivity_v1-0006-b9353855,6260.0,38230.8125,268950976.0,16.27218246459961,77717.5234375,270.76885986328125,0.0089590605348348,200.0,1252000.0,0.1471013575792312,425.6326904296875,1.0,200
polymer_sensitivity_v1-0006-b9353855,6360.0,37594.5234375,272710432.0,18.590200424194336,79576.5390625,271.253662109375,0.0097087826579809,200.0,1272000.0,0.1822577267885208,443.85845947265625,1.0,200
polymer_sensitivity_v1-0006-b9353855,6460.0,36857.63671875,276396192.0,21.93962287902832,81770.5,271.775390625,0.0109056616201996,200.0,1292000.0,0.2419042438268661,468.04888916015625,1.0,200
polymer_sensitivity_v1-0006-b9353855,6560.0,35962.6875,279992448.0,26.695409774780277,84440.046875,272.32049560546875,0.012671947479248,200.0,1312000.0,0.3426245450973511,502.3113403320313,1.0,200
polymer_sensitivity_v1-0006-b9353855,6660.0,34888.29296875,283481280.0,33.900962829589844,87830.140625,272.8482971191406,0.0151092680171132,200.0,1332000.0,0.5200766921043396,554.3190307617188,1.0,200
polymer_sensitivity_v1-0006-b9353855,6760.0,33013.4296875,286782624.0,46.38737487792969,92468.875,273.343994140625,0.0177694354206323,200.0,1352000.0,0.839189350605011,638.2379760742188,1.0,200
polymer_sensitivity_v1-0006-b9353855,6860.0,29912.63671875,289773888.0,66.63848876953125,99132.7265625,273.7939147949219,0.0202379841357469,200.0,1372000.0,1.3764859437942505,775.8865356445312,1.0,200
polymer_sensitivity_v1-0006-b9353855,6960.0,26702.93359375,292444192.0,88.0279541015625,107935.5234375,274.1747131347656,0.0238078199326992,200.0,1392000.0,2.1468658447265625,990.5731201171876,1.0,200
polymer_sensitivity_v1-0006-b9353855,7060.0,24225.0625,294866688.0,104.00650787353516,118336.171875,274.5041809082031,0.0287462435662746,200.0,1412000.0,3.0782856941223145,1298.4017333984375,1.0,200
polymer_sensitivity_v1-0006-b9353855,7160.0,22578.412109375,297124512.0,114.09339904785156,129745.515625,274.7887878417969,0.0367671325802803,200.0,1432000.0,4.355008125305176,1733.9024658203125,1.0,200
polymer_sensitivity_v1-0006-b9353855,7260.0,21452.1875,299269760.0,120.36113739013672,141781.625,275.0301513671875,0.0475828573107719,200.0,1452000.0,6.013254642486572,2335.22802734375,1.0,200
polymer_sensitivity_v1-0006-b9353855,7360.0,20791.15234375,301348864.0,122.58287048339844,154039.921875,275.2422790527344,0.0625394657254219,200.0,1472000.0,8.177696228027344,3152.99755859375,1.0,200
polymer_sensitivity_v1-0006-b9353855,7460.0,20109.658203125,303359840.0,123.74919891357422,166414.828125,275.4331359863281,0.0815175175666809,200.0,1492000.0,10.983036994934082,4251.30126953125,1.0,200
polymer_sensitivity_v1-0006-b9353855,7560.0,19419.345703125,305301760.0,123.7686767578125,178791.703125,275.6146545410156,0.1041192859411239,200.0,1512000.0,14.3843994140625,5689.7412109375,1.0,200
polymer_sensitivity_v1-0006-b9353855,7660.0,18728.236328125,307174592.0,122.88597106933594,191080.296875,275.7942810058594,0.130513459444046,200.0,1532000.0,18.4456844329834,7534.3095703125,1.0,200
polymer_sensitivity_v1-0006-b9353855,7760.0,18049.140625,308979488.0,121.224609375,203202.765625,275.9665832519531,0.1595469862222671,200.0,1552000.0,23.01261329650879,9835.5712890625,1.0,200
polymer_sensitivity_v1-0006-b9353855,7860.0,17377.86328125,310717280.0,119.03748321533205,215106.515625,276.1283874511719,0.1902755796909332,200.0,1572000.0,27.972389221191406,12632.810546875,1.0,200
polymer_sensitivity_v1-0006-b9353855,7960.0,16732.01953125,312390496.0,116.3882064819336,226745.328125,276.28497314453125,0.2210490554571151,200.0,1592000.0,33.02839660644531,15935.6494140625,1.0,200
polymer_sensitivity_v1-0006-b9353855,8060.0,16158.4833984375,314006336.0,113.42610168457033,238087.9375,276.4252319335937,0.2521827220916748,200.0,1612000.0,38.250125885009766,19760.662109375,1.0,200
polymer_sensitivity_v1-0006-b9353855,8160.0,15679.9326171875,315574336.0,110.1496353149414,249102.90625,276.5478210449219,0.2821231782436371,200.0,1632000.0,43.28843688964844,24089.505859375,1.0,200
polymer_sensitivity_v1-0006-b9353855,8260.0,15192.6171875,317093600.0,106.99620056152344,259802.515625,276.65679931640625,0.3104864060878753,200.0,1652000.0,48.18014526367188,28907.521484375,1.0,200
polymer_sensitivity_v1-0006-b9353855,8360.0,14747.4111328125,318568320.0,104.23175811767578,270225.6875,276.7461853027344,0.335959255695343,200.0,1672000.0,52.73414993286133,34180.9375,1.0,200
polymer_sensitivity_v1-0006-b9353855,8460.0,14320.7392578125,320000416.0,101.58154296875,280383.84375,276.8201599121094,0.3594940602779388,200.0,1692000.0,57.01424026489258,39882.359375,1.0,200
polymer_sensitivity_v1-0006-b9353855,8560.0,13924.0703125,321392800.0,99.1504898071289,290298.90625,276.8788757324219,0.3808387219905853,200.0,1712000.0,60.98628234863281,45980.98828125,1.0,200
polymer_sensitivity_v1-0006-b9353855,8660.0,13557.9453125,322748608.0,96.9586944580078,299994.78125,276.9244384765625,0.3998163640499115,200.0,1732000.0,64.58969116210938,52439.95703125,1.0,200
polymer_sensitivity_v1-0006-b9353855,8760.0,13224.1513671875,324071008.0,95.00277709960938,309495.0625,276.95819091796875,0.4165930449962616,200.0,1752000.0,67.83857727050781,59223.81640625,1.0,200
polymer_sensitivity_v1-0006-b9353855,8860.0,12921.2998046875,325363168.0,93.28010559082033,318823.0625,276.9815979003906,0.4312846958637237,200.0,1772000.0,70.73887634277344,66297.703125,1.0,200
polymer_sensitivity_v1-0006-b9353855,8960.0,12649.12109375,326628064.0,91.80809783935548,328003.875,276.994384765625,0.4440089762210846,200.0,1792000.0,73.31704711914062,73629.40625,1.0,200
polymer_sensitivity_v1-0006-b9353855,9060.0,12405.607421875,327868640.0,90.5359344482422,337057.46875,276.99920654296875,0.4549020826816559,200.0,1812000.0,75.55520629882812,81184.9296875,1.0,200
polymer_sensitivity_v1-0006-b9353855,9160.0,12189.9765625,329087616.0,89.44989776611328,346002.46875,276.9979248046875,0.4641583561897278,200.0,1832000.0,77.48355865478516,88933.28125,1.0,200
polymer_sensitivity_v1-0006-b9353855,9260.0,11998.44140625,330287456.0,88.5171127319336,354854.15625,276.9920654296875,0.4720738530158996,200.0,1852000.0,79.15238189697266,96848.5234375,1.0,200
polymer_sensitivity_v1-0006-b9353855,9360.0,11829.125,331470368.0,87.72650909423828,363626.8125,276.9828796386719,0.4787915349006653,200.0,1872000.0,80.58716583251953,104907.234375,1.0,200
polymer_sensitivity_v1-0006-b9353855,9460.0,11679.4375,332638336.0,87.05594635009766,372332.40625,276.9711303710937,0.4845172166824341,200.0,1892000.0,81.82640838623047,113089.8828125,1.0,200
polymer_sensitivity_v1-0006-b9353855,9560.0,11544.4765625,333792768.0,86.45414733886719,380977.8125,276.9576721191406,0.4895956814289093,200.0,1912000.0,82.92950439453125,121382.828125,1.0,200
polymer_sensitivity_v1-0006-b9353855,9660.0,11424.470703125,334935232.0,85.9217529296875,389570.0,276.94537353515625,0.4941173493862152,200.0,1932000.0,83.92347717285156,129775.1796875,1.0,200
polymer_sensitivity_v1-0006-b9353855,9760.0,11317.1806640625,336066944.0,85.4443130493164,398114.4375,276.931640625,0.4981372058391571,200.0,1952000.0,84.81001281738281,138256.171875,1.0,200
polymer_sensitivity_v1-0006-b9353855,9860.0,11221.7099609375,337189120.0,85.02021026611328,406616.4375,276.9163818359375,0.5016775131225586,200.0,1972000.0,85.5926284790039,146815.4375,1.0,200
polymer_sensitivity_v1-0006-b9353855,9960.0,11136.94921875,338302816.0,84.6465072631836,415081.09375,276.9001770019531,0.5047721862792969,200.0,1992000.0,86.27788543701172,155443.234375,1.0,200
polymer_sensitivity_v1-0006-b9353855,10060.0,11061.900390625,339408992.0,84.32087707519531,423513.1875,276.8832092285156,0.5074716806411743,200.0,2012000.0,86.87918090820312,164131.140625,1.0,200
polymer_sensitivity_v1-0006-b9353855,10160.0,10995.447265625,340508544.0,84.0389175415039,431917.09375,276.8658447265625,0.5098059773445129,200.0,2032000.0,87.40119171142578,172871.265625,1.0,200
polymer_sensitivity_v1-0006-b9353855,10260.0,10936.6201171875,341602208.0,83.79629516601562,440296.71875,276.8484802246094,0.5118116736412048,200.0,2052000.0,87.85118103027344,181656.390625,1.0,200
polymer_sensitivity_v1-0006-b9353855,10360.0,10884.556640625,342690656.0,83.58819580078125,448655.53125,276.8307189941406,0.5135717988014221,200.0,2072000.0,88.25257873535156,190481.640625,1.0,200
polymer_sensitivity_v1-0006-b9353855,10460.0,10838.0859375,343774464.0,83.40668487548828,456996.1875,276.8128967285156,0.5150982141494751,200.0,2092000.0,88.60069274902344,199341.71875,1.0,200
polymer_sensitivity_v1-0006-b9353855,10560.0,10796.7041015625,344854144.0,83.25041961669922,465321.25,276.794921875,0.5164352655410767,200.0,2112000.0,88.9094009399414,208232.65625,1.0,200
polymer_sensitivity_v1-0006-b9353855,10660.0,10760.287109375,345930176.0,83.11882019042969,473633.125,276.7770690917969,0.5175982713699341,200.0,2132000.0,89.18326568603516,217150.984375,1.0,200
polymer_sensitivity_v1-0006-b9353855,10760.0,10728.30078125,347003008.0,83.00772094726562,481933.90625,276.7593688964844,0.5185902714729309,200.0,2152000.0,89.41862487792969,226092.84375,1.0,200
polymer_sensitivity_v1-0006-b9353855,10860.0,10699.9443359375,348072992.0,82.91226196289062,490225.125,276.7417297363281,0.5194308161735535,200.0,2172000.0,89.61702728271484,235054.546875,1.0,200
polymer_sensitivity_v1-0006-b9353855,10960.0,10674.73828125,349140448.0,82.83027648925781,498508.15625,276.7244567871094,0.520142674446106,200.0,2192000.0,89.78410339355469,244032.953125,1.0,200
polymer_sensitivity_v1-0007-ee90198c,1.0,1531511.375,1531511.375,438.476806640625,438.476806640625,270.9838256835937,0.0037272714544087,100.0,100.0,1.6404364109039309,1.6404364109039309,1.5,100
polymer_sensitivity_v1-0007-ee90198c,2.0,730985.25,2262496.75,186.0360870361328,624.5128784179688,270.59991455078125,0.0037339970003813,100.0,200.0,0.6972617506980896,2.337698221206665,1.5,100
polymer_sensitivity_v1-0007-ee90198c,3.0,540452.375,2802949.0,122.6623992919922,747.17529296875,270.309814453125,0.0037017203867435,100.0,300.0,0.4557489454746246,2.793447256088257,1.5,100
polymer_sensitivity_v1-0007-ee90198c,4.0,451269.0625,3254218.0,96.88551330566406,844.060791015625,270.03973388671875,0.0036829458549618,100.0,400.0,0.358143150806427,3.151590347290039,1.5,100
polymer_sensitivity_v1-0007-ee90198c,5.0,397764.8125,3651983.0,82.7401123046875,926.8009033203124,269.78961181640625,0.0036712358705699,100.0,500.0,0.3048777282238006,3.456468105316162,1.5,100
polymer_sensitivity_v1-0007-ee90198c,6.0,361340.4375,4013323.25,73.57272338867188,1000.3736572265624,269.5608825683594,0.0036626630462706,100.0,600.0,0.270462691783905,3.726930856704712,1.5,100
polymer_sensitivity_v1-0007-ee90198c,7.0,334595.53125,4347919.0,67.05946350097656,1067.43310546875,269.3500671386719,0.0036558515857905,100.0,700.0,0.2460589855909347,3.972989797592163,1.5,100
polymer_sensitivity_v1-0007-ee90198c,8.0,313884.5625,4661803.5,62.153541564941406,1129.586669921875,269.15478515625,0.003650271333754,100.0,800.0,0.2277085036039352,4.200698375701904,1.5,100
polymer_sensitivity_v1-0007-ee90198c,9.0,297147.0,4958950.5,58.29400253295898,1187.880615234375,268.9706115722656,0.00364565779455,100.0,900.0,0.2132975906133651,4.413995742797852,1.5,100
polymer_sensitivity_v1-0007-ee90198c,10.0,283159.28125,5242109.5,55.151817321777344,1243.032470703125,268.7964782714844,0.0036418158560991,100.0,1000.0,0.201586902141571,4.615582942962647,1.5,100
polymer_sensitivity_v1-0007-ee90198c,13.0,253532.484375,6002707.0,48.865047454833984,1389.6275634765625,268.3396911621094,0.003634538501501,100.0,1300.0,0.1782497614622116,5.150331974029541,1.5,100
polymer_sensitivity_v1-0007-ee90198c,15.0,237413.890625,6477535.0,45.52210235595703,1480.671875,268.0719299316406,0.0036302872467786,100.0,1500.0,0.165860429406166,5.482052803039551,1.5,100
polymer_sensitivity_v1-0007-ee90198c,20.0,208087.015625,7517970.0,39.74273300170898,1679.385498046875,267.508544921875,0.0036231053527444,100.0,2000.0,0.1445157080888748,6.204631328582764,1.5,100
polymer_sensitivity_v1-0007-ee90198c,25.0,185305.578125,8444498.0,34.68659210205078,1852.8184814453125,267.032470703125,0.0036082989536225,100.0,2500.0,0.1256128400564193,6.832695484161377,1.5,100
polymer_sensitivity_v1-0007-ee90198c,30.0,166633.90625,9277667.0,30.612998962402344,2005.8834228515625,266.6253967285156,0.0035940678790211,100.0,3000.0,0.1104220598936081,7.384805679321289,1.5,100
polymer_sensitivity_v1-0007-ee90198c,35.0,150892.65625,10032131.0,27.23230361938477,2142.044921875,266.2730712890625,0.0035802787169814,100.0,3500.0,0.0978495627641677,7.874053478240967,1.5,100
polymer_sensitivity_v1-0007-ee90198c,40.0,137387.0625,10719066.0,24.362443923950195,2263.857177734375,265.9609680175781,0.0035666276235133,100.0,4000.0,0.0872027873992919,8.310067176818848,1.5,100
polymer_sensitivity_v1-0007-ee90198c,45.0,125647.453125,11347303.0,21.88828468322754,2373.298583984375,265.6861267089844,0.0035529695451259,100.0,4500.0,0.0780457034707069,8.700296401977539,1.5,100
polymer_sensitivity_v1-0007-ee90198c,50.0,115380.59375,11924206.0,19.699291229248047,2471.795166015625,265.43975830078125,0.0035382856149226,100.0,5000.0,0.0699492171406745,9.050042152404783,1.5,100
polymer_sensitivity_v1-0007-ee90198c,55.0,106407.5546875,12456244.0,17.53268814086914,2559.45849609375,265.2175598144531,0.0035162321291863,100.0,5500.0,0.061866533011198,9.359375,1.5,100
polymer_sensitivity_v1-0007-ee90198c,60.0,98544.9375,12948969.0,15.365009307861328,2636.283447265625,265.0162048339844,0.0034841618034988,100.0,6000.0,0.0537213534116745,9.627982139587402,1.5,100
polymer_sensitivity_v1-0007-ee90198c,70.0,85651.75,13805486.0,11.451496124267578,2750.798583984375,264.6822814941406,0.0033932430669665,100.0,7000.0,0.0389900133013725,10.017881393432615,1.5,100
polymer_sensitivity_v1-0007-ee90198c,80.0,75056.21875,14556048.0,8.076607704162598,2831.564697265625,264.40386962890625,0.0032504384871572,100.0,8000.0,0.0263381265103817,10.28126335144043,1.5,100
polymer_sensitivity_v1-0007-ee90198c,100.0,60296.3203125,15761975.0,3.243177890777588,2896.42822265625,264.0025939941406,0.002579856198281,100.0,10000.0,0.0083885742351412,10.449034690856934,1.5,100
polymer_sensitivity_v1-0007-ee90198c,120.0,49692.85546875,16755832.0,2.6240251064300537,2948.90869140625,263.7056579589844,0.0025877873413264,100.0,12000.0,0.0068080369383096,10.585195541381836,1.5,100
polymer_sensitivity_v1-0007-ee90198c,140.0,44504.9375,17645930.0,32.98388671875,3608.58642578125,263.3830871582031,0.0038799417670816,100.0,14000.0,0.1284740269184112,13.154675483703612,1.5,100
polymer_sensitivity_v1-0007-ee90198c,160.0,33064.46875,18307220.0,1.745828628540039,3643.5029296875,263.27166748046875,0.0026039576623588,100.0,16000.0,0.0045579327270388,13.245834350585938,1.5,100
polymer_sensitivity_v1-0007-ee90198c,180.0,35033.4453125,19007888.0,26.05579948425293,4164.619140625,263.0636901855469,0.0039969682693481,100.0,18000.0,0.1045621335506439,15.337077140808104,1.5,100
polymer_sensitivity_v1-0007-ee90198c,200.0,25708.357421875,19522056.0,1.357365608215332,4191.76611328125,263.03253173828125,0.0026166730094701,100.0,20000.0,0.0035610999912023,15.408299446105955,1.5,100
polymer_sensitivity_v1-0007-ee90198c,220.0,29974.041015625,20121536.0,22.59286880493164,4643.62353515625,262.88629150390625,0.0041373120620846,100.0,22000.0,0.0938620865345001,17.285541534423828,1.5,100
polymer_sensitivity_v1-0007-ee90198c,240.0,21788.234375,20557302.0,1.1503633260726929,4666.630859375,262.897705078125,0.0026267615612596,100.0,24000.0,0.0030296884942799,17.346134185791016,1.5,100
polymer_sensitivity_v1-0007-ee90198c,260.0,27144.880859375,21100200.0,20.332897186279297,5073.28857421875,262.7869873046875,0.0042870063334703,100.0,26000.0,0.0875425562262535,19.09698486328125,1.5,100
polymer_sensitivity_v1-0007-ee90198c,280.0,19663.060546875,21493460.0,1.038156509399414,5094.0517578125,262.8217163085937,0.0026346733793616,100.0,28000.0,0.0027424287982285,19.15183448791504,1.5,100
polymer_sensitivity_v1-0007-ee90198c,300.0,25541.302734375,22004286.0,18.97539329528809,5473.5595703125,262.73150634765625,0.0044398298487067,100.0,30000.0,0.0846232250332832,20.84429931640625,1.5,100
polymer_sensitivity_v1-0007-ee90198c,320.0,18481.921875,22373924.0,0.9757912755012512,5493.07568359375,262.779052734375,0.0026407456025481,100.0,32000.0,0.0025836392305791,20.895971298217773,1.5,100
polymer_sensitivity_v1-0007-ee90198c,340.0,24605.328125,22866032.0,18.05879592895508,5854.25146484375,262.7012939453125,0.0045827878639101,100.0,34000.0,0.0831406489014625,22.55878448486328,1.5,100
polymer_sensitivity_v1-0007-ee90198c,360.0,17835.302734375,23222738.0,0.9416499137878418,5873.08447265625,262.7557983398437,0.0026452508755028,100.0,36000.0,0.0024975067935884,22.60873413085937,1.5,100
polymer_sensitivity_v1-0007-ee90198c,380.0,24061.888671875,23703976.0,17.32369613647461,6219.55859375,262.685791015625,0.00472242385149,100.0,38000.0,0.0821980088949203,24.252695083618164,1.5,100
polymer_sensitivity_v1-0007-ee90198c,400.0,17587.75,24055730.0,0.9285860657691956,6238.13037109375,262.74249267578125,0.0026471302844583,100.0,40000.0,0.0024646124802529,24.301986694335938,1.5,100
polymer_sensitivity_v1-0007-ee90198c,420.0,23768.04296875,24531092.0,16.304141998291016,6564.212890625,262.677978515625,0.0048469495959579,100.0,42000.0,0.0794102475047111,25.89019203186035,1.5,100
polymer_sensitivity_v1-0007-ee90198c,440.0,17528.98828125,24881670.0,0.9254879951477052,6582.72265625,262.734619140625,0.0026463191024959,100.0,44000.0,0.0024556347634643,25.93930435180664,1.5,100
polymer_sensitivity_v1-0007-ee90198c,460.0,23585.998046875,25353390.0,15.612648963928224,6894.9755859375,262.6738586425781,0.0049608023837208,100.0,46000.0,0.0778374001383781,27.49605369567871,1.5,100
polymer_sensitivity_v1-0007-ee90198c,480.0,17506.28125,25703516.0,0.9242920875549316,6913.46142578125,262.7304382324219,0.0026434732135385,100.0,48000.0,0.0024498172570019,27.5450496673584,1.5,100
polymer_sensitivity_v1-0007-ee90198c,490.0,24728.892578125,25950806.0,19.412317276000977,7107.5849609375,262.6872863769531,0.0051024360582232,100.0,49000.0,0.0995581001043319,28.54063034057617,1.5,100
polymer_sensitivity_v1-0007-ee90198c,500.0,16247.2578125,26113278.0,0.8578201532363892,7116.1630859375,262.7244873046875,0.0026408280245959,100.0,50000.0,0.0022713537327945,28.563343048095703,1.5,100
polymer_sensitivity_v1-0007-ee90198c,520.0,23241.71484375,26578112.0,14.19757080078125,7400.1142578125,262.6714172363281,0.0051211668178439,100.0,52000.0,0.0730823948979377,30.024991989135746,1.5,100
polymer_sensitivity_v1-0007-ee90198c,530.0,15570.5009765625,26733818.0,0.8220864534378052,7408.33544921875,262.71343994140625,0.0026312454137951,100.0,53000.0,0.002168817911297,30.046680450439453,1.5,100
polymer_sensitivity_v1-0007-ee90198c,540.0,24110.04296875,26974918.0,17.240234375,7580.73779296875,262.6772155761719,0.0052283219993114,100.0,54000.0,0.0906112343072891,30.952791213989254,1.5,100
polymer_sensitivity_v1-0007-ee90198c,560.0,17757.296875,27330064.0,0.9375508427619934,7599.48876953125,262.73052978515625,0.002631417941302,100.0,56000.0,0.0024735971819609,31.00226402282715,1.5,100
polymer_sensitivity_v1-0007-ee90198c,580.0,23233.271484375,27794730.0,13.967923164367676,7878.84716796875,262.6771850585937,0.0052752690389752,100.0,58000.0,0.0740753188729286,32.48377227783203,1.5,100
polymer_sensitivity_v1-0007-ee90198c,600.0,17624.208984375,28147214.0,0.9305249452590942,7897.45751953125,262.7325439453125,0.0026245408225804,100.0,60000.0,0.0024486272595822,32.53274154663086,1.5,100
polymer_sensitivity_v1-0007-ee90198c,620.0,23129.47265625,28609802.0,13.65162754058838,8170.490234375,262.6810302734375,0.0053522316738963,100.0,62000.0,0.0734598487615585,34.0019416809082,1.5,100
polymer_sensitivity_v1-0007-ee90198c,640.0,17636.462890625,28962532.0,0.9311727285385132,8189.11376953125,262.7366943359375,0.0026171801146119,100.0,64000.0,0.0024434416554868,34.05080795288086,1.5,100
polymer_sensitivity_v1-0007-ee90198c,660.0,23050.759765625,29423548.0,13.460237503051758,8458.318359375,262.6861267089844,0.0054234359413385,100.0,66000.0,0.0733988136053085,35.51878356933594,1.5,100
polymer_sensitivity_v1-0007-ee90198c,680.0,17653.294921875,29776614.0,0.9320619106292723,8476.9599609375,262.7420349121094,0.0026095549110323,100.0,68000.0,0.0024386304430663,35.56755828857422,1.5,100
polymer_sensitivity_v1-0007-ee90198c,700.0,22978.8984375,30236192.0,13.334299087524414,8743.6455078125,262.6921691894531,0.0054882699623703,100.0,70000.0,0.0735860913991928,37.03927993774414,1.5,100
polymer_sensitivity_v1-0007-ee90198c,720.0,17666.75,30589526.0,0.9327725768089294,8762.30078125,262.7484436035156,0.0026018440257757,100.0,72000.0,0.0024332597386091,37.08794403076172,1.5,100
polymer_sensitivity_v1-0007-ee90198c,740.0,22911.333984375,31047752.0,13.259989738464355,9027.5009765625,262.6990661621094,0.0055468650534749,100.0,74000.0,0.0739616304636001,38.567176818847656,1.5,100
polymer_sensitivity_v1-0007-ee90198c,760.0,17677.6640625,31401306.0,0.9333487749099731,9046.16796875,262.7557067871094,0.0025941983330994,100.0,76000.0,0.0024275896139442,38.61573028564453,1.5,100
polymer_sensitivity_v1-0007-ee90198c,780.0,22848.732421875,31858280.0,13.23468017578125,9310.861328125,262.70672607421875,0.0055995122529566,100.0,78000.0,0.0745250582695007,40.106231689453125,1.5,100
polymer_sensitivity_v1-0007-ee90198c,800.0,17684.658203125,32211974.0,0.9337178468704224,9329.5361328125,262.763916015625,0.0025867479853332,100.0,80000.0,0.0024215567391365,40.1546630859375,1.5,100
polymer_sensitivity_v1-0007-ee90198c,820.0,22789.791015625,32667770.0,13.249314308166504,9594.5224609375,262.71502685546875,0.0056463941000401,100.0,82000.0,0.0752356573939323,41.65937423706055,1.5,100
polymer_sensitivity_v1-0007-ee90198c,840.0,17692.455078125,33021618.0,0.9341292977333068,9613.2041015625,262.772705078125,0.0025796061381697,100.0,84000.0,0.0024159175809472,41.70769119262695,1.5,100
polymer_sensitivity_v1-0007-ee90198c,860.0,22735.46484375,33476328.0,13.301003456115724,9879.224609375,262.7237854003906,0.0056877452880144,100.0,86000.0,0.076085478067398,43.229400634765625,1.5,100
polymer_sensitivity_v1-0007-ee90198c,880.0,17705.548828125,33830440.0,0.9348201155662536,9897.9208984375,262.7823486328125,0.0025728843174874,100.0,88000.0,0.0024113883264362,43.27762985229492,1.5,100
polymer_sensitivity_v1-0007-ee90198c,900.0,22678.775390625,34284016.0,13.374115943908691,10165.4033203125,262.7329406738281,0.0057230992242693,100.0,90000.0,0.0769819691777229,44.81726837158203,1.5,100
polymer_sensitivity_v1-0007-ee90198c,920.0,17721.958984375,34638452.0,0.935685932636261,10184.1171875,262.7926940917969,0.0025666847359389,100.0,92000.0,0.0024077906273305,44.86542510986328,1.5,100
polymer_sensitivity_v1-0007-ee90198c,940.0,22618.12890625,35090816.0,13.464723587036133,10453.4111328125,262.7425537109375,0.0057533252984285,100.0,94000.0,0.0779152140021324,46.42372894287109,1.5,100
polymer_sensitivity_v1-0007-ee90198c,960.0,17728.50390625,35445388.0,0.9360308051109314,10472.1318359375,262.8036193847656,0.0025610690936446,100.0,96000.0,0.0024033947847783,46.471797943115234,1.5,100
polymer_sensitivity_v1-0007-ee90198c,980.0,22560.83984375,35896604.0,13.585028648376465,10743.8330078125,262.75262451171875,0.0057784505188465,100.0,98000.0,0.0789566561579704,48.05093002319336,1.5,100
polymer_sensitivity_v1-0007-ee90198c,1000.0,17740.13671875,36251404.0,0.9366442561149596,10762.5654296875,262.8149719238281,0.0025561091024428,100.0,100000.0,0.0024003002326935,48.09893798828125,1.5,100
polymer_sensitivity_v1-0007-ee90198c,1020.0,22513.115234375,36701668.0,13.731842041015623,11037.2021484375,262.7632751464844,0.0057991184294223,100.0,102000.0,0.0800970718264579,49.70087814331055,1.5,100
polymer_sensitivity_v1-0007-ee90198c,1040.0,17750.890625,37056684.0,0.9372111558914183,11055.9462890625,262.826904296875,0.0025518562179058,100.0,104000.0,0.0023977470118552,49.74883270263672,1.5,100
polymer_sensitivity_v1-0007-ee90198c,1060.0,22466.017578125,37506008.0,13.906567573547363,11334.078125,262.7743530273437,0.0058158515021204,100.0,106000.0,0.0813516601920127,51.3758659362793,1.5,100
polymer_sensitivity_v1-0007-ee90198c,1080.0,17762.205078125,37861252.0,0.9378076791763306,11352.833984375,262.8396301269531,0.0025483628269284,100.0,108000.0,0.0023959800601005,51.42378616333008,1.5,100
polymer_sensitivity_v1-0007-ee90198c,1100.0,22424.388671875,38309740.0,14.108587265014648,11635.005859375,262.7857360839844,0.0058287880383431,100.0,110000.0,0.0827181041240692,53.0781478881836,1.5,100
polymer_sensitivity_v1-0007-ee90198c,1120.0,17780.708984375,38665352.0,0.9387836456298828,11653.78125,262.8523864746094,0.0025456685107201,100.0,112000.0,0.002395931398496,53.126068115234375,1.5,100
polymer_sensitivity_v1-0007-ee90198c,1140.0,22395.919921875,39113272.0,14.326444625854492,11940.310546875,262.7968444824219,0.0058383564464747,100.0,114000.0,0.0841340944170951,54.80875015258789,1.5,100
polymer_sensitivity_v1-0007-ee90198c,1160.0,17794.537109375,39469160.0,0.9395159482955932,11959.1005859375,262.86474609375,0.0025438137818127,100.0,116000.0,0.0023960487451404,54.85667037963867,1.5,100
polymer_sensitivity_v1-0007-ee90198c,1180.0,22370.775390625,39916576.0,14.556026458740234,12250.2216796875,262.8077087402344,0.0058449623174965,100.0,118000.0,0.0855796337127685,56.56826400756836,1.5,100
polymer_sensitivity_v1-0007-ee90198c,1200.0,17806.1640625,40272700.0,0.94012850522995,12269.0244140625,262.8764038085937,0.0025427630171179,100.0,120000.0,0.0023966180160641,56.61619567871094,1.5,100
polymer_sensitivity_v1-0007-ee90198c,1220.0,22348.35546875,40719668.0,14.80105686187744,12565.044921875,262.818115234375,0.0058491379022598,100.0,122000.0,0.0870827808976173,58.35784912109375,1.5,100
polymer_sensitivity_v1-0007-ee90198c,1240.0,17811.583984375,41075900.0,0.940412163734436,12583.853515625,262.8876342773437,0.0025425481144338,100.0,124000.0,0.0023971379268914,58.405792236328125,1.5,100
polymer_sensitivity_v1-0007-ee90198c,1260.0,22324.796875,41522396.0,15.054084777832031,12884.9345703125,262.8280334472656,0.0058512417599558,100.0,126000.0,0.0886035338044166,60.17786407470703,1.5,100
polymer_sensitivity_v1-0007-ee90198c,1285.0,18233.310546875,41978228.0,0.9626762270927428,12909.001953125,262.9058532714844,0.0025464312639087,100.0,128500.0,0.0024576471187174,60.23930358886719,1.5,100
polymer_sensitivity_v1-0007-ee90198c,1310.0,22088.95703125,42530452.0,14.706384658813477,13276.6611328125,262.8372802734375,0.0058297519572079,100.0,131000.0,0.0862373188138008,62.39523696899414,1.5,100
polymer_sensitivity_v1-0007-ee90198c,1335.0,18170.02734375,42984704.0,0.959298312664032,13300.6435546875,262.9176940917969,0.0025490727275609,100.0,133500.0,0.0024515704717487,62.45652770996094,1.5,100
polymer_sensitivity_v1-0007-ee90198c,1360.0,22050.4921875,43535964.0,15.056148529052734,13677.0478515625,262.84771728515625,0.0058200913481414,100.0,136000.0,0.0881411507725715,64.6600570678711,1.5,100
polymer_sensitivity_v1-0007-ee90198c,1385.0,18154.36328125,43989824.0,0.9584659337997437,13701.009765625,262.9302062988281,0.0025532557629048,100.0,138500.0,0.0024534731637686,64.72138977050781,1.5,100
polymer_sensitivity_v1-0007-ee90198c,1410.0,22025.767578125,44540468.0,15.430360794067385,14086.7685546875,262.8587341308594,0.0058100847527384,100.0,141000.0,0.0901756286621093,66.97578430175781,1.5,100
polymer_sensitivity_v1-0007-ee90198c,1435.0,18139.056640625,44993944.0,0.9576525688171388,14110.7099609375,262.9427185058594,0.0025588653516024,100.0,143500.0,0.0024567905347794,67.03720092773438,1.5,100
polymer_sensitivity_v1-0007-ee90198c,1460.0,21998.029296875,45543896.0,15.808600425720217,14505.9248046875,262.8693542480469,0.0057998555712401,100.0,146000.0,0.092222474515438,69.34276580810547,1.5,100
polymer_sensitivity_v1-0007-ee90198c,1485.0,18125.541015625,45997032.0,0.9569347500801086,14529.84765625,262.9547119140625,0.002565843751654,100.0,148500.0,0.0024616613518446,69.40430450439453,1.5,100
polymer_sensitivity_v1-0007-ee90198c,1510.0,21976.119140625,46546436.0,16.1866512298584,14934.5146484375,262.8789978027344,0.005789594259113,100.0,151000.0,0.0942598655819892,71.76080322265625,1.5,100
polymer_sensitivity_v1-0007-ee90198c,1535.0,18109.640625,46999176.0,0.9561370015144348,14958.41796875,262.9659423828125,0.0025742433499544,100.0,153500.0,0.0024676816537976,71.82249450683594,1.5,100
polymer_sensitivity_v1-0007-ee90198c,1560.0,21951.6640625,47547968.0,16.562604904174805,15372.482421875,262.8886108398437,0.0057797688059508,100.0,156000.0,0.0962845310568809,74.22960662841797,1.5,100
polymer_sensitivity_v1-0007-ee90198c,1585.0,18084.837890625,48000092.0,0.954825520515442,15396.353515625,262.9776306152344,0.0025837519206106,100.0,158500.0,0.0024734230246394,74.29144287109375,1.5,100
polymer_sensitivity_v1-0007-ee90198c,1610.0,21921.36328125,48548124.0,16.92635154724121,15819.5126953125,262.8990173339844,0.0057706758379936,100.0,161000.0,0.0982434153556823,76.74752807617188,1.5,100
polymer_sensitivity_v1-0007-ee90198c,1635.0,18059.560546875,48999612.0,0.9534889459609984,15843.349609375,262.9891662597656,0.0025944006629288,100.0,163500.0,0.0024801669642329,76.80953216552734,1.5,100
polymer_sensitivity_v1-0007-ee90198c,1660.0,21895.109375,49546992.0,17.27945327758789,16275.3359375,262.9089660644531,0.0057622916065156,100.0,166000.0,0.1001463159918785,79.31319427490234,1.5,100
polymer_sensitivity_v1-0007-ee90198c,1685.0,18037.919921875,49997940.0,0.9523445963859558,16299.14453125,263.0006103515625,0.0026061187963932,100.0,168500.0,0.0024884082376956,79.37540435791016,1.5,100
polymer_sensitivity_v1-0007-ee90198c,1710.0,21871.1484375,50544716.0,17.61939239501953,16739.62890625,262.91864013671875,0.0057554114609956,100.0,171000.0,0.1019938662648201,81.92524719238281,1.5,100
polymer_sensitivity_v1-0007-ee90198c,1735.0,18017.36328125,50995152.0,0.9512574672698976,16763.41015625,263.0118408203125,0.0026188064366579,100.0,173500.0,0.0024977000430226,81.9876937866211,1.5,100
polymer_sensitivity_v1-0007-ee90198c,1760.0,21845.6015625,51541292.0,17.945388793945312,17212.044921875,262.9281921386719,0.0057498929090797,100.0,176000.0,0.1037807911634445,84.58221435546875,1.5,100
polymer_sensitivity_v1-0007-ee90198c,1785.0,18005.111328125,51991420.0,0.9506570100784302,17235.8125,263.0230407714844,0.0026325229555368,100.0,178500.0,0.0025092319119721,84.64494323730469,1.5,100
polymer_sensitivity_v1-0007-ee90198c,1810.0,21826.16796875,52537072.0,18.258935928344727,17692.28515625,262.9370422363281,0.0057457494549453,100.0,181000.0,0.1055175438523292,87.28288269042969,1.5,100
polymer_sensitivity_v1-0007-ee90198c,1835.0,18000.0,52987072.0,0.9496164321899414,17716.025390625,263.0330810546875,0.0026447186246514,100.0,183500.0,0.0025181281380355,87.34583282470703,1.5,100
polymer_sensitivity_v1-0007-ee90198c,1860.0,21810.349609375,53532332.0,18.550107955932617,18179.779296875,262.9452514648437,0.0057429648004472,100.0,186000.0,0.1071479693055152,90.0245361328125,1.5,100
polymer_sensitivity_v1-0007-ee90198c,1885.0,17991.498046875,53982120.0,0.9494320750236512,18203.513671875,263.04254150390625,0.0026605618186295,100.0,188500.0,0.0025327613111585,90.08785247802734,1.5,100
polymer_sensitivity_v1-0007-ee90198c,1910.0,21797.955078125,54527068.0,18.82217025756836,18674.068359375,262.95294189453125,0.0057413838803768,100.0,191000.0,0.1086893379688263,92.80508422851562,1.5,100
polymer_sensitivity_v1-0007-ee90198c,1935.0,17983.447265625,54976656.0,0.949198842048645,18697.798828125,263.0513916015625,0.0026768243405967,100.0,193500.0,0.0025476580485701,92.8687744140625,1.5,100
polymer_sensitivity_v1-0007-ee90198c,1960.0,21783.66015625,55521248.0,19.07491683959961,19174.671875,262.9601745605469,0.005741131491959,100.0,196000.0,0.1101439520716667,95.62237548828124,1.5,100
polymer_sensitivity_v1-0007-ee90198c,1985.0,17972.986328125,55970572.0,0.9488045573234558,19198.390625,263.0599365234375,0.0026935322675853,100.0,198500.0,0.0025625380221754,95.68643951416016,1.5,100
polymer_sensitivity_v1-0007-ee90198c,2010.0,21767.5,56514760.0,19.309600830078125,19681.130859375,262.9671325683594,0.0057422476820647,100.0,201000.0,0.1115209013223648,98.4744644165039,1.5,100
polymer_sensitivity_v1-0007-ee90198c,2035.0,17963.201171875,56963840.0,0.948421061038971,19704.841796875,263.0680236816406,0.0027106311172246,100.0,203500.0,0.0025778070557862,98.53890991210938,1.5,100
polymer_sensitivity_v1-0007-ee90198c,2060.0,21751.689453125,57507632.0,19.529247283935547,20193.072265625,262.9739074707031,0.0057447622530162,100.0,206000.0,0.1128391250967979,101.3598861694336,1.5,100
polymer_sensitivity_v1-0007-ee90198c,2085.0,17955.171875,57956512.0,0.9480913281440736,20216.775390625,263.0761108398437,0.002728008897975,100.0,208500.0,0.0025934767909348,101.42472076416016,1.5,100
polymer_sensitivity_v1-0007-ee90198c,2110.0,21738.427734375,58499972.0,19.735578536987305,20710.1640625,262.9807434082031,0.0057486253790557,100.0,211000.0,0.1141084060072898,104.27742767333984,1.5,100
polymer_sensitivity_v1-0007-ee90198c,2135.0,17974.0546875,58949324.0,0.9491784572601318,20733.89453125,263.08221435546875,0.0027457033284008,100.0,213500.0,0.0026133379433304,104.34276580810548,1.5,100
polymer_sensitivity_v1-0007-ee90198c,2160.0,21766.880859375,59493496.0,19.94729423522949,21232.576171875,262.9831848144531,0.005753556266427,100.0,216000.0,0.1154320240020752,107.22856903076172,1.5,100
polymer_sensitivity_v1-0007-ee90198c,2185.0,17997.234375,59943424.0,0.950445830821991,21256.337890625,263.0851135253906,0.0027635449077934,100.0,218500.0,0.0026338784955441,107.2944107055664,1.5,100
polymer_sensitivity_v1-0007-ee90198c,2210.0,21764.9609375,60487548.0,20.145065307617188,21759.96484375,262.98492431640625,0.0057598487474024,100.0,221000.0,0.1167047396302223,110.21202850341795,1.5,100
polymer_sensitivity_v1-0007-ee90198c,2235.0,18000.4453125,60937560.0,0.9506298899650574,21783.73046875,263.087890625,0.0027815529610961,100.0,223500.0,0.0026516027282923,110.2783203125,1.5,100
polymer_sensitivity_v1-0007-ee90198c,2260.0,21746.244140625,61481216.0,20.310359954833984,22291.490234375,262.98687744140625,0.0057671195827424,100.0,226000.0,0.1178117096424102,113.2236099243164,1.5,100
polymer_sensitivity_v1-0007-ee90198c,2285.0,18013.958984375,61931564.0,0.9513400793075562,22315.2734375,263.0904541015625,0.0027997270226478,100.0,228500.0,0.002670970512554,113.29039001464844,1.5,100
polymer_sensitivity_v1-0007-ee90198c,2310.0,21726.5078125,62474728.0,20.43083381652832,22826.04296875,262.9885559082031,0.0057750269770622,100.0,231000.0,0.1186739653348922,116.25724029541016,1.5,100
polymer_sensitivity_v1-0007-ee90198c,2335.0,18027.453125,62925416.0,0.9520186185836792,22849.84375,263.0927124023437,0.0028179879300296,100.0,233500.0,0.0026903585530817,116.32449340820312,1.5,100
polymer_sensitivity_v1-0007-ee90198c,2360.0,21701.78125,63467960.0,20.53751564025879,23363.28125,262.9899597167969,0.0057839318178594,100.0,236000.0,0.1194786429405212,119.31146240234376,1.5,100
polymer_sensitivity_v1-0007-ee90198c,2385.0,18037.6015625,63918900.0,0.9524604678153992,23387.09375,263.0948486328125,0.002836219035089,100.0,238500.0,0.0027090699877589,119.37918853759766,1.5,100
polymer_sensitivity_v1-0007-ee90198c,2410.0,21678.857421875,64460872.0,20.635177612304688,23902.97265625,262.9912109375,0.0057937023229897,100.0,241000.0,0.1202507838606834,122.38545989990234,1.5,100
polymer_sensitivity_v1-0007-ee90198c,2435.0,18043.41796875,64911956.0,0.9526736736297609,23926.7890625,263.0970153808594,0.0028545625973492,100.0,243500.0,0.0027272517327219,122.4536361694336,1.5,100
polymer_sensitivity_v1-0007-ee90198c,2460.0,21656.6328125,65453372.0,20.72471237182617,24444.908203125,262.99249267578125,0.0058044651523232,100.0,246000.0,0.120998203754425,125.47859191894533,1.5,100
polymer_sensitivity_v1-0007-ee90198c,2485.0,18055.037109375,65904748.0,0.9532574415206908,24468.73828125,263.0991516113281,0.0028730451595038,100.0,248500.0,0.0027466430328786,125.5472640991211,1.5,100
polymer_sensitivity_v1-0007-ee90198c,2510.0,21636.091796875,66445648.0,20.77489852905273,24988.111328125,262.9938049316406,0.0058152796700596,100.0,251000.0,0.1215185075998306,128.58522033691406,1.5,100
polymer_sensitivity_v1-0007-ee90198c,2535.0,18067.96875,66897348.0,0.9539377689361572,25011.958984375,263.10113525390625,0.0028914732392877,100.0,253500.0,0.0027662843931466,128.6543731689453,1.5,100
polymer_sensitivity_v1-0007-ee90198c,2560.0,21620.931640625,67437872.0,20.798707962036133,25531.927734375,262.9949645996094,0.005825828295201,100.0,256000.0,0.121879756450653,131.7013702392578,1.5,100
polymer_sensitivity_v1-0007-ee90198c,2585.0,18083.017578125,67889944.0,0.954729437828064,25555.794921875,263.1028137207031,0.0029097227379679,100.0,258500.0,0.0027861045673489,131.77102661132812,1.5,100
polymer_sensitivity_v1-0007-ee90198c,2610.0,21605.96484375,68430096.0,20.82225227355957,26076.3515625,262.9958801269531,0.005836374592036,100.0,261000.0,0.1222399026155471,134.8270263671875,1.5,100
polymer_sensitivity_v1-0007-ee90198c,2635.0,18095.6640625,68882488.0,0.955410659313202,26100.23828125,263.1043395996094,0.0029278602451086,100.0,263500.0,0.0028055231086909,134.89715576171875,1.5,100
polymer_sensitivity_v1-0007-ee90198c,2660.0,21589.197265625,69422216.0,20.847532272338867,26621.42578125,262.9967346191406,0.0058469967916607,100.0,266000.0,0.1226123720407486,137.9624786376953,1.5,100
polymer_sensitivity_v1-0007-ee90198c,2685.0,18105.65625,69874856.0,0.9559272527694702,26645.32421875,263.10595703125,0.0029457833152264,100.0,268500.0,0.0028242743574082,138.0330810546875,1.5,100
polymer_sensitivity_v1-0007-ee90198c,2710.0,21569.23828125,70414088.0,20.874000549316406,27167.173828125,262.9979553222656,0.0058577363379299,100.0,271000.0,0.1229948624968528,141.1079559326172,1.5,100
polymer_sensitivity_v1-0007-ee90198c,2735.0,18115.34375,70866976.0,0.9564260244369508,27191.083984375,263.1082763671875,0.0029635787941515,100.0,273500.0,0.0028428689111024,141.17901611328125,1.5,100
polymer_sensitivity_v1-0007-ee90198c,2760.0,21546.580078125,71405640.0,20.895267486572266,27713.466796875,262.99951171875,0.0058684474788606,100.0,276000.0,0.123346634209156,144.26268005371094,1.5,100
polymer_sensitivity_v1-0007-ee90198c,2785.0,18126.986328125,71858816.0,0.9570397734642028,27737.392578125,263.11053466796875,0.00298129231669,100.0,278500.0,0.0028617470525205,144.334228515625,1.5,100
polymer_sensitivity_v1-0007-ee90198c,2810.0,21524.7734375,72396936.0,20.91561508178711,28260.283203125,263.0012512207031,0.0058792950585484,100.0,281000.0,0.123696319758892,147.4266357421875,1.5,100
polymer_sensitivity_v1-0007-ee90198c,2835.0,18142.041015625,72850480.0,0.9578344821929932,28284.228515625,263.11309814453125,0.0029989050235599,100.0,283500.0,0.0028810945805162,147.49867248535156,1.5,100
polymer_sensitivity_v1-0007-ee90198c,2860.0,21503.4609375,73388072.0,20.93442153930664,28807.58984375,263.0030517578125,0.0058902441523969,100.0,286000.0,0.1240394711494445,150.5996551513672,1.5,100
polymer_sensitivity_v1-0007-ee90198c,2885.0,18156.55859375,73841984.0,0.9586010575294496,28831.5546875,263.1157531738281,0.0030164248310029,100.0,288500.0,0.0029002963565289,150.6721649169922,1.5,100
polymer_sensitivity_v1-0007-ee90198c,2910.0,21481.939453125,74379032.0,20.95397186279297,29355.40234375,263.0049743652344,0.0059013511054217,100.0,291000.0,0.1243908181786537,153.7819366455078,1.5,100
polymer_sensitivity_v1-0007-ee90198c,2935.0,18168.900390625,74833256.0,0.959151804447174,29379.3828125,263.1185607910156,0.0030335839837789,100.0,293500.0,0.002918521175161,153.85488891601562,1.5,100
polymer_sensitivity_v1-0007-ee90198c,2960.0,21459.55078125,75369744.0,20.97553253173828,29903.76953125,263.00701904296875,0.0059126489795744,100.0,296000.0,0.1247586086392402,156.97386169433594,1.5,100
polymer_sensitivity_v1-0007-ee90198c,3010.0,19449.466796875,76342216.0,1.026848316192627,29955.11328125,263.147705078125,0.0030875073280185,100.0,301000.0,0.0031802207231521,157.13287353515625,1.5,100
polymer_sensitivity_v1-0007-ee90198c,3060.0,20802.31640625,77382336.0,18.748252868652344,30892.525390625,262.9966125488281,0.0058412058278918,100.0,306000.0,0.1101558431982994,162.64065551757812,1.5,100
polymer_sensitivity_v1-0007-ee90198c,3160.0,20162.478515625,79398584.0,1.0644896030426023,30998.974609375,263.169189453125,0.0031957996543496,100.0,316000.0,0.0034128022380173,162.98194885253906,1.5,100
polymer_sensitivity_v1-0007-ee90198c,3260.0,20184.5,81417032.0,17.44011878967285,32742.986328125,262.9874267578125,0.0057170754298567,100.0,326000.0,0.1002797856926918,173.00991821289062,1.5,100
polymer_sensitivity_v1-0007-ee90198c,3360.0,20011.990234375,83418232.0,1.056538701057434,32848.640625,263.1824645996094,0.0032741306349635,100.0,336000.0,0.0034706087317317,173.3569793701172,1.5,100
polymer_sensitivity_v1-0007-ee90198c,3460.0,20050.552734375,85423288.0,17.87729263305664,34636.37109375,263.00164794921875,0.0056415004655718,100.0,346000.0,0.1014269590377807,183.4996795654297,1.5,100
polymer_sensitivity_v1-0007-ee90198c,3560.0,20016.44140625,87424928.0,1.0567691326141355,34742.046875,263.2006530761719,0.003356019500643,100.0,356000.0,0.0035584801807999,183.85552978515625,1.5,100
polymer_sensitivity_v1-0007-ee90198c,3660.0,19954.67578125,89420400.0,18.276073455810547,36569.65234375,263.0186462402344,0.0055827344767749,100.0,366000.0,0.1026032716035842,194.1158599853516,1.5,100
polymer_sensitivity_v1-0007-ee90198c,3760.0,20029.150390625,91423312.0,1.057436227798462,36675.3984375,263.2199401855469,0.0034392869565635,100.0,376000.0,0.0036493777297437,194.4807891845703,1.5,100
polymer_sensitivity_v1-0007-ee90198c,3860.0,19869.42578125,93410256.0,18.63029289245605,38538.42578125,263.0374755859375,0.0055488660000264,100.0,386000.0,0.1039538234472274,204.8761749267578,1.5,100
polymer_sensitivity_v1-0007-ee90198c,3960.0,20045.0859375,95414760.0,1.0582740306854248,38644.25390625,263.23992919921875,0.0035224920138716,100.0,396000.0,0.0037409395445138,205.2502593994141,1.5,100
polymer_sensitivity_v1-0007-ee90198c,4060.0,19761.66015625,97390928.0,19.020187377929688,40546.2734375,263.06109619140625,0.0055361967533826,100.0,406000.0,0.105885699391365,215.83883666992188,1.5,100
polymer_sensitivity_v1-0007-ee90198c,4160.0,20062.80078125,99397208.0,1.0592061281204224,40652.19140625,263.2622375488281,0.0036048225592821,100.0,416000.0,0.0038320643361657,216.2220458984375,1.5,100
polymer_sensitivity_v1-0007-ee90198c,4260.0,19694.892578125,101366696.0,19.29305458068848,42581.5,263.0831298828125,0.0055394903756678,100.0,426000.0,0.1074690073728561,226.9689483642578,1.5,100
polymer_sensitivity_v1-0007-ee90198c,4360.0,20069.39453125,103373640.0,1.0595515966415403,42687.453125,263.2861022949219,0.0036856450606137,100.0,436000.0,0.0039195772260427,227.36090087890625,1.5,100
polymer_sensitivity_v1-0007-ee90198c,4460.0,19625.1875,105336160.0,19.5580997467041,44643.265625,263.1080322265625,0.0055575864389538,100.0,446000.0,0.1093032881617546,238.29122924804688,1.5,100
polymer_sensitivity_v1-0007-ee90198c,4560.0,20066.634765625,107342824.0,1.0594033002853394,44749.203125,263.3131103515625,0.003764689899981,100.0,456000.0,0.0040033967234194,238.6915740966797,1.5,100
polymer_sensitivity_v1-0007-ee90198c,4660.0,19558.791015625,109298696.0,19.7995662689209,46729.16015625,263.13690185546875,0.0055880090221762,100.0,466000.0,0.1112618893384933,249.81776428222656,1.5,100
polymer_sensitivity_v1-0007-ee90198c,4760.0,19999.17578125,111298616.0,1.523157835006714,46881.4765625,263.3423767089844,0.0043510752730071,100.0,476000.0,0.0066563370637595,250.4833984375,1.5,100
polymer_sensitivity_v1-0007-ee90198c,4860.0,20757.615234375,113374376.0,3.5218746662139893,47233.6640625,263.3751525878906,0.0049927621148526,100.0,486000.0,0.0176721159368753,252.2506103515625,1.5,100
polymer_sensitivity_v1-0007-ee90198c,4960.0,20878.583984375,115462240.0,3.471102714538574,47580.7734375,263.39581298828125,0.0049881869927048,100.0,496000.0,0.0174013115465641,253.99073791503903,1.5,100
polymer_sensitivity_v1-0007-ee90198c,5060.0,20864.1953125,117548656.0,3.704156637191773,47951.19140625,263.4140014648437,0.0050253155641257,100.0,506000.0,0.0187085717916488,255.8615875244141,1.5,100
polymer_sensitivity_v1-0007-ee90198c,5160.0,20859.978515625,119634656.0,3.76340651512146,48327.53125,263.4315490722656,0.0050488738343119,100.0,516000.0,0.0190973859280347,257.7713317871094,1.5,100
polymer_sensitivity_v1-0007-ee90198c,5260.0,20867.373046875,121721392.0,3.7941737174987793,48706.94921875,263.4473571777344,0.0050735878758132,100.0,526000.0,0.0193482395261526,259.7061462402344,1.5,100
polymer_sensitivity_v1-0007-ee90198c,5360.0,20862.701171875,123807664.0,3.8229520320892334,49089.2421875,263.4632263183594,0.0051005785353481,100.0,536000.0,0.0195992346853017,261.66607666015625,1.5,100
polymer_sensitivity_v1-0007-ee90198c,5460.0,20857.48828125,125893408.0,3.846704006195069,49473.9140625,263.4791564941406,0.0051287515088915,100.0,546000.0,0.0198304951190948,263.6491394042969,1.5,100
polymer_sensitivity_v1-0007-ee90198c,5560.0,20859.095703125,127979320.0,3.871482610702514,49861.0625,263.4942321777344,0.005157811101526,100.0,556000.0,0.0200719032436609,265.65631103515625,1.5,100
polymer_sensitivity_v1-0007-ee90198c,5660.0,20850.583984375,130064376.0,3.8935508728027344,50250.41796875,263.5098876953125,0.0051873349584639,100.0,566000.0,0.0203024689108133,267.6865539550781,1.5,100
polymer_sensitivity_v1-0007-ee90198c,5760.0,20840.306640625,132148408.0,3.9146432876586914,50641.8828125,263.5264587402344,0.0052171330899,100.0,576000.0,0.0205303244292736,269.7395935058594,1.5,100
polymer_sensitivity_v1-0007-ee90198c,5860.0,20828.3359375,134231248.0,3.92983603477478,51034.86328125,263.5443115234375,0.0052467389032244,100.0,586000.0,0.0207275748252868,271.8123474121094,1.5,100
polymer_sensitivity_v1-0007-ee90198c,5960.0,20820.521484375,136313296.0,3.942299127578736,51429.09375,263.5628356933594,0.0052761258557438,100.0,596000.0,0.0209103915840387,273.90338134765625,1.5,100
polymer_sensitivity_v1-0007-ee90198c,6060.0,20814.662109375,138394768.0,3.9536056518554688,51824.45703125,263.5819702148437,0.0053052674047648,100.0,606000.0,0.0210868064314126,276.0120849609375,1.5,100
polymer_sensitivity_v1-0007-ee90198c,6160.0,20809.75390625,140475744.0,3.965332508087158,52220.98828125,263.6015319824219,0.0053341388702392,100.0,616000.0,0.0212650652974843,278.1385803222656,1.5,100
polymer_sensitivity_v1-0007-ee90198c,6260.0,20805.4609375,142556288.0,3.976995468139648,52618.6875,263.6214904785156,0.0053626871667802,100.0,626000.0,0.0214423723518848,280.2828063964844,1.5,100
polymer_sensitivity_v1-0007-ee90198c,6360.0,20799.919921875,144636272.0,3.988294124603272,53017.515625,263.6420288085937,0.0053909006528556,100.0,636000.0,0.0216170325875282,282.44451904296875,1.5,100
polymer_sensitivity_v1-0007-ee90198c,6460.0,20803.482421875,146716624.0,4.001355171203613,53417.65234375,263.661865234375,0.0054187946952879,100.0,646000.0,0.0218006558716297,284.6246032714844,1.5,100
polymer_sensitivity_v1-0007-ee90198c,6560.0,20799.921875,148796608.0,4.013296604156494,53818.984375,263.6820068359375,0.0054463981650769,100.0,656000.0,0.021977711468935,286.8223571777344,1.5,100
polymer_sensitivity_v1-0007-ee90198c,6660.0,20803.412109375,150876960.0,4.026755809783936,54221.66015625,263.70135498046875,0.0054737473838031,100.0,666000.0,0.0221627559512853,289.03863525390625,1.5,100
polymer_sensitivity_v1-0007-ee90198c,6760.0,20804.037109375,152957360.0,4.039810657501221,54625.640625,263.720458984375,0.0055008833296597,100.0,676000.0,0.0223454479128122,291.273193359375,1.5,100
polymer_sensitivity_v1-0007-ee90198c,6860.0,20805.05859375,155037872.0,4.053066730499268,55030.9453125,263.7393493652344,0.0055278548970818,100.0,686000.0,0.0225293040275573,293.526123046875,1.5,100
polymer_sensitivity_v1-0007-ee90198c,6960.0,20801.482421875,157118016.0,4.06564474105835,55437.51171875,263.7585144042969,0.005554714705795,100.0,696000.0,0.0227096416056156,295.7970886230469,1.5,100
polymer_sensitivity_v1-0007-ee90198c,7060.0,20799.8359375,159198000.0,4.07884693145752,55845.39453125,263.7777099609375,0.0055815204977989,100.0,706000.0,0.022893950343132,298.0864562988281,1.5,100
polymer_sensitivity_v1-0007-ee90198c,7160.0,20795.060546875,161277504.0,4.091723918914795,56254.56640625,263.7973937988281,0.0056083309464156,100.0,716000.0,0.0230771638453006,300.3941955566406,1.5,100
polymer_sensitivity_v1-0007-ee90198c,7260.0,20787.4140625,163356240.0,4.104241371154785,56664.9921875,263.8180236816406,0.005635199137032,100.0,726000.0,0.023259287700057,302.7201232910156,1.5,100
polymer_sensitivity_v1-0007-ee90198c,7360.0,20784.533203125,165434704.0,4.118098735809326,57076.80078125,263.8388366699219,0.0056621907278895,100.0,736000.0,0.0234502404928207,305.06512451171875,1.5,100
polymer_sensitivity_v1-0007-ee90198c,7460.0,20783.390625,167513040.0,4.132720947265625,57490.07421875,263.8597106933594,0.0056893681176006,100.0,746000.0,0.0236471090465784,307.4298400878906,1.5,100
polymer_sensitivity_v1-0007-ee90198c,7560.0,20786.140625,169591648.0,4.148595809936523,57904.93359375,263.8799743652344,0.0057167964987456,100.0,756000.0,0.0238530412316322,309.8151550292969,1.5,100
polymer_sensitivity_v1-0007-ee90198c,7660.0,20785.333984375,171670192.0,4.164232730865479,58321.35546875,263.9000549316406,0.0057445359416306,100.0,766000.0,0.024059796705842,312.2211303710937,1.5,100
polymer_sensitivity_v1-0007-ee90198c,7760.0,20792.681640625,173749456.0,4.181854724884033,58739.54296875,263.9187316894531,0.005772647447884,100.0,776000.0,0.024280535057187,314.6492004394531,1.5,100
polymer_sensitivity_v1-0007-ee90198c,7860.0,20791.103515625,175828560.0,4.198156833648682,59159.359375,263.9373474121094,0.0058011785149574,100.0,786000.0,0.0244963634759187,317.09881591796875,1.5,100
polymer_sensitivity_v1-0007-ee90198c,7960.0,20788.431640625,177907408.0,4.214889526367188,59580.84765625,263.9560546875,0.0058301948010921,100.0,796000.0,0.0247177369892597,319.5705871582031,1.5,100
polymer_sensitivity_v1-0007-ee90198c,8060.0,20788.056640625,179986208.0,4.23273515701294,60004.12109375,263.97442626953125,0.0058597666211426,100.0,806000.0,0.0249490346759557,322.06549072265625,1.5,100
polymer_sensitivity_v1-0007-ee90198c,8160.0,20783.39453125,182064544.0,4.250376224517822,60429.15625,263.9931640625,0.0058899535797536,100.0,816000.0,0.0251828450709581,324.5837707519531,1.5,100
polymer_sensitivity_v1-0007-ee90198c,8260.0,20776.03515625,184142160.0,4.268094062805176,60855.96875,264.0126647949219,0.0059207519516348,100.0,826000.0,0.0254208371043205,327.1258544921875,1.5,100
polymer_sensitivity_v1-0007-ee90198c,8360.0,20766.380859375,186218800.0,4.28544807434082,61284.51171875,264.03326416015625,0.0059520453214645,100.0,836000.0,0.0256599113345146,329.6918640136719,1.5,100
polymer_sensitivity_v1-0007-ee90198c,8460.0,20753.67578125,188294160.0,4.302636623382568,61714.77734375,264.0553894042969,0.0059841168113052,100.0,846000.0,0.0259024854749441,332.2821044921875,1.5,100
polymer_sensitivity_v1-0007-ee90198c,8560.0,20747.4765625,190368912.0,4.321977138519287,62146.97265625,264.078125,0.0060170362703502,100.0,856000.0,0.0261629167944192,334.8984069824219,1.5,100
polymer_sensitivity_v1-0007-ee90198c,8660.0,20736.35546875,192442544.0,4.341195106506348,62581.09375,264.1021423339844,0.0060508688911795,100.0,866000.0,0.02642791159451,337.54119873046875,1.5,100
polymer_sensitivity_v1-0007-ee90198c,8760.0,20726.94921875,194515232.0,4.361704349517822,63017.26171875,264.1271057128906,0.0060856859199702,100.0,876000.0,0.0267064869403839,340.2118530273437,1.5,100
polymer_sensitivity_v1-0007-ee90198c,8860.0,20719.853515625,196587232.0,4.383722305297852,63455.63671875,264.1527404785156,0.0061215637251734,100.0,886000.0,0.0270005203783512,342.9118957519531,1.5,100
polymer_sensitivity_v1-0007-ee90198c,8960.0,20717.419921875,198658960.0,4.407835960388184,63896.41796875,264.1783142089844,0.0061585856601595,100.0,896000.0,0.0273142531514167,345.643310546875,1.5,100
polymer_sensitivity_v1-0007-ee90198c,9060.0,20709.759765625,200729936.0,4.431586742401123,64339.578125,264.2046203613281,0.0061968215741217,100.0,906000.0,0.0276329908519983,348.4066162109375,1.5,100
polymer_sensitivity_v1-0007-ee90198c,9160.0,20710.033203125,202800944.0,4.458336353302002,64785.41015625,264.2303466796875,0.0062363659963011,100.0,916000.0,0.0279783010482788,351.2044372558594,1.5,100
polymer_sensitivity_v1-0007-ee90198c,9260.0,20704.982421875,204871440.0,4.4857683181762695,65233.98828125,264.2563781738281,0.0062772743403911,100.0,926000.0,0.0283362735062837,354.0380859375,1.5,100
polymer_sensitivity_v1-0007-ee90198c,9360.0,20697.61328125,206941200.0,4.5140156745910645,65685.390625,264.2829895019531,0.0063196094706654,100.0,936000.0,0.0287082400172948,356.9089050292969,1.5,100
polymer_sensitivity_v1-0007-ee90198c,9460.0,20689.09765625,209010112.0,4.543454170227051,66139.734375,264.3103332519531,0.0063634472899138,100.0,946000.0,0.0290971882641315,359.818603515625,1.5,100
polymer_sensitivity_v1-0007-ee90198c,9560.0,20682.33203125,211078352.0,4.574650764465332,66597.203125,264.3380432128906,0.006408873014152,100.0,956000.0,0.029507465660572,362.7693786621094,1.5,100
polymer_sensitivity_v1-0007-ee90198c,9660.0,20678.462890625,213146192.0,4.606624603271484,67057.859375,264.3658447265625,0.0064559383317828,100.0,966000.0,0.0299333315342664,365.7626953125,1.5,100
polymer_sensitivity_v1-0007-ee90198c,9760.0,20662.98828125,215212496.0,4.638099670410156,67521.671875,264.3954162597656,0.0065047293901443,100.0,976000.0,0.0303671136498451,368.7994079589844,1.5,100
polymer_sensitivity_v1-0007-ee90198c,9860.0,20644.74609375,217276976.0,4.671379089355469,67988.8125,264.42706298828125,0.0065553579479455,100.0,986000.0,0.0308246295899152,371.8818664550781,1.5,100
polymer_sensitivity_v1-0007-ee90198c,9960.0,20624.169921875,219339392.0,4.706618785858154,68459.46875,264.4611511230469,0.0066078919917345,100.0,996000.0,0.0313077084720134,375.01263427734375,1.5,100
polymer_sensitivity_v1-0007-ee90198c,10060.0,20598.130859375,221399200.0,4.74330472946167,68933.8046875,264.4984436035156,0.0066625326871871,100.0,1006000.0,0.0318143852055072,378.194091796875,1.5,100
polymer_sensitivity_v1-0007-ee90198c,10160.0,20569.904296875,223456192.0,4.781811714172363,69411.984375,264.539306640625,0.0067190541885793,100.0,1016000.0,0.0323465913534164,381.4287414550781,1.5,100
polymer_sensitivity_v1-0007-ee90198c,10260.0,20542.55078125,225510448.0,4.824746608734131,69894.4609375,264.58349609375,0.0067764427512884,100.0,1026000.0,0.0329176820814609,384.7205200195313,1.5,100
polymer_sensitivity_v1-0007-ee90198c,10360.0,20517.453125,227562192.0,4.871795177459717,70381.640625,264.6306457519531,0.0068350574001669,100.0,1036000.0,0.0335281677544117,388.0733337402344,1.5,100
polymer_sensitivity_v1-0007-ee90198c,10460.0,20480.462890625,229610240.0,4.918906211853027,70873.53125,264.6824951171875,0.0068952967412769,100.0,1046000.0,0.0341528132557868,391.4886169433594,1.5,100
polymer_sensitivity_v1-0007-ee90198c,10560.0,20459.15234375,231656144.0,4.974440097808838,71370.9765625,264.7365417480469,0.0069575887173414,100.0,1056000.0,0.034852597862482,394.973876953125,1.5,100
polymer_sensitivity_v1-0007-ee90198c,10660.0,20426.447265625,233698800.0,5.032407760620117,71874.2109375,264.794677734375,0.0070223440416157,100.0,1066000.0,0.0355892181396484,398.5327758789063,1.5,100
polymer_sensitivity_v1-0007-ee90198c,10760.0,20393.2734375,235738128.0,5.094888210296631,72383.703125,264.8583374023437,0.0070899841375648,100.0,1076000.0,0.0363806150853633,402.17083740234375,1.5,100
polymer_sensitivity_v1-0007-ee90198c,10860.0,20355.494140625,237773680.0,5.161868095397949,72899.890625,264.9265441894531,0.0071609327569603,100.0,1086000.0,0.0372303947806358,405.8938903808594,1.5,100
polymer_sensitivity_v1-0007-ee90198c,10960.0,20317.046875,239805376.0,5.2355475425720215,73423.4453125,264.99920654296875,0.0072356825694441,100.0,1096000.0,0.0381588637828826,409.7097778320313,1.5,100
polymer_sensitivity_v1-0008-5f63a4ec,1.0,1531512.375,1531512.375,438.47698974609375,438.47698974609375,271.0106811523437,0.0037272712215781,150.0,150.0,1.6404370069503784,1.6404370069503784,1.5,150
polymer_sensitivity_v1-0008-5f63a4ec,2.0,731013.5,2262525.75,186.03976440429688,624.5167236328125,270.6353454589844,0.0037339874543249,150.0,300.0,0.6972737312316895,2.3377108573913574,1.5,150
polymer_sensitivity_v1-0008-5f63a4ec,3.0,540516.9375,2803042.75,122.67273712158205,747.189453125,270.3501892089844,0.0037017043214291,150.0,450.0,0.4557853639125824,2.7934961318969727,1.5,150
polymer_sensitivity_v1-0008-5f63a4ec,4.0,451399.53125,3254442.25,96.90632629394533,844.0958251953125,270.08514404296875,0.0036829102318733,150.0,600.0,0.3582165837287903,3.151712656021118,1.5,150
polymer_sensitivity_v1-0008-5f63a4ec,5.0,397999.625,3652442.0,82.77828216552734,926.8740844726562,269.8422241210937,0.0036711718421429,150.0,750.0,0.3050130307674408,3.456725835800171,1.5,150
polymer_sensitivity_v1-0008-5f63a4ec,6.0,361713.4375,4014155.25,73.63459777832031,1000.5086669921876,269.6207580566406,0.0036625657230615,150.0,900.0,0.2706829309463501,3.727408647537232,1.5,150
polymer_sensitivity_v1-0008-5f63a4ec,7.0,335124.6875,4349280.0,67.14888763427734,1067.6575927734375,269.4166564941406,0.0036557225976139,150.0,1050.0,0.246378406882286,3.973787069320679,1.5,150
polymer_sensitivity_v1-0008-5f63a4ec,8.0,314589.40625,4663869.5,62.27430725097656,1129.931884765625,269.2276611328125,0.0036501113791018,150.0,1200.0,0.2281408905982971,4.20192813873291,1.5,150
polymer_sensitivity_v1-0008-5f63a4ec,9.0,298036.34375,4961906.0,58.448280334472656,1188.380126953125,269.0496520996094,0.0036454715300351,150.0,1350.0,0.213851124048233,4.415779113769531,1.5,150
polymer_sensitivity_v1-0008-5f63a4ec,10.0,284245.03125,5246151.0,55.34200286865234,1243.72216796875,268.88201904296875,0.0036416053771972,150.0,1500.0,0.2022703289985656,4.618049621582031,1.5,150
polymer_sensitivity_v1-0008-5f63a4ec,13.0,255177.546875,6011683.5,49.160526275634766,1391.2037353515625,268.4389343261719,0.0036342917010188,150.0,1950.0,0.179315373301506,5.15599536895752,1.5,150
polymer_sensitivity_v1-0008-5f63a4ec,15.0,239413.359375,6490510.0,45.88500595092773,1482.9737548828125,268.1738586425781,0.003630032762885,150.0,2250.0,0.167170912027359,5.490337371826172,1.5,150
polymer_sensitivity_v1-0008-5f63a4ec,20.0,210860.046875,7544810.5,40.25382232666016,1684.242919921875,267.6305847167969,0.0036228492390364,150.0,3000.0,0.1463637948036193,6.222156524658203,1.5,150
polymer_sensitivity_v1-0008-5f63a4ec,25.0,188714.828125,8488385.0,35.384517669677734,1861.1654052734373,267.17156982421875,0.0036090326029807,150.0,3750.0,0.1281664371490478,6.862988471984863,1.5,150
polymer_sensitivity_v1-0008-5f63a4ec,30.0,170594.734375,9341358.0,31.437477111816406,2018.352783203125,266.77545166015625,0.0035954599734395,150.0,4500.0,0.1134400591254234,7.430188655853271,1.5,150
polymer_sensitivity_v1-0008-5f63a4ec,35.0,155367.09375,10118194.0,28.17037773132324,2159.204833984375,266.4355163574219,0.003582416800782,150.0,5250.0,0.1012808606028556,7.936593055725098,1.5,150
polymer_sensitivity_v1-0008-5f63a4ec,40.0,142309.75,10829743.0,25.40064239501953,2286.2080078125,266.13641357421875,0.0035696739796549,150.0,6000.0,0.0909968391060829,8.39157772064209,1.5,150
polymer_sensitivity_v1-0008-5f63a4ec,45.0,130967.65625,11484581.0,23.015783309936523,2401.286865234375,265.8715209960937,0.003557100193575,150.0,6750.0,0.0821617022156715,8.802386283874512,1.5,150
polymer_sensitivity_v1-0008-5f63a4ec,50.0,121077.5625,12089969.0,20.94580078125,2506.015869140625,265.6363525390625,0.0035445471294224,150.0,7500.0,0.0745074748992919,9.174922943115234,1.5,150
polymer_sensitivity_v1-0008-5f63a4ec,55.0,112423.4765625,12652086.0,18.956954956054688,2600.800537109375,265.42486572265625,0.0035274338442832,150.0,8250.0,0.067106120288372,9.510454177856444,1.5,150
polymer_sensitivity_v1-0008-5f63a4ec,60.0,104878.546875,13176479.0,16.943605422973633,2685.5185546875,265.23321533203125,0.0035020145587623,150.0,9000.0,0.0595452785491943,9.80817985534668,1.5,150
polymer_sensitivity_v1-0008-5f63a4ec,70.0,92589.9609375,14102378.0,13.270999908447266,2818.228759765625,264.9154357910156,0.0034323460422456,150.0,10500.0,0.0457075461745262,10.26525592803955,1.5,150
polymer_sensitivity_v1-0008-5f63a4ec,80.0,82500.25,14927381.0,10.093947410583496,2919.168212890625,264.65167236328125,0.0033352733589708,150.0,12000.0,0.0337787345051765,10.603042602539062,1.5,150
polymer_sensitivity_v1-0008-5f63a4ec,100.0,68433.25,16296046.0,5.584204196929932,3030.852294921875,264.27374267578125,0.0030351234599947,150.0,15000.0,0.0170003473758697,10.943050384521484,1.5,150
polymer_sensitivity_v1-0008-5f63a4ec,120.0,58697.52734375,17469996.0,3.09983229637146,3092.848876953125,263.995361328125,0.0025889580138027,150.0,18000.0,0.0080461669713258,11.103973388671877,1.5,150
polymer_sensitivity_v1-0008-5f63a4ec,140.0,53555.421875,18541104.0,35.81725311279297,3809.19384765625,263.6869201660156,0.003856194904074,150.0,21000.0,0.1386529803276062,13.877033233642578,1.5,150
polymer_sensitivity_v1-0008-5f63a4ec,160.0,42746.70703125,19396040.0,2.257195949554444,3854.337890625,263.5878295898437,0.0026059616357088,150.0,24000.0,0.005897534545511,13.994983673095703,1.5,150
polymer_sensitivity_v1-0008-5f63a4ec,180.0,44519.62890625,20286432.0,29.2008056640625,4438.35400390625,263.389404296875,0.0039535402320325,150.0,27000.0,0.1159047931432724,16.313079833984375,1.5,150
polymer_sensitivity_v1-0008-5f63a4ec,200.0,35739.06640625,21001212.0,1.8871053457260127,4476.09619140625,263.3666381835937,0.0026198895648121,150.0,30000.0,0.0049569942057132,16.412220001220703,1.5,150
polymer_sensitivity_v1-0008-5f63a4ec,220.0,39763.203125,21796476.0,25.982370376586918,4995.74365234375,263.2256774902344,0.0040720072574913,150.0,33000.0,0.1062329784035682,18.53687858581543,1.5,150
polymer_sensitivity_v1-0008-5f63a4ec,240.0,32035.619140625,22437190.0,1.691473126411438,5029.57275390625,263.2434387207031,0.0026314365677535,150.0,36000.0,0.0044627473689615,18.62613296508789,1.5,150
polymer_sensitivity_v1-0008-5f63a4ec,260.0,37127.13671875,23179732.0,24.05271339416504,5510.626953125,263.1352233886719,0.0041982941329479,150.0,39000.0,0.1014060974121093,20.65425491333008,1.5,150
polymer_sensitivity_v1-0008-5f63a4ec,280.0,30014.001953125,23780012.0,1.5847324132919312,5542.32177734375,263.1751708984375,0.0026411302387714,150.0,42000.0,0.0041965683922171,20.738187789916992,1.5,150
polymer_sensitivity_v1-0008-5f63a4ec,300.0,35631.6796875,24492646.0,22.82668685913086,5998.85546875,263.0860595703125,0.0043274275958538,150.0,45000.0,0.0992101579904556,22.72239112854004,1.5,150
polymer_sensitivity_v1-0008-5f63a4ec,320.0,28906.8984375,25070784.0,1.5262808799743652,6029.38134765625,263.13824462890625,0.0026492306496948,150.0,48000.0,0.004054210614413,22.80347442626953,1.5,150
polymer_sensitivity_v1-0008-5f63a4ec,340.0,34762.08984375,25766026.0,22.000333786010746,6469.3876953125,263.0604553222656,0.0044526164419949,150.0,51000.0,0.098397172987461,24.77141761779785,1.5,150
polymer_sensitivity_v1-0008-5f63a4ec,360.0,28293.564453125,26331896.0,1.4939221143722534,6499.26611328125,263.119384765625,0.0026560234837234,150.0,54000.0,0.0039784591645002,24.85098648071289,1.5,150
polymer_sensitivity_v1-0008-5f63a4ec,380.0,34244.984375,27016796.0,21.44887924194336,6928.24365234375,263.04864501953125,0.0045689526014029,150.0,57000.0,0.0984487235546112,26.81996154785156,1.5,150
polymer_sensitivity_v1-0008-5f63a4ec,400.0,27957.435546875,27575946.0,1.4761803150177002,6957.767578125,263.1112365722656,0.0026616784743964,150.0,60000.0,0.0039396034553647,26.898754119873047,1.5,150
polymer_sensitivity_v1-0008-5f63a4ec,420.0,33924.4375,28254434.0,21.062929153442383,7379.02587890625,263.0450134277344,0.0046817064285278,150.0,63000.0,0.0990742892026901,28.880239486694336,1.5,150
polymer_sensitivity_v1-0008-5f63a4ec,440.0,27819.62890625,28810826.0,1.4689247608184814,7408.40478515625,263.1090393066406,0.0026659031864255,150.0,66000.0,0.0039264787919819,28.95876884460449,1.5,150
polymer_sensitivity_v1-0008-5f63a4ec,460.0,33757.0703125,29485968.0,20.451122283935547,7817.4267578125,263.04595947265625,0.004782869014889,150.0,69000.0,0.0982851237058639,30.924470901489254,1.5,150
polymer_sensitivity_v1-0008-5f63a4ec,480.0,27807.33203125,30042114.0,1.4682446718215942,7846.7919921875,263.1102600097656,0.0026681218296289,150.0,72000.0,0.0039279358461499,31.00303077697754,1.5,150
polymer_sensitivity_v1-0008-5f63a4ec,493.3333435058594,34337.1484375,30499944.0,22.595083236694336,8148.0595703125,263.05908203125,0.0048908069729804,150.0,74000.0,0.111051321029663,32.48371505737305,1.5,150
polymer_sensitivity_v1-0008-5f63a4ec,500.0,24697.5078125,30664594.0,1.3040400743484497,8156.75341796875,263.0953369140625,0.002663469640538,150.0,75000.0,0.0034825466573238,32.50693130493164,1.5,150
polymer_sensitivity_v1-0008-5f63a4ec,510.0,34349.82421875,31008092.0,22.688459396362305,8383.6376953125,263.0570373535156,0.0049470360390841,150.0,76500.0,0.1127986535429954,33.634918212890625,1.5,150
polymer_sensitivity_v1-0008-5f63a4ec,520.0,26142.060546875,31269512.0,1.3803192377090454,8397.44140625,263.10107421875,0.0026626889593899,150.0,78000.0,0.003685173112899,33.67176818847656,1.5,150
polymer_sensitivity_v1-0008-5f63a4ec,540.0,33273.95703125,31934992.0,18.421449661254883,8765.8701171875,263.049560546875,0.0049716881476342,150.0,81000.0,0.0920433029532432,35.51263427734375,1.5,150
polymer_sensitivity_v1-0008-5f63a4ec,560.0,27731.212890625,32489616.0,1.4642341136932373,8795.154296875,263.1153869628906,0.0026616775430738,150.0,84000.0,0.0039077205583453,35.590789794921875,1.5,150
polymer_sensitivity_v1-0008-5f63a4ec,580.0,33330.421875,33156224.0,18.666784286499023,9168.490234375,263.0611572265625,0.005048784893006,150.0,87000.0,0.0947228148579597,37.48524475097656,1.5,150
polymer_sensitivity_v1-0008-5f63a4ec,600.0,27846.626953125,33713156.0,1.4703301191329956,9197.8974609375,263.1258544921875,0.0026601464487612,150.0,90000.0,0.0039217257872223,37.56368255615234,1.5,150
polymer_sensitivity_v1-0008-5f63a4ec,620.0,33282.4296875,34378804.0,18.51778984069824,9568.2529296875,263.07159423828125,0.0051110042259097,150.0,93000.0,0.0951307192444801,39.4662971496582,1.5,150
polymer_sensitivity_v1-0008-5f63a4ec,640.0,27898.306640625,34936772.0,1.4730600118637085,9597.7138671875,263.13629150390625,0.0026582702994346,150.0,96000.0,0.0039262287318706,39.54481887817383,1.5,150
polymer_sensitivity_v1-0008-5f63a4ec,660.0,33220.98828125,35601192.0,18.41673469543457,9966.048828125,263.08233642578125,0.0051658083684742,150.0,99000.0,0.095631331205368,41.45744705200195,1.5,150
polymer_sensitivity_v1-0008-5f63a4ec,680.0,27920.984375,36159612.0,1.4742579460144043,9995.5341796875,263.1474914550781,0.002656263532117,150.0,102000.0,0.0039264471270143,41.53597640991211,1.5,150
polymer_sensitivity_v1-0008-5f63a4ec,700.0,33143.74609375,36822484.0,18.382099151611328,10363.17578125,263.0942077636719,0.005214478354901,150.0,105000.0,0.0963554978370666,43.46308517456055,1.5,150
polymer_sensitivity_v1-0008-5f63a4ec,720.0,27919.251953125,37380872.0,1.4741661548614502,10392.6591796875,263.16015625,0.0026543093845248,150.0,108000.0,0.0039233067072927,43.54155349731445,1.5,150
polymer_sensitivity_v1-0008-5f63a4ec,740.0,33075.578125,38042384.0,18.40808486938477,10760.8212890625,263.1072692871094,0.0052574495784938,150.0,111000.0,0.0972910821437835,45.48737335205078,1.5,150
polymer_sensitivity_v1-0008-5f63a4ec,760.0,27938.525390625,38601152.0,1.475183367729187,10790.32421875,263.1741027832031,0.0026525640860199,150.0,114000.0,0.0039234259165823,45.56584167480469,1.5,150
polymer_sensitivity_v1-0008-5f63a4ec,780.0,33022.3515625,39261600.0,18.492067337036133,11160.166015625,263.12127685546875,0.0052951225079596,150.0,117000.0,0.0984390079975128,47.53462219238281,1.5,150
polymer_sensitivity_v1-0008-5f63a4ec,800.0,27945.1484375,39820504.0,1.475532293319702,11189.6767578125,263.18902587890625,0.0026511626783758,150.0,120000.0,0.0039222748018801,47.613067626953125,1.5,150
polymer_sensitivity_v1-0008-5f63a4ec,820.0,32967.53515625,40479852.0,18.62619972229004,11562.2001953125,263.1357421875,0.0053280633874237,150.0,123000.0,0.0997731685638427,49.6085319519043,1.5,150
polymer_sensitivity_v1-0008-5f63a4ec,840.0,27968.150390625,41039216.0,1.47674560546875,11591.7353515625,263.2044677734375,0.0026502390392124,150.0,126000.0,0.0039241285994648,49.68701171875,1.5,150
polymer_sensitivity_v1-0008-5f63a4ec,860.0,32907.078125,41697360.0,18.779346466064453,11967.322265625,263.1502685546875,0.0053559625521302,150.0,129000.0,0.1011230945587158,51.70947647094727,1.5,150
polymer_sensitivity_v1-0008-5f63a4ec,880.0,27983.6328125,42257032.0,1.477561593055725,11996.8740234375,263.2208251953125,0.0026498981751501,150.0,132000.0,0.0039257910102605,51.78799057006836,1.5,150
polymer_sensitivity_v1-0008-5f63a4ec,900.0,32832.609375,42913684.0,18.95244789123535,12375.9228515625,263.16558837890625,0.0053793811239302,150.0,135000.0,0.1025038510560989,53.83806991577149,1.5,150
polymer_sensitivity_v1-0008-5f63a4ec,920.0,27997.751953125,43473636.0,1.478305459022522,12405.48828125,263.2374267578125,0.00265021645464,150.0,138000.0,0.0039282403886318,53.91663360595703,1.5,150
polymer_sensitivity_v1-0008-5f63a4ec,940.0,32766.505859375,44128968.0,19.16094017028809,12788.70703125,263.1810607910156,0.0053989859297871,150.0,141000.0,0.1040111929178237,55.996856689453125,1.5,150
polymer_sensitivity_v1-0008-5f63a4ec,960.0,27997.04296875,44688908.0,1.4782661199569702,12818.2724609375,263.2545166015625,0.0026512537151575,150.0,144000.0,0.0039296769537031,56.0754508972168,1.5,150
polymer_sensitivity_v1-0008-5f63a4ec,980.0,32703.59375,45342980.0,19.40567398071289,13206.38671875,263.1968078613281,0.0054154428653419,150.0,147000.0,0.1056625321507453,58.18870162963867,1.5,150
polymer_sensitivity_v1-0008-5f63a4ec,1000.0,28001.892578125,45903020.0,1.478502869606018,13235.9560546875,263.2714538574219,0.0026530309114605,150.0,150000.0,0.0039329482242465,58.26736068725586,1.5,150
polymer_sensitivity_v1-0008-5f63a4ec,1020.0,32663.974609375,46556300.0,19.688621520996094,13629.728515625,263.2123107910156,0.0054290308617055,150.0,153000.0,0.107473611831665,60.41683197021485,1.5,150
polymer_sensitivity_v1-0008-5f63a4ec,1040.0,28042.17578125,47117140.0,1.4806311130523682,13659.341796875,263.2891540527344,0.0026556677184998,150.0,156000.0,0.003942534327507,60.49568176269531,1.5,150
polymer_sensitivity_v1-0008-5f63a4ec,1060.0,32643.9921875,47770020.0,20.00867080688477,14059.5146484375,263.2279052734375,0.0054398612119257,150.0,159000.0,0.1094397231936454,62.684478759765625,1.5,150
polymer_sensitivity_v1-0008-5f63a4ec,1080.0,28068.55859375,48331392.0,1.4820199012756348,14089.1552734375,263.3065185546875,0.0026591606438159,150.0,162000.0,0.0039514363743364,62.76350784301758,1.5,150
polymer_sensitivity_v1-0008-5f63a4ec,1100.0,32604.21875,48983476.0,20.351539611816406,14496.185546875,263.2434997558594,0.005448481068015,150.0,165000.0,0.1114924550056457,64.99335479736328,1.5,150
polymer_sensitivity_v1-0008-5f63a4ec,1120.0,28074.5625,49544968.0,1.4823346138000488,14525.8330078125,263.32391357421875,0.002663547405973,150.0,168000.0,0.0039588129147887,65.0725326538086,1.5,150
polymer_sensitivity_v1-0008-5f63a4ec,1140.0,32557.115234375,50196112.0,20.706005096435547,14939.953125,263.2591247558594,0.0054551661014556,150.0,171000.0,0.1135742664337158,67.3440170288086,1.5,150
polymer_sensitivity_v1-0008-5f63a4ec,1160.0,28069.505859375,50757500.0,1.482080578804016,14969.5947265625,263.341064453125,0.0026688647922128,150.0,174000.0,0.0039660572074353,67.42333984375,1.5,150
polymer_sensitivity_v1-0008-5f63a4ec,1180.0,32511.5859375,51407732.0,21.07185173034668,15391.03125,263.2746276855469,0.0054602292366325,150.0,177000.0,0.1156888306140899,69.73711395263672,1.5,150
polymer_sensitivity_v1-0008-5f63a4ec,1200.0,28076.75,51969268.0,1.482460379600525,15420.6806640625,263.3575439453125,0.0026750573888421,150.0,180000.0,0.0039763036184012,69.81664276123047,1.5,150
polymer_sensitivity_v1-0008-5f63a4ec,1220.0,32469.236328125,52618652.0,21.4365291595459,15849.4111328125,263.29071044921875,0.0054639787413179,150.0,183000.0,0.1177722439169883,72.17208862304688,1.5,150
polymer_sensitivity_v1-0008-5f63a4ec,1240.0,28055.2578125,53179756.0,1.4813227653503418,15879.0380859375,263.3757629394531,0.0026821380015462,150.0,186000.0,0.0039837970398366,72.25176239013672,1.5,150
polymer_sensitivity_v1-0008-5f63a4ec,1260.0,32422.306640625,53828204.0,21.7944278717041,16314.92578125,263.3070983886719,0.0054670260287821,150.0,189000.0,0.1198056861758232,74.64787292480469,1.5,150
polymer_sensitivity_v1-0008-5f63a4ec,1285.0,28507.48046875,54540892.0,1.5051971673965454,16352.556640625,263.40264892578125,0.0026956084184348,150.0,192750.0,0.0040683890692889,74.74958801269531,1.5,150
polymer_sensitivity_v1-0008-5f63a4ec,1310.0,32160.3984375,55344900.0,21.388425827026367,16887.267578125,263.32452392578125,0.0054489085450768,150.0,196500.0,0.1171820908784866,77.67913818359375,1.5,150
polymer_sensitivity_v1-0008-5f63a4ec,1335.0,28412.685546875,56055216.0,1.5001871585845947,16924.771484375,263.4235534667969,0.0027077735867351,150.0,200250.0,0.0040731965564191,77.78096771240234,1.5,150
polymer_sensitivity_v1-0008-5f63a4ec,1360.0,32099.595703125,56857708.0,21.870141983032227,17471.525390625,263.3435974121094,0.0054431571625173,150.0,204000.0,0.1196941286325454,80.77332305908203,1.5,150
polymer_sensitivity_v1-0008-5f63a4ec,1385.0,28373.306640625,57567040.0,1.498103380203247,17508.978515625,263.4447326660156,0.0027214558795094,150.0,207750.0,0.004088148009032,80.87552642822266,1.5,150
polymer_sensitivity_v1-0008-5f63a4ec,1410.0,32044.23828125,58368144.0,22.36175346374512,18068.021484375,263.3628845214844,0.0054393294267356,150.0,211500.0,0.1222981587052345,83.93297576904297,1.5,150
polymer_sensitivity_v1-0008-5f63a4ec,1435.0,28349.5390625,59076884.0,1.4968441724777222,18105.443359375,263.4656982421875,0.0027365388814359,150.0,215250.0,0.0041074124164879,84.03565979003906,1.5,150
polymer_sensitivity_v1-0008-5f63a4ec,1460.0,32006.3203125,59877044.0,22.84510040283203,18676.5703125,263.38116455078125,0.0054367878474295,150.0,219000.0,0.1248829215764999,87.1577377319336,1.5,150
polymer_sensitivity_v1-0008-5f63a4ec,1485.0,28345.677734375,60585684.0,1.4966363906860352,18713.986328125,263.4853820800781,0.0027528931386768,150.0,222750.0,0.004131453577429,87.26102447509766,1.5,150
polymer_sensitivity_v1-0008-5f63a4ec,1510.0,31982.056640625,61385236.0,23.31048583984375,19296.748046875,263.3987731933594,0.005435450002551,150.0,226500.0,0.1273954361677169,90.44590759277344,1.5,150
polymer_sensitivity_v1-0008-5f63a4ec,1535.0,28362.955078125,62094308.0,1.4975452423095703,19334.1875,263.5035095214844,0.0027703419327735,150.0,230250.0,0.0041602379642426,90.54991149902344,1.5,150
polymer_sensitivity_v1-0008-5f63a4ec,1560.0,31985.828125,62893956.0,23.7377872467041,19927.630859375,263.4139404296875,0.0054351054131984,150.0,234000.0,0.1297224313020706,93.79297637939452,1.5,150
polymer_sensitivity_v1-0008-5f63a4ec,1585.0,28386.83984375,63603628.0,1.4988055229187012,19965.1015625,263.51885986328125,0.0027883460279554,150.0,237750.0,0.0041908742859959,93.8977508544922,1.5,150
polymer_sensitivity_v1-0008-5f63a4ec,1610.0,31985.900390625,64403272.0,23.98799705505371,20564.80078125,263.4276123046875,0.0054325321689248,150.0,241500.0,0.1310273706912994,97.17343139648438,1.5,150
polymer_sensitivity_v1-0008-5f63a4ec,1635.0,28405.85546875,65113420.0,1.499808430671692,20602.296875,263.5333557128906,0.002806598553434,150.0,245250.0,0.0042212074622511,97.27896118164062,1.5,150
polymer_sensitivity_v1-0008-5f63a4ec,1660.0,31969.37109375,65912656.0,24.206655502319336,21207.462890625,263.4401550292969,0.005429292563349,150.0,249000.0,0.1321424543857574,100.58251953125,1.5,150
polymer_sensitivity_v1-0008-5f63a4ec,1685.0,28411.13671875,66622932.0,1.500085949897766,21244.96484375,263.5469665527344,0.0028250848408788,150.0,252750.0,0.0042498758994042,100.6887664794922,1.5,150
polymer_sensitivity_v1-0008-5f63a4ec,1710.0,31948.15234375,67421640.0,24.41519927978516,21855.345703125,263.45184326171875,0.0054259616881608,150.0,256500.0,0.1331986635923385,104.01873779296876,1.5,150
polymer_sensitivity_v1-0008-5f63a4ec,1735.0,28416.712890625,68132056.0,1.500379204750061,21892.85546875,263.5597229003906,0.0028437965083867,150.0,260250.0,0.0042789415456354,104.1257095336914,1.5,150
polymer_sensitivity_v1-0008-5f63a4ec,1760.0,31926.599609375,68930216.0,24.616992950439453,22508.279296875,263.4628295898437,0.0054227714426815,150.0,264000.0,0.1342201679944992,107.48121643066406,1.5,150
polymer_sensitivity_v1-0008-5f63a4ec,1785.0,28422.41015625,69640776.0,1.500678777694702,22545.796875,263.57159423828125,0.0028627184219658,150.0,267750.0,0.0043083545751869,107.58892059326172,1.5,150
polymer_sensitivity_v1-0008-5f63a4ec,1810.0,31897.923828125,70438224.0,24.808025360107425,23165.998046875,263.4739074707031,0.0054200575686991,150.0,271500.0,0.1351936757564544,110.96876525878906,1.5,150
polymer_sensitivity_v1-0008-5f63a4ec,1835.0,28418.759765625,71148696.0,1.5004847049713137,23203.509765625,263.58349609375,0.0028818352147936,150.0,275250.0,0.0043366472236812,111.07717895507812,1.5,150
polymer_sensitivity_v1-0008-5f63a4ec,1860.0,31864.1875,71945304.0,24.99095916748047,23828.283203125,263.4852905273437,0.0054180482402443,150.0,279000.0,0.136139839887619,114.48067474365234,1.5,150
polymer_sensitivity_v1-0008-5f63a4ec,1885.0,28409.068359375,72655528.0,1.499971866607666,23865.783203125,263.5956726074219,0.0029011322185397,150.0,282750.0,0.0043642781674861,114.58978271484376,1.5,150
polymer_sensitivity_v1-0008-5f63a4ec,1910.0,31838.947265625,73451504.0,25.16212654113769,24494.8359375,263.49664306640625,0.005416790023446,150.0,286500.0,0.1370402723550796,118.01579284667967,1.5,150
polymer_sensitivity_v1-0008-5f63a4ec,1935.0,28405.44921875,74161640.0,1.499779462814331,24532.330078125,263.6081848144531,0.0029206022154539,150.0,290250.0,0.0043930900283157,118.12561798095705,1.5,150
polymer_sensitivity_v1-0008-5f63a4ec,1960.0,31809.8671875,74956888.0,25.310710906982425,25165.09765625,263.5082702636719,0.0054162349551916,150.0,294000.0,0.137835294008255,121.57150268554688,1.5,150
polymer_sensitivity_v1-0008-5f63a4ec,1985.0,28410.30859375,75667144.0,1.5000348091125488,25202.599609375,263.6208801269531,0.0029402412474155,150.0,297750.0,0.004423470236361,121.68209075927734,1.5,150
polymer_sensitivity_v1-0008-5f63a4ec,2010.0,31778.529296875,76461608.0,25.4253044128418,25838.232421875,263.5198974609375,0.0054162102751433,150.0,301500.0,0.1384587287902832,125.1435546875,1.5,150
polymer_sensitivity_v1-0008-5f63a4ec,2035.0,28433.72265625,77172448.0,1.5012701749801636,25875.763671875,263.63238525390625,0.0029600202105939,150.0,305250.0,0.0044569829478859,125.2549819946289,1.5,150
polymer_sensitivity_v1-0008-5f63a4ec,2060.0,31749.93359375,77966200.0,25.52665901184082,26513.9296875,263.531005859375,0.0054171485826373,150.0,309000.0,0.1390348821878433,128.73085021972656,1.5,150
polymer_sensitivity_v1-0008-5f63a4ec,2085.0,28451.173828125,78677480.0,1.5021905899047852,26551.484375,263.64422607421875,0.0029799297917634,150.0,312750.0,0.0044898018240928,128.8430938720703,1.5,150
polymer_sensitivity_v1-0008-5f63a4ec,2110.0,31709.59765625,79470216.0,25.61212158203125,27191.787109375,263.5426025390625,0.0054190689697861,150.0,316500.0,0.1395500898361206,132.33184814453125,1.5,150
polymer_sensitivity_v1-0008-5f63a4ec,2135.0,28611.923828125,80185512.0,1.51067852973938,27229.5546875,263.6493225097656,0.0029999564867466,150.0,320250.0,0.0045456066727638,132.44549560546875,1.5,150
polymer_sensitivity_v1-0008-5f63a4ec,2160.0,31869.3359375,80982248.0,25.880014419555664,27876.5546875,263.5381164550781,0.0054193600080907,150.0,324000.0,0.141017347574234,135.97091674804688,1.5,150
polymer_sensitivity_v1-0008-5f63a4ec,2185.0,28752.35546875,81701056.0,1.5180935859680176,27914.5078125,263.642333984375,0.0030201231129467,150.0,327750.0,0.0045987181365489,136.0858917236328,1.5,150
polymer_sensitivity_v1-0008-5f63a4ec,2210.0,31776.62109375,82495472.0,26.16646957397461,28568.669921875,263.5376892089844,0.0054235602729022,150.0,331500.0,0.1426893174648285,139.6531219482422,1.5,150
polymer_sensitivity_v1-0008-5f63a4ec,2235.0,28739.70703125,83213968.0,1.5174264907836914,28606.60546875,263.6402587890625,0.0030404415447264,150.0,335250.0,0.0046277167275547,139.76881408691406,1.5,150
polymer_sensitivity_v1-0008-5f63a4ec,2260.0,31732.849609375,84007288.0,26.31690788269043,29264.52734375,263.5363464355469,0.005427926313132,150.0,339000.0,0.1436258256435394,143.35946655273438,1.5,150
polymer_sensitivity_v1-0008-5f63a4ec,2285.0,28682.87890625,84724360.0,1.51442551612854,29302.388671875,263.6407470703125,0.0030608128290623,150.0,342750.0,0.0046496046707034,143.4757080078125,1.5,150
polymer_sensitivity_v1-0008-5f63a4ec,2310.0,31686.982421875,85516536.0,26.446931838989254,29963.560546875,263.5375061035156,0.0054343468509614,150.0,346500.0,0.1445070952177047,147.08837890625,1.5,150
polymer_sensitivity_v1-0008-5f63a4ec,2335.0,28642.712890625,86232600.0,1.5123051404953003,30001.369140625,263.6430358886719,0.0030812181066721,150.0,350250.0,0.0046741440892219,147.20523071289062,1.5,150
polymer_sensitivity_v1-0008-5f63a4ec,2360.0,31643.048828125,87023680.0,26.543306350708008,30664.951171875,263.54071044921875,0.0054430235177278,150.0,354000.0,0.1452665328979492,150.83689880371094,1.5,150
polymer_sensitivity_v1-0008-5f63a4ec,2385.0,28608.25390625,87738880.0,1.510487079620361,30702.712890625,263.6470642089844,0.0031016350258141,150.0,357750.0,0.0046995561569929,150.9543914794922,1.5,150
polymer_sensitivity_v1-0008-5f63a4ec,2410.0,31609.50390625,88529120.0,26.64044189453125,31368.724609375,263.5453491210937,0.0054532615467906,150.0,361500.0,0.1460738778114318,154.60623168945312,1.5,150
polymer_sensitivity_v1-0008-5f63a4ec,2435.0,28586.087890625,89243776.0,1.5093170404434204,31406.45703125,263.65234375,0.0031220477540045,150.0,365250.0,0.0047269174829125,154.7244110107422,1.5,150
polymer_sensitivity_v1-0008-5f63a4ec,2460.0,31578.611328125,90033240.0,26.734825134277344,32074.828125,263.551513671875,0.0054660970345139,150.0,369000.0,0.1469383239746093,158.39785766601562,1.5,150
polymer_sensitivity_v1-0008-5f63a4ec,2485.0,28557.771484375,90747184.0,1.5078221559524536,32112.5234375,263.6595458984375,0.0031424420885741,150.0,372750.0,0.0047531803138554,158.51669311523438,1.5,150
polymer_sensitivity_v1-0008-5f63a4ec,2510.0,31537.580078125,91535624.0,26.84146499633789,32783.55859375,263.55926513671875,0.0054799648933112,150.0,376500.0,0.1479007750749588,162.21421813964844,1.5,150
polymer_sensitivity_v1-0008-5f63a4ec,2535.0,28529.841796875,92248872.0,1.5063495635986328,32821.21875,263.6681823730469,0.0031628177966922,150.0,380250.0,0.0047794259153306,162.3336944580078,1.5,150
polymer_sensitivity_v1-0008-5f63a4ec,2560.0,31510.150390625,93036624.0,26.916784286499023,33494.140625,263.568359375,0.0054948688484728,150.0,384000.0,0.1487213969230651,166.05172729492188,1.5,150
polymer_sensitivity_v1-0008-5f63a4ec,2585.0,28513.83984375,93749464.0,1.5055029392242432,33531.77734375,263.6776428222656,0.0031831501983106,150.0,387750.0,0.0048075448721647,166.1719207763672,1.5,150
polymer_sensitivity_v1-0008-5f63a4ec,2610.0,31499.509765625,94536952.0,26.993730545043945,34206.62109375,263.5777282714844,0.005511206574738,150.0,391500.0,0.1495924592018127,169.91172790527344,1.5,150
polymer_sensitivity_v1-0008-5f63a4ec,2635.0,28511.67578125,95249744.0,1.5053890943527222,34244.25390625,263.6871032714844,0.0032034409232437,150.0,395250.0,0.0048379232175648,170.03268432617188,1.5,150
polymer_sensitivity_v1-0008-5f63a4ec,2660.0,31479.13671875,96036728.0,27.070232391357425,34921.01171875,263.58746337890625,0.0055290190503001,150.0,399000.0,0.1505039632320404,173.7952880859375,1.5,150
polymer_sensitivity_v1-0008-5f63a4ec,2685.0,28496.408203125,96749136.0,1.5045844316482544,34958.625,263.6974792480469,0.0032236839178949,150.0,402750.0,0.0048659914173185,173.91693115234375,1.5,150
polymer_sensitivity_v1-0008-5f63a4ec,2710.0,31513.765625,97536984.0,26.95856285095215,35632.58984375,263.5976257324219,0.005548168439418,150.0,406500.0,0.1504051238298416,177.67706298828125,1.5,150
polymer_sensitivity_v1-0008-5f63a4ec,2735.0,28504.447265625,98249592.0,1.5050098896026611,35670.21484375,263.70965576171875,0.0032438517082482,150.0,410250.0,0.0048979171551764,177.7995147705078,1.5,150
polymer_sensitivity_v1-0008-5f63a4ec,2760.0,31461.50390625,99036128.0,26.90167999267578,36342.7578125,263.6095275878906,0.0055684340186417,150.0,414000.0,0.1506390571594238,181.56549072265625,1.5,150
polymer_sensitivity_v1-0008-5f63a4ec,2785.0,28525.748046875,99749272.0,1.5061362981796265,36380.41015625,263.7229309082031,0.0032639920245856,150.0,417750.0,0.0049321148544549,181.68878173828125,1.5,150
polymer_sensitivity_v1-0008-5f63a4ec,2810.0,31420.888671875,100534792.0,26.865665435791016,37052.05078125,263.6221923828125,0.0055883266031742,150.0,421500.0,0.1509778201580047,185.46322631835935,1.5,150
polymer_sensitivity_v1-0008-5f63a4ec,2835.0,28549.8046875,101248536.0,1.5074094533920288,37089.73828125,263.7367858886719,0.0032841227948665,150.0,425250.0,0.0049668294377624,185.58740234375,1.5,150
polymer_sensitivity_v1-0008-5f63a4ec,2860.0,31379.171875,102033016.0,26.8421630859375,37760.7890625,263.6356201171875,0.0056079947389662,150.0,429000.0,0.151379644870758,189.37188720703125,1.5,150
polymer_sensitivity_v1-0008-5f63a4ec,2885.0,28562.017578125,102747072.0,1.5080451965332031,37798.4921875,263.75164794921875,0.0033042426221072,150.0,432750.0,0.0049994667060673,189.49688720703125,1.5,150
polymer_sensitivity_v1-0008-5f63a4ec,2910.0,31334.744140625,103530440.0,26.82840347290039,38469.203125,263.6500549316406,0.0056274714879691,150.0,436500.0,0.1518304944038391,193.2926483154297,1.5,150
polymer_sensitivity_v1-0008-5f63a4ec,2935.0,28569.05859375,104244664.0,1.5084176063537598,38506.9140625,263.76763916015625,0.0033243892248719,150.0,440250.0,0.0050312932580709,193.41842651367188,1.5,150
polymer_sensitivity_v1-0008-5f63a4ec,2960.0,31289.87109375,105026912.0,26.820592880249023,39177.42578125,263.6656799316406,0.0056469347327947,150.0,444000.0,0.1523142457008361,197.22628784179688,1.5,150
polymer_sensitivity_v1-0008-5f63a4ec,3010.0,29961.3828125,106524984.0,1.583706021308899,39256.61328125,263.8129272460937,0.0033893107902258,150.0,451500.0,0.0053859269246459,197.49557495117188,1.5,150
polymer_sensitivity_v1-0008-5f63a4ec,3060.0,30525.44140625,108051256.0,24.34002494812012,40473.61328125,263.6852722167969,0.0055926674976944,150.0,459000.0,0.1368912458419799,204.3401336669922,1.5,150
polymer_sensitivity_v1-0008-5f63a4ec,3160.0,30668.349609375,111118088.0,1.6192885637283323,40635.54296875,263.8828430175781,0.0035145066212862,150.0,474000.0,0.0057110721245408,204.9112548828125,1.5,150
polymer_sensitivity_v1-0008-5f63a4ec,3260.0,29856.72265625,114103760.0,23.080360412597656,42943.578125,263.7421875,0.0054910746403038,150.0,489000.0,0.1274357438087463,217.65481567382807,1.5,150
polymer_sensitivity_v1-0008-5f63a4ec,3360.0,30436.853515625,117147448.0,2.5492818355560303,43198.5078125,263.9553527832031,0.0042571783997118,150.0,504000.0,0.0108991460874676,218.74473571777344,1.5,150
polymer_sensitivity_v1-0008-5f63a4ec,3460.0,31210.12890625,120268456.0,5.052772521972656,43703.78515625,264.00738525390625,0.0047694342210888,150.0,519000.0,0.0242143534123897,221.16616821289065,1.5,150
polymer_sensitivity_v1-0008-5f63a4ec,3560.0,31221.93359375,123390648.0,5.73820161819458,44277.60546875,264.0453491210937,0.0048267450183629,150.0,534000.0,0.0278311688452959,223.9492950439453,1.5,150
polymer_sensitivity_v1-0008-5f63a4ec,3660.0,31219.181640625,126512568.0,5.941018581390381,44871.70703125,264.0795593261719,0.0048556951805949,150.0,549000.0,0.0289885345846414,226.84814453125,1.5,150
polymer_sensitivity_v1-0008-5f63a4ec,3760.0,31217.03515625,129634272.0,5.920218467712402,45463.7265625,264.11444091796875,0.0048832083120942,150.0,564000.0,0.0290515255182981,229.7532958984375,1.5,150
polymer_sensitivity_v1-0008-5f63a4ec,3860.0,31201.0703125,132754384.0,5.923491954803467,46056.078125,264.1512451171875,0.0049185738898813,150.0,579000.0,0.0292791444808244,232.68121337890625,1.5,150
polymer_sensitivity_v1-0008-5f63a4ec,3960.0,31177.458984375,135872128.0,5.938477516174316,46649.92578125,264.1908569335937,0.004958335775882,150.0,594000.0,0.0295916907489299,235.640380859375,1.5,150
polymer_sensitivity_v1-0008-5f63a4ec,4060.0,31151.423828125,138987264.0,5.959335803985596,47245.859375,264.2337341308594,0.0050008343532681,150.0,609000.0,0.0299514327198267,238.63552856445312,1.5,150
polymer_sensitivity_v1-0008-5f63a4ec,4160.0,31128.908203125,142100160.0,5.983776569366455,47844.234375,264.2790832519531,0.0050450167618691,150.0,624000.0,0.030341325327754,241.66964721679688,1.5,150
polymer_sensitivity_v1-0008-5f63a4ec,4260.0,31123.7109375,145212528.0,6.012908458709717,48445.52734375,264.3245544433594,0.0050902916118502,150.0,639000.0,0.0307640563696622,244.74606323242188,1.5,150
polymer_sensitivity_v1-0008-5f63a4ec,4360.0,31120.234375,148324560.0,6.043096542358398,49049.8359375,264.3697509765625,0.0051363157108426,150.0,654000.0,0.0311995036900043,247.8660125732422,1.5,150
polymer_sensitivity_v1-0008-5f63a4ec,4460.0,31114.650390625,151436016.0,6.073361873626709,49657.171875,264.4151611328125,0.0051828925497829,150.0,669000.0,0.0316415764391422,251.03016662597656,1.5,150
polymer_sensitivity_v1-0008-5f63a4ec,4560.0,31102.66015625,154546288.0,6.102819442749023,50267.453125,264.4618835449219,0.0052299164235591,150.0,684000.0,0.0320850387215614,254.2386779785156,1.5,150
polymer_sensitivity_v1-0008-5f63a4ec,4660.0,31092.794921875,157655568.0,6.133268356323242,50880.78125,264.5096130371094,0.0052773510105907,150.0,699000.0,0.0325391329824924,257.4925842285156,1.5,150
polymer_sensitivity_v1-0008-5f63a4ec,4760.0,31080.71875,160763632.0,6.163761615753174,51497.15625,264.5591735839844,0.0053251916542649,150.0,714000.0,0.032998938113451,260.79248046875,1.5,150
polymer_sensitivity_v1-0008-5f63a4ec,4860.0,31070.068359375,163870640.0,6.1953125,52116.6875,264.6100769042969,0.005373477935791,150.0,729000.0,0.0334702283143997,264.1394958496094,1.5,150
polymer_sensitivity_v1-0008-5f63a4ec,4960.0,31071.82421875,166977824.0,6.23042631149292,52739.73046875,264.6603698730469,0.0054222838953137,150.0,744000.0,0.0339673198759555,267.5362243652344,1.5,150
polymer_sensitivity_v1-0008-5f63a4ec,5060.0,31087.3515625,170086560.0,6.269200325012207,53366.65234375,264.7079162597656,0.0054716938175261,150.0,759000.0,0.0344918742775917,270.98541259765625,1.5,150
polymer_sensitivity_v1-0008-5f63a4ec,5160.0,31099.52734375,173196512.0,6.308187007904053,53997.46875,264.75341796875,0.0055217985063791,150.0,774000.0,0.0350259430706501,274.4880065917969,1.5,150
polymer_sensitivity_v1-0008-5f63a4ec,5260.0,31107.431640625,176307264.0,6.347611904144287,54632.23046875,264.7973022460937,0.005572710186243,150.0,789000.0,0.0355716347694397,278.045166015625,1.5,150
polymer_sensitivity_v1-0008-5f63a4ec,5360.0,31103.15625,179417568.0,6.386130809783936,55270.84375,264.8413391113281,0.0056245471350848,150.0,804000.0,0.0361222624778747,281.65740966796875,1.5,150
polymer_sensitivity_v1-0008-5f63a4ec,5460.0,31079.53515625,182525520.0,6.42274808883667,55913.12109375,264.888427734375,0.005677425302565,150.0,819000.0,0.0366728790104389,285.32470703125,1.5,150
polymer_sensitivity_v1-0008-5f63a4ec,5560.0,31046.15625,185630144.0,6.458721160888672,56558.9921875,264.9399719238281,0.0057314843870699,150.0,834000.0,0.0372314490377903,289.0478515625,1.5,150
polymer_sensitivity_v1-0008-5f63a4ec,5660.0,31018.060546875,188731952.0,6.497642517089844,57208.75390625,264.9951171875,0.0057868775911629,150.0,849000.0,0.0378199219703674,292.829833984375,1.5,150
polymer_sensitivity_v1-0008-5f63a4ec,5760.0,30997.5546875,191831696.0,6.540226459503174,57862.77734375,265.0531921386719,0.0058433599770069,150.0,864000.0,0.0384415239095687,296.6739807128906,1.5,150
polymer_sensitivity_v1-0008-5f63a4ec,5860.0,31006.873046875,194932384.0,6.5919623374938965,58521.97265625,265.1101379394531,0.0059014484286308,150.0,879000.0,0.0391330681741237,300.5872802734375,1.5,150
polymer_sensitivity_v1-0008-5f63a4ec,5960.0,31003.46875,198032736.0,6.643969535827637,59186.37109375,265.16680908203125,0.0059613529592752,150.0,894000.0,0.0398445762693882,304.5717468261719,1.5,150
polymer_sensitivity_v1-0008-5f63a4ec,6060.0,31003.853515625,201133120.0,6.699326515197754,59856.3046875,265.2225952148437,0.0060232458636164,150.0,909000.0,0.0405962094664573,308.6313781738281,1.5,150
polymer_sensitivity_v1-0008-5f63a4ec,6160.0,30982.642578125,204231392.0,6.752527713775635,60531.55859375,265.28076171875,0.0060872784815728,150.0,924000.0,0.041356261819601,312.7669982910156,1.5,150
polymer_sensitivity_v1-0008-5f63a4ec,6260.0,30960.052734375,207327392.0,6.810282230377197,61212.5859375,265.3413391113281,0.0061537008732557,150.0,939000.0,0.0421679280698299,316.9837951660156,1.5,150
polymer_sensitivity_v1-0008-5f63a4ec,6360.0,30930.462890625,210420432.0,6.871057510375977,61899.69140625,265.4053649902344,0.0062227710150182,150.0,954000.0,0.0430247522890567,321.2862548828125,1.5,150
polymer_sensitivity_v1-0008-5f63a4ec,6460.0,30883.990234375,213508832.0,6.93326473236084,62593.015625,265.4755859375,0.0062947790138423,150.0,969000.0,0.0439198315143585,325.6782531738281,1.5,150
polymer_sensitivity_v1-0008-5f63a4ec,6560.0,30832.640625,216592096.0,6.999068260192871,63292.92578125,265.55279541015625,0.0063700294122099,150.0,984000.0,0.0448700934648513,330.1652526855469,1.5,150
polymer_sensitivity_v1-0008-5f63a4ec,6660.0,30773.513671875,219669456.0,7.07051944732666,63999.9765625,265.64093017578125,0.0064489240758121,150.0,999000.0,0.0458932034671306,334.75457763671875,1.5,150
polymer_sensitivity_v1-0008-5f63a4ec,6760.0,30690.068359375,222738464.0,7.145329475402832,64714.5078125,265.7409973144531,0.0065318499691784,150.0,1014000.0,0.0469790808856487,339.4524841308594,1.5,150
polymer_sensitivity_v1-0008-5f63a4ec,6860.0,30601.400390625,225798608.0,7.230618953704834,65437.5703125,265.8535461425781,0.0066171172074973,150.0,1029000.0,0.048164565116167,344.2689514160156,1.5,150
polymer_sensitivity_v1-0008-5f63a4ec,6960.0,30525.29296875,228851136.0,7.326260089874268,66170.1953125,265.97686767578125,0.0067049986682832,150.0,1044000.0,0.0494541525840759,349.21435546875,1.5,150
polymer_sensitivity_v1-0008-5f63a4ec,7060.0,30438.2890625,231894960.0,7.433888912200928,66913.5859375,266.1122131347656,0.0067969569936394,150.0,1059000.0,0.0508736073970794,354.3017272949219,1.5,150
polymer_sensitivity_v1-0008-5f63a4ec,7160.0,30327.712890625,234927728.0,7.553493022918701,67668.9375,266.26275634765625,0.0068940576165914,150.0,1074000.0,0.0524357110261917,359.5452880859375,1.5,150
polymer_sensitivity_v1-0008-5f63a4ec,7260.0,30238.623046875,237951584.0,7.697128772735596,68438.6484375,266.4241638183594,0.0069975298829376,150.0,1089000.0,0.0542404390871524,364.9693298339844,1.5,150
polymer_sensitivity_v1-0008-5f63a4ec,7360.0,30175.240234375,240969120.0,7.86881685256958,69225.53125,266.5920715332031,0.0071086902171373,150.0,1104000.0,0.0563374646008014,370.6030883789063,1.5,150
polymer_sensitivity_v1-0008-5f63a4ec,7460.0,30077.876953125,243976896.0,8.062504768371582,70031.78125,266.77130126953125,0.0072290771640837,150.0,1119000.0,0.0587088800966739,376.4739685058594,1.5,150
polymer_sensitivity_v1-0008-5f63a4ec,7560.0,29982.962890625,246975200.0,8.28736400604248,70860.515625,266.9609069824219,0.0073601906187832,150.0,1134000.0,0.0614488571882247,382.6188659667969,1.5,150
polymer_sensitivity_v1-0008-5f63a4ec,7660.0,29927.666015625,249967968.0,8.557388305664062,71716.2578125,267.1531982421875,0.0075034787878394,150.0,1149000.0,0.064695619046688,389.0884094238281,1.5,150
polymer_sensitivity_v1-0008-5f63a4ec,7760.0,29849.955078125,252952960.0,8.873082160949707,72603.5625,267.3507385253906,0.0076630162075161,150.0,1164000.0,0.0685196369886398,395.94036865234375,1.5,150
polymer_sensitivity_v1-0008-5f63a4ec,7860.0,29799.361328125,255932896.0,9.242108345031738,73527.7734375,267.5477600097656,0.0078424839302897,150.0,1179000.0,0.073054015636444,403.2457885742188,1.5,150
polymer_sensitivity_v1-0008-5f63a4ec,7960.0,29691.31640625,258902032.0,9.681403160095217,74495.9140625,267.7562866210937,0.0080456025898456,150.0,1194000.0,0.0785245075821876,411.0982360839844,1.5,150
polymer_sensitivity_v1-0008-5f63a4ec,8060.0,29626.81640625,261864704.0,10.21488094329834,75517.40625,267.9638977050781,0.0082739954814314,150.0,1209000.0,0.0852230191230773,419.62054443359375,1.5,150
polymer_sensitivity_v1-0008-5f63a4ec,8160.0,29454.80859375,264810192.0,10.853899955749512,76602.7890625,268.18365478515625,0.0085314605385065,150.0,1224000.0,0.0933964326977729,428.9601745605469,1.5,150
polymer_sensitivity_v1-0008-5f63a4ec,8260.0,29208.439453125,267731040.0,11.65212059020996,77768.0078125,268.4246520996094,0.0088301943615078,150.0,1239000.0,0.103807121515274,439.34088134765625,1.5,150
polymer_sensitivity_v1-0008-5f63a4ec,8360.0,28940.830078125,270625120.0,12.68971061706543,79036.9765625,268.684326171875,0.0091799888759851,150.0,1254000.0,0.1175707057118415,451.0979614257813,1.5,150
polymer_sensitivity_v1-0008-5f63a4ec,8460.0,28596.662109375,273484800.0,14.061641693115234,80443.140625,268.96588134765625,0.0097791878506541,150.0,1269000.0,0.1388694643974304,464.9848937988281,1.5,150
polymer_sensitivity_v1-0008-5f63a4ec,8560.0,28206.142578125,276305408.0,15.857044219970703,82028.84375,269.2659912109375,0.0105941528454422,150.0,1284000.0,0.1697907298803329,481.9639892578125,1.5,150
polymer_sensitivity_v1-0008-5f63a4ec,8660.0,27744.689453125,279079872.0,18.245281219482425,83853.375,269.5792541503906,0.0116783455014228,150.0,1299000.0,0.2155924439430236,503.5232238769531,1.5,150
polymer_sensitivity_v1-0008-5f63a4ec,8760.0,27227.091796875,281802592.0,21.375364303588867,85990.90625,269.8938903808594,0.0131140751764178,150.0,1314000.0,0.2840431034564972,531.9275512695312,1.5,150
polymer_sensitivity_v1-0008-5f63a4ec,8860.0,26593.53515625,284461920.0,25.6666202545166,88557.5703125,270.1961975097656,0.0148788737133145,150.0,1329000.0,0.3876583278179168,570.693359375,1.5,150
polymer_sensitivity_v1-0008-5f63a4ec,8960.0,25566.302734375,287018560.0,32.36967086791992,91794.5390625,270.4837646484375,0.0167632047086954,150.0,1344000.0,0.551870584487915,625.8804321289062,1.5,150
polymer_sensitivity_v1-0008-5f63a4ec,9060.0,23977.546875,289416320.0,42.77070617675781,96071.609375,270.7484130859375,0.0182939264923334,150.0,1359000.0,0.7970249056816101,705.5828857421875,1.5,150
polymer_sensitivity_v1-0008-5f63a4ec,9160.0,21924.400390625,291608768.0,56.0443000793457,101676.0390625,270.9866638183594,0.0198325272649526,150.0,1374000.0,1.1339900493621826,818.98193359375,1.5,150
polymer_sensitivity_v1-0008-5f63a4ec,9260.0,20050.689453125,293613824.0,68.32877349853516,108508.9140625,271.1918334960937,0.0221704952418804,150.0,1389000.0,1.5492299795150757,973.9049072265624,1.5,150
polymer_sensitivity_v1-0008-5f63a4ec,9360.0,18542.556640625,295468096.0,78.00550842285156,116309.46875,271.37066650390625,0.0252514109015464,150.0,1404000.0,2.0207765102386475,1175.9825439453125,1.5,150
polymer_sensitivity_v1-0008-5f63a4ec,9460.0,17536.078125,297221696.0,84.27947235107422,124737.4140625,271.5292053222656,0.0292897541075944,150.0,1419000.0,2.5430092811584477,1430.283447265625,1.5,150
polymer_sensitivity_v1-0008-5f63a4ec,9560.0,16718.94140625,298893568.0,88.98514556884766,133635.921875,271.6715393066406,0.0351845882833004,150.0,1434000.0,3.245082378387451,1754.791748046875,1.5,150
polymer_sensitivity_v1-0008-5f63a4ec,9660.0,16154.2177734375,300508992.0,91.9901885986328,142834.953125,271.7964782714844,0.0423917286098003,150.0,1449000.0,4.072253227233887,2162.01708984375,1.5,150
polymer_sensitivity_v1-0008-5f63a4ec,9760.0,15817.1943359375,302090720.0,93.2499008178711,152159.9375,271.9063720703125,0.0516532436013221,150.0,1464000.0,5.079007148742676,2669.917724609375,1.5,150
polymer_sensitivity_v1-0008-5f63a4ec,9860.0,15462.4482421875,303636960.0,94.06182861328124,161566.125,272.00927734375,0.0627500489354133,150.0,1479000.0,6.297556400299072,3299.67333984375,1.5,150
polymer_sensitivity_v1-0008-5f63a4ec,9960.0,15099.6533203125,305146944.0,94.45408630371094,171011.53125,272.10943603515625,0.0758716166019439,150.0,1494000.0,7.754749298095703,4075.1484375,1.5,150
polymer_sensitivity_v1-0008-5f63a4ec,10060.0,14745.240234375,306621472.0,94.5251693725586,180464.046875,272.20465087890625,0.091033935546875,150.0,1509000.0,9.466797828674316,5021.828125,1.5,150
polymer_sensitivity_v1-0008-5f63a4ec,10160.0,14387.4931640625,308060192.0,94.17503356933594,189881.546875,272.3002624511719,0.1077368259429931,150.0,1524000.0,11.37121868133545,6158.9501953125,1.5,150
polymer_sensitivity_v1-0008-5f63a4ec,10260.0,14030.583984375,309463264.0,93.54483032226562,199236.03125,272.39385986328125,0.1263883560895919,150.0,1539000.0,13.533447265625,7512.294921875,1.5,150
polymer_sensitivity_v1-0008-5f63a4ec,10360.0,13678.51953125,310831104.0,92.6042251586914,208496.453125,272.48846435546875,0.146085575222969,150.0,1554000.0,15.842503547668455,9096.544921875,1.5,150
polymer_sensitivity_v1-0008-5f63a4ec,10460.0,13332.8056640625,312164384.0,91.49424743652344,217645.875,272.5785827636719,0.1671632528305053,150.0,1569000.0,18.364315032958984,10932.9765625,1.5,150
polymer_sensitivity_v1-0008-5f63a4ec,10560.0,12997.6572265625,313464160.0,90.2638702392578,226672.265625,272.6647644042969,0.1881579607725143,150.0,1584000.0,20.9201602935791,13024.9931640625,1.5,150
polymer_sensitivity_v1-0008-5f63a4ec,10660.0,12671.1201171875,314731264.0,88.85385131835938,235557.65625,272.7492370605469,0.2093144506216049,150.0,1599000.0,23.521862030029297,15377.1787109375,1.5,150
polymer_sensitivity_v1-0008-5f63a4ec,10760.0,12380.0380859375,315969280.0,87.23155212402344,244280.8125,272.82928466796875,0.2307872325181961,150.0,1614000.0,26.172121047973636,17994.390625,1.5,150
polymer_sensitivity_v1-0008-5f63a4ec,10860.0,12128.583984375,317182144.0,85.45333862304688,252826.140625,272.90386962890625,0.251970499753952,150.0,1629000.0,28.784587860107425,20872.849609375,1.5,150
polymer_sensitivity_v1-0008-5f63a4ec,10960.0,11868.48828125,318368992.0,83.77791595458984,261203.9375,272.97137451171875,0.2726001441478729,150.0,1644000.0,31.39658546447754,24012.5078125,1.5,150
polymer_sensitivity_v1-0009-9c30f23a,1.0,1531513.625,1531513.625,438.4772033691406,438.4772033691406,271.0368347167969,0.0037272712215781,200.0,200.0,1.6404377222061155,1.6404377222061155,1.5,200
polymer_sensitivity_v1-0009-9c30f23a,2.0,731013.0,2262526.75,186.0404052734375,624.517578125,270.6705017089844,0.0037339909467846,200.0,400.0,0.6972768306732178,2.337714672088623,1.5,200
polymer_sensitivity_v1-0009-9c30f23a,3.0,540558.0625,2803084.75,122.6789779663086,747.1965942382812,270.3883972167969,0.0037016926798969,200.0,600.0,0.4558071494102478,2.7935216426849365,1.5,200
polymer_sensitivity_v1-0009-9c30f23a,4.0,451528.75,3254613.5,96.92698669433594,844.1235961914062,270.130126953125,0.0036828750744462,200.0,800.0,0.358289510011673,3.151811122894287,1.5,200
polymer_sensitivity_v1-0009-9c30f23a,5.0,398244.5625,3652858.0,82.8184585571289,926.9420166015624,269.89471435546875,0.0036711068823933,200.0,1000.0,0.3051556944847107,3.4569668769836426,1.5,200
polymer_sensitivity_v1-0009-9c30f23a,6.0,362100.125,4014958.25,73.69921875,1000.6412353515624,269.6806335449219,0.0036624679341912,200.0,1200.0,0.2709132134914398,3.7278802394866943,1.5,200
polymer_sensitivity_v1-0009-9c30f23a,7.0,335667.1875,4350625.5,67.2410659790039,1067.88232421875,269.4832763671875,0.0036555943079292,200.0,1400.0,0.2467079162597656,3.97458815574646,1.5,200
polymer_sensitivity_v1-0009-9c30f23a,8.0,315306.71875,4665932.0,62.39767074584961,1130.280029296875,269.3010559082031,0.0036499525886029,200.0,1600.0,0.2285828590393066,4.203170776367188,1.5,200
polymer_sensitivity_v1-0009-9c30f23a,9.0,298944.46875,4964876.5,58.60603332519531,1188.885986328125,269.1296081542969,0.0036452841013669,200.0,1800.0,0.2144172489643097,4.417588233947754,1.5,200
polymer_sensitivity_v1-0009-9c30f23a,10.0,285349.125,5250225.5,55.53570938110352,1244.4217529296875,268.9677124023437,0.0036413958296179,200.0,2000.0,0.2029665857553482,4.620554924011231,1.5,200
polymer_sensitivity_v1-0009-9c30f23a,13.0,256851.796875,6020781.0,49.46139144897461,1392.805908203125,268.5398864746094,0.0036340449005365,200.0,2600.0,0.1804005056619644,5.161756038665772,1.5,200
polymer_sensitivity_v1-0009-9c30f23a,15.0,241462.796875,6503706.5,46.25680923461914,1485.319580078125,268.2826232910156,0.0036297738552093,200.0,3000.0,0.1685134321451187,5.498783111572266,1.5,200
polymer_sensitivity_v1-0009-9c30f23a,20.0,213677.46875,7572094.0,40.77333068847656,1689.1861572265625,267.75244140625,0.0036225977819412,200.0,4000.0,0.1482424139976501,6.239995002746582,1.5,200
polymer_sensitivity_v1-0009-9c30f23a,25.0,192165.15625,8532920.0,36.09188079833984,1869.6456298828125,267.3116149902344,0.003609757637605,200.0,5000.0,0.1307549327611923,6.89376974105835,1.5,200
polymer_sensitivity_v1-0009-9c30f23a,30.0,174656.734375,9406204.0,32.281028747558594,2031.05078125,266.9314270019531,0.0035967817530035,200.0,6000.0,0.1165269315242767,7.476404666900635,1.5,200
polymer_sensitivity_v1-0009-9c30f23a,35.0,159929.015625,10205849.0,29.12628746032715,2176.68212890625,266.5997314453125,0.0035844431258738,200.0,7000.0,0.1047770828008651,8.000289916992188,1.5,200
polymer_sensitivity_v1-0009-9c30f23a,40.0,147300.203125,10942350.0,26.45335578918457,2308.948974609375,266.3124389648437,0.0035725189372897,200.0,8000.0,0.0948439463973045,8.474509239196777,1.5,200
polymer_sensitivity_v1-0009-9c30f23a,45.0,136365.859375,11624179.0,24.158315658569336,2429.740478515625,266.0591735839844,0.0035608657635748,200.0,9000.0,0.0863319411873817,8.906168937683105,1.5,200
polymer_sensitivity_v1-0009-9c30f23a,50.0,126840.3984375,12258381.0,22.169095993041992,2540.5859375,265.8335876464844,0.0035493769682943,200.0,10000.0,0.0789667591452598,9.301003456115724,1.5,200
polymer_sensitivity_v1-0009-9c30f23a,55.0,118469.109375,12850726.0,20.37686920166016,2642.470458984375,265.6322937011719,0.0035368534736335,200.0,11000.0,0.0723258033394813,9.66263198852539,1.5,200
polymer_sensitivity_v1-0009-9c30f23a,60.0,111232.609375,13406889.0,18.52604866027832,2735.1005859375,265.4513854980469,0.0035168372560292,200.0,12000.0,0.0653830394148826,9.989547729492188,1.5,200
polymer_sensitivity_v1-0009-9c30f23a,70.0,99566.8671875,14402558.0,15.09877872467041,2886.08837890625,265.1507263183594,0.0034621087834239,200.0,14000.0,0.0524552203714847,10.514100074768066,1.5,200
polymer_sensitivity_v1-0009-9c30f23a,80.0,89984.890625,15302407.0,12.120317459106444,3007.29150390625,264.9010314941406,0.0033920374698936,200.0,16000.0,0.041252501308918,10.926624298095703,1.5,200
polymer_sensitivity_v1-0009-9c30f23a,100.0,76594.2109375,16834292.0,7.939305782318115,3166.07763671875,264.54656982421875,0.0032225048635154,200.0,20000.0,0.0256671626120805,11.43996810913086,1.5,200
polymer_sensitivity_v1-0009-9c30f23a,120.0,67491.59375,18184124.0,4.939497470855713,3264.86767578125,264.28594970703125,0.0029485989362001,200.0,24000.0,0.0146076688542962,11.732121467590332,1.5,200
polymer_sensitivity_v1-0009-9c30f23a,140.0,60993.3046875,19403990.0,3.2209789752960205,3329.287109375,264.09356689453125,0.0026224695611745,200.0,28000.0,0.0084691289812326,11.901503562927246,1.5,200
polymer_sensitivity_v1-0009-9c30f23a,160.0,58060.265625,20565194.0,36.81756591796875,4065.638427734375,263.84869384765625,0.0038192840293049,200.0,32000.0,0.141155868768692,14.724620819091797,1.5,200
polymer_sensitivity_v1-0009-9c30f23a,180.0,48915.75,21543510.0,2.583040237426758,4117.29931640625,263.7991943359375,0.0026389076374471,200.0,36000.0,0.0068344399333,14.861310005187988,1.5,200
polymer_sensitivity_v1-0009-9c30f23a,200.0,51628.80859375,22576086.0,31.39850807189941,4745.26953125,263.6367492675781,0.0039041466079652,200.0,40000.0,0.1230648383498191,17.322607040405273,1.5,200
polymer_sensitivity_v1-0009-9c30f23a,220.0,43884.0703125,23453768.0,2.317290544509888,4791.615234375,263.64373779296875,0.0026527340523898,200.0,44000.0,0.0061635058373212,17.445877075195312,1.5,200
polymer_sensitivity_v1-0009-9c30f23a,240.0,48218.4140625,24418136.0,28.94480323791504,5370.51123046875,263.5238037109375,0.0040058698505163,200.0,48000.0,0.1164154708385467,19.77418708801269,1.5,200
polymer_sensitivity_v1-0009-9c30f23a,260.0,41220.27734375,25242540.0,2.1765973567962646,5414.04345703125,263.5603942871094,0.0026646954938769,200.0,52000.0,0.0058154654689133,19.89049530029297,1.5,200
polymer_sensitivity_v1-0009-9c30f23a,280.0,46317.50390625,26168890.0,27.511058807373047,5964.2646484375,263.4642333984375,0.0041119451634585,200.0,56000.0,0.1135910376906395,22.162315368652344,1.5,200
polymer_sensitivity_v1-0009-9c30f23a,300.0,39769.375,26964278.0,2.099900484085083,6006.2626953125,263.5168762207031,0.0026751232799142,200.0,60000.0,0.0056325607001781,22.27496719360352,1.5,200
polymer_sensitivity_v1-0009-9c30f23a,320.0,45239.01171875,27869058.0,26.63433837890625,6538.94921875,263.4345092773437,0.0042181457392871,200.0,64000.0,0.1128234192728996,24.531435012817383,1.5,200
polymer_sensitivity_v1-0009-9c30f23a,340.0,38974.38671875,28648546.0,2.0579545497894287,6580.1083984375,263.4959411621094,0.0026844050735235,200.0,68000.0,0.0055392533540725,24.642221450805664,1.5,200
polymer_sensitivity_v1-0009-9c30f23a,360.0,44607.59375,29540698.0,26.07302665710449,7101.56884765625,263.421875,0.0043222843669354,200.0,72000.0,0.113184243440628,26.905906677246094,1.5,200
polymer_sensitivity_v1-0009-9c30f23a,380.0,38539.3125,30311484.0,2.0349841117858887,7142.2685546875,263.4883728027344,0.0026926691643893,200.0,76000.0,0.0054943333379924,27.015792846679688,1.5,200
polymer_sensitivity_v1-0009-9c30f23a,400.0,44220.53125,31195896.0,25.70563125610352,7656.38134765625,263.4194641113281,0.0044219163246452,200.0,80000.0,0.1141730174422264,29.29925346374512,1.5,200
polymer_sensitivity_v1-0009-9c30f23a,420.0,38294.1171875,31961778.0,2.022061824798584,7696.822265625,263.4888000488281,0.0027001372072845,200.0,84000.0,0.0054746260866522,29.40874481201172,1.5,200
polymer_sensitivity_v1-0009-9c30f23a,440.0,43969.8125,32841174.0,25.482929229736328,8206.4814453125,263.4233093261719,0.0045103495940566,200.0,88000.0,0.115457683801651,31.71789932250977,1.5,200
polymer_sensitivity_v1-0009-9c30f23a,460.0,38162.703125,33604428.0,2.015122175216675,8246.783203125,263.4943542480469,0.0027069479692727,200.0,92000.0,0.0054696374572813,31.82729148864746,1.5,200
polymer_sensitivity_v1-0009-9c30f23a,480.0,43766.72265625,34479764.0,25.337013244628903,8753.5234375,263.43243408203125,0.0045958268456161,200.0,96000.0,0.1169821545481681,34.166934967041016,1.5,200
polymer_sensitivity_v1-0009-9c30f23a,489.4117736816406,35618.578125,34814996.0,1.880777359008789,8771.2255859375,263.48370361328125,0.0027023442089557,200.0,97882.3515625,0.0050962795503437,34.214900970458984,1.5,200
polymer_sensitivity_v1-0009-9c30f23a,494.7058715820313,45801.28125,35057472.0,36.45660400390625,8964.23046875,263.4523620605469,0.0047090826556086,200.0,98941.1796875,0.1724894344806671,35.12807846069336,1.5,200
polymer_sensitivity_v1-0009-9c30f23a,500.0,34380.4609375,35239488.0,1.8154000043869016,8973.841796875,263.4860534667969,0.0027031854260712,200.0,100000.0,0.0049206642434,35.15412902832031,1.5,200
polymer_sensitivity_v1-0009-9c30f23a,509.5294189453125,44435.69140625,35662932.0,29.29833984375,9253.0380859375,263.4472045898437,0.0047284914180636,200.0,101905.8828125,0.1391951292753219,36.48057556152344,1.5,200
polymer_sensitivity_v1-0009-9c30f23a,520.0,36365.78125,36043704.0,1.9202358722686768,9273.1435546875,263.4987487792969,0.0027060243301093,200.0,104000.0,0.0052103046327829,36.535133361816406,1.5,200
polymer_sensitivity_v1-0009-9c30f23a,530.0,44490.6640625,36488612.0,29.413166046142575,9567.275390625,263.45684814453125,0.0047884779050946,200.0,106000.0,0.1415219753980636,37.95035171508789,1.5,200
polymer_sensitivity_v1-0009-9c30f23a,540.0,36372.98046875,36852340.0,1.920621395111084,9586.4814453125,263.50616455078125,0.0027077363338321,200.0,108000.0,0.0052146562375128,38.00249862670898,1.5,200
polymer_sensitivity_v1-0009-9c30f23a,550.0,44471.5,37297056.0,28.89730262756348,9875.4541015625,263.4647216796875,0.0048391297459602,200.0,110000.0,0.1405177861452102,39.407676696777344,1.5,200
polymer_sensitivity_v1-0009-9c30f23a,560.0,36469.2109375,37661748.0,1.925707221031189,9894.7119140625,263.5133972167969,0.0027089691720902,200.0,112000.0,0.0052308519370853,39.4599838256836,1.5,200
polymer_sensitivity_v1-0009-9c30f23a,570.0,44449.58984375,38106244.0,28.43082427978516,10179.01953125,263.47271728515625,0.0048858993686735,200.0,114000.0,0.1395921856164932,40.85590744018555,1.5,200
polymer_sensitivity_v1-0009-9c30f23a,580.0,36552.8359375,38471772.0,1.930126667022705,10198.3212890625,263.5213317871094,0.0027098048012703,200.0,116000.0,0.0052444781176745,40.90835189819336,1.5,200
polymer_sensitivity_v1-0009-9c30f23a,600.0,43267.69140625,39337128.0,23.226451873779297,10662.8505859375,263.4703674316406,0.0048972661606967,200.0,120000.0,0.1143059134483337,43.1944694519043,1.5,200
polymer_sensitivity_v1-0009-9c30f23a,620.0,38112.3828125,40099376.0,2.012482166290283,10703.099609375,263.5454406738281,0.0027124683838337,200.0,124000.0,0.0054736412130296,43.3039436340332,1.5,200
polymer_sensitivity_v1-0009-9c30f23a,640.0,43304.22265625,40965460.0,23.64046287536621,11175.9091796875,263.49151611328125,0.0049487892538309,200.0,128000.0,0.1175735145807266,45.65541458129883,1.5,200
polymer_sensitivity_v1-0009-9c30f23a,660.0,38177.4765625,41729008.0,2.0159192085266118,11216.2275390625,263.567138671875,0.0027152074035257,200.0,132000.0,0.0054885414429008,45.76518249511719,1.5,200
polymer_sensitivity_v1-0009-9c30f23a,680.0,43229.46484375,42593596.0,23.744497299194336,11691.1171875,263.51287841796875,0.0049896356649696,200.0,136000.0,0.1190705075860023,48.1465950012207,1.5,200
polymer_sensitivity_v1-0009-9c30f23a,700.0,38195.53125,43357508.0,2.016871452331543,11731.455078125,263.5887756347656,0.0027181440964341,200.0,140000.0,0.0054970891214907,48.256534576416016,1.5,200
polymer_sensitivity_v1-0009-9c30f23a,720.0,43156.9296875,44220648.0,23.896488189697266,12209.384765625,263.5340881347656,0.005024820100516,200.0,144000.0,0.120681956410408,50.67017364501953,1.5,200
polymer_sensitivity_v1-0009-9c30f23a,740.0,38187.0546875,44984388.0,2.016422271728516,12249.712890625,263.6112060546875,0.0027214235160499,200.0,148000.0,0.0055025136098265,50.78022384643555,1.5,200
polymer_sensitivity_v1-0009-9c30f23a,760.0,43079.48828125,45845976.0,24.12022399902344,12732.1171875,263.5559387207031,0.0050556985661387,200.0,152000.0,0.1225642263889312,53.23151016235352,1.5,200
polymer_sensitivity_v1-0009-9c30f23a,780.0,38169.4140625,46609364.0,2.015488147735596,12772.427734375,263.6348571777344,0.0027251918800175,200.0,156000.0,0.0055076009593904,53.3416633605957,1.5,200
polymer_sensitivity_v1-0009-9c30f23a,800.0,42996.4375,47469296.0,24.395828247070312,13260.34375,263.5792541503906,0.0050824922509491,200.0,160000.0,0.1246250122785568,55.83416366577149,1.5,200
polymer_sensitivity_v1-0009-9c30f23a,820.0,38222.16015625,48233736.0,2.018270969390869,13300.708984375,263.6615905761719,0.0027295958716422,200.0,164000.0,0.0055241431109607,55.94464492797852,1.5,200
polymer_sensitivity_v1-0009-9c30f23a,840.0,42971.046875,49093160.0,24.673643112182617,13794.181640625,263.60504150390625,0.0051044626161456,200.0,168000.0,0.1265918761491775,58.47648239135742,1.5,200
polymer_sensitivity_v1-0009-9c30f23a,860.0,38283.05078125,49858820.0,2.0214836597442627,13834.611328125,263.6878356933594,0.0027347228024154,200.0,172000.0,0.0055433567613363,58.58734893798828,1.5,200
polymer_sensitivity_v1-0009-9c30f23a,880.0,42929.77734375,50717416.0,24.992382049560547,14334.458984375,263.62823486328125,0.0051231235265731,200.0,176000.0,0.128698393702507,61.16131591796875,1.5,200
polymer_sensitivity_v1-0009-9c30f23a,900.0,38314.546875,51483708.0,2.0231430530548096,14374.921875,263.7120361328125,0.0027406550943851,200.0,180000.0,0.005559975747019,61.27251815795898,1.5,200
polymer_sensitivity_v1-0009-9c30f23a,920.0,42864.44921875,52340996.0,25.34722328186035,14881.8671875,263.6508178710937,0.0051389085128903,200.0,184000.0,0.1309298872947693,63.89111328125,1.5,200
polymer_sensitivity_v1-0009-9c30f23a,940.0,38311.75390625,53107232.0,2.02299165725708,14922.326171875,263.73687744140625,0.0027474546805024,200.0,188000.0,0.0055733905173838,64.0025863647461,1.5,200
polymer_sensitivity_v1-0009-9c30f23a,960.0,42781.96875,53962868.0,25.73474884033203,15437.021484375,263.6744689941406,0.0051523614674806,200.0,192000.0,0.1332814395427703,66.668212890625,1.5,200
polymer_sensitivity_v1-0009-9c30f23a,980.0,38313.109375,54729132.0,2.0230588912963867,15477.482421875,263.7631530761719,0.0027551751118153,200.0,196000.0,0.0055892807431519,66.77999877929688,1.5,200
polymer_sensitivity_v1-0009-9c30f23a,1000.0,42712.95703125,55583392.0,26.15798759460449,16000.642578125,263.6988830566406,0.0051636951975524,200.0,200000.0,0.1357729583978653,69.49545288085938,1.5,200
polymer_sensitivity_v1-0009-9c30f23a,1020.0,38321.79296875,56349828.0,2.023512601852417,16041.1123046875,263.7901916503906,0.0027638566680252,200.0,204000.0,0.0056081996299326,69.60762023925781,1.5,200
polymer_sensitivity_v1-0009-9c30f23a,1040.0,42623.1640625,57202292.0,26.59126091003418,16572.9375,263.7256774902344,0.0051733017899096,200.0,208000.0,0.1382799744606018,72.37322235107422,1.5,200
polymer_sensitivity_v1-0009-9c30f23a,1060.0,38294.4375,57968180.0,2.0220630168914795,16613.37890625,263.8208312988281,0.0027735035400837,200.0,212000.0,0.0056237964890897,72.4856948852539,1.5,200
polymer_sensitivity_v1-0009-9c30f23a,1080.0,42554.32421875,58819264.0,27.027210235595703,17153.923828125,263.753662109375,0.0051816990599036,200.0,216000.0,0.1407763212919235,75.30122375488281,1.5,200
polymer_sensitivity_v1-0009-9c30f23a,1100.0,38304.34375,59585352.0,2.0225818157196045,17194.375,263.8495483398437,0.0027840766124427,200.0,220000.0,0.0056467433460056,75.41415405273438,1.5,200
polymer_sensitivity_v1-0009-9c30f23a,1120.0,42508.16796875,60435516.0,27.459117889404297,17743.556640625,263.7802429199219,0.005189434159547,200.0,224000.0,0.1432406157255172,78.27896881103516,1.5,200
polymer_sensitivity_v1-0009-9c30f23a,1140.0,38320.08984375,61201916.0,2.023411512374878,17784.025390625,263.8770751953125,0.0027952753007411,200.0,228000.0,0.0056718466803431,78.39240264892578,1.5,200
polymer_sensitivity_v1-0009-9c30f23a,1160.0,42482.9375,62051576.0,27.7639217376709,18339.3046875,263.8055419921875,0.0051942765712738,200.0,232000.0,0.1449664682149887,81.29173278808594,1.5,200
polymer_sensitivity_v1-0009-9c30f23a,1180.0,38364.9765625,62818876.0,2.025780200958252,18379.8203125,263.90252685546875,0.0028069354593753,200.0,236000.0,0.0057022399269044,81.40577697753906,1.5,200
polymer_sensitivity_v1-0009-9c30f23a,1200.0,42488.8671875,63668652.0,28.038881301879883,18940.59765625,263.8291931152344,0.0051968158222734,200.0,240000.0,0.1464740931987762,84.33526611328125,1.5,200
polymer_sensitivity_v1-0009-9c30f23a,1220.0,38407.04296875,64436792.0,2.0279998779296875,18981.158203125,263.92626953125,0.002819019369781,200.0,244000.0,0.005733132828027,84.4499282836914,1.5,200
polymer_sensitivity_v1-0009-9c30f23a,1240.0,42474.40234375,65286280.0,28.311935424804688,19547.396484375,263.85125732421875,0.0051976582035422,200.0,248000.0,0.1479246318340301,87.40841674804688,1.5,200
polymer_sensitivity_v1-0009-9c30f23a,1260.0,38426.71484375,66054816.0,2.029036521911621,19587.9765625,263.9487609863281,0.0028315258678048,200.0,252000.0,0.0057615838013589,87.52365112304688,1.5,200
polymer_sensitivity_v1-0009-9c30f23a,1285.0,42170.6484375,67109080.0,27.26407623291016,20269.578125,263.86676025390625,0.0051908656023442,200.0,257000.0,0.1422626227140426,91.08021545410156,1.5,200
polymer_sensitivity_v1-0009-9c30f23a,1310.0,38849.60546875,68080320.0,2.0513641834259038,20320.86328125,263.9770812988281,0.002848393516615,200.0,262000.0,0.0058597833849489,91.2267074584961,1.5,200
polymer_sensitivity_v1-0009-9c30f23a,1335.0,42179.15625,69134800.0,27.771398544311523,21015.1484375,263.8908996582031,0.0051773483864963,200.0,267000.0,0.1445304900407791,94.83997344970705,1.5,200
polymer_sensitivity_v1-0009-9c30f23a,1360.0,38886.1015625,70106952.0,2.053288459777832,21066.48046875,264.00115966796875,0.0028660849202424,200.0,272000.0,0.0059018139727413,94.98751831054688,1.5,200
polymer_sensitivity_v1-0009-9c30f23a,1385.0,42153.9296875,71160800.0,28.14463806152344,21770.095703125,263.9129333496094,0.0051624495536088,200.0,277000.0,0.1460492461919784,98.63874816894533,1.5,200
polymer_sensitivity_v1-0009-9c30f23a,1410.0,38891.7421875,72133096.0,2.0535829067230225,21821.435546875,264.0243225097656,0.0028845104388892,200.0,282000.0,0.0059407176449894,98.78726959228516,1.5,200
polymer_sensitivity_v1-0009-9c30f23a,1435.0,42106.67578125,73185760.0,28.483983993530277,22533.53515625,263.93505859375,0.005148050840944,200.0,287000.0,0.1473958045244217,102.47216033935548,1.5,200
polymer_sensitivity_v1-0009-9c30f23a,1460.0,38912.68359375,74158576.0,2.0546860694885254,22584.90234375,264.0466613769531,0.0029035904444754,200.0,292000.0,0.005983340088278,102.62174224853516,1.5,200
polymer_sensitivity_v1-0009-9c30f23a,1485.0,42044.09765625,75209680.0,28.78302955627441,23304.478515625,263.9573669433594,0.0051349708810448,200.0,297000.0,0.148562878370285,106.3358154296875,1.5,200
polymer_sensitivity_v1-0009-9c30f23a,1510.0,38910.55078125,76182448.0,2.05457067489624,23355.841796875,264.0694885253906,0.0029232585802674,200.0,302000.0,0.0060236500576138,106.48640441894533,1.5,200
polymer_sensitivity_v1-0009-9c30f23a,1535.0,41979.35546875,77231928.0,29.06293296813965,24082.416015625,263.9800109863281,0.0051236781291663,200.0,307000.0,0.1496760100126266,110.22830963134766,1.5,200
polymer_sensitivity_v1-0009-9c30f23a,1560.0,38904.62109375,78204544.0,2.0542547702789307,24133.771484375,264.09259033203125,0.0029434619937092,200.0,312000.0,0.0060644713230431,110.37992095947266,1.5,200
polymer_sensitivity_v1-0009-9c30f23a,1585.0,41912.796875,79252368.0,29.331144332885746,24867.05078125,264.0034484863281,0.0051143406890332,200.0,317000.0,0.1507806181907653,114.1494369506836,1.5,200
polymer_sensitivity_v1-0009-9c30f23a,1610.0,38899.046875,80224840.0,2.053957939147949,24918.3984375,264.1164245605469,0.002964154118672,200.0,322000.0,0.0061063477769494,114.30209350585938,1.5,200
polymer_sensitivity_v1-0009-9c30f23a,1635.0,41842.43359375,81270904.0,29.58940315246582,25658.134765625,264.0279541015625,0.0051069767214357,200.0,327000.0,0.1518880873918533,118.09929656982422,1.5,200
polymer_sensitivity_v1-0009-9c30f23a,1660.0,38890.4609375,82243160.0,2.053501844406128,25709.47265625,264.1415710449219,0.0029852935113012,200.0,332000.0,0.0061486610211431,118.25301361083984,1.5,200
polymer_sensitivity_v1-0009-9c30f23a,1685.0,41797.6796875,83288104.0,29.829442977905277,26455.208984375,264.0528259277344,0.0050986758433282,200.0,337000.0,0.1528700888156891,122.07476806640624,1.5,200
polymer_sensitivity_v1-0009-9c30f23a,1710.0,38885.6328125,84260248.0,2.0532445907592773,26506.5390625,264.1672058105469,0.003006829181686,200.0,342000.0,0.0061923749744892,122.22957611083984,1.5,200
polymer_sensitivity_v1-0009-9c30f23a,1735.0,41758.7265625,85304216.0,30.044580459594727,27257.654296875,264.0781555175781,0.0050923898816108,200.0,347000.0,0.153781846165657,126.0741195678711,1.5,200
polymer_sensitivity_v1-0009-9c30f23a,1760.0,38876.3671875,86276128.0,2.05275297164917,27308.97265625,264.1943054199219,0.003028733190149,200.0,352000.0,0.0062361285090446,126.2300262451172,1.5,200
polymer_sensitivity_v1-0009-9c30f23a,1785.0,41709.6796875,87318864.0,30.21270179748535,28064.291015625,264.1051025390625,0.0050880401395261,200.0,357000.0,0.1545096039772033,130.09275817871094,1.5,200
polymer_sensitivity_v1-0009-9c30f23a,1810.0,38892.390625,88291176.0,2.0535967350006104,28115.630859375,264.2218017578125,0.0030509708449244,200.0,362000.0,0.0062846383079886,130.2498779296875,1.5,200
polymer_sensitivity_v1-0009-9c30f23a,1835.0,41677.89453125,89333120.0,30.356231689453125,28874.53515625,264.1317749023437,0.0050854231230914,200.0,367000.0,0.1551633477210998,134.12896728515625,1.5,200
polymer_sensitivity_v1-0009-9c30f23a,1860.0,38891.48828125,90305408.0,2.053546905517578,28925.875,264.2498779296875,0.0030735076870769,200.0,372000.0,0.0063310507684946,134.28724670410156,1.5,200
polymer_sensitivity_v1-0009-9c30f23a,1885.0,41621.875,91345960.0,30.48778343200684,29688.068359375,264.15997314453125,0.0050847851671278,200.0,377000.0,0.1558161228895187,138.18264770507812,1.5,200
polymer_sensitivity_v1-0009-9c30f23a,1910.0,38888.8515625,92318176.0,2.05340576171875,29739.404296875,264.2801513671875,0.0030963241588324,200.0,382000.0,0.0063777570612728,138.3420867919922,1.5,200
polymer_sensitivity_v1-0009-9c30f23a,1935.0,41578.79296875,93357648.0,30.60421562194824,30504.509765625,264.18951416015625,0.0050857560709118,200.0,387000.0,0.156441181898117,142.25311279296875,1.5,200
polymer_sensitivity_v1-0009-9c30f23a,1960.0,38899.31640625,94330128.0,2.0539562702178955,30555.859375,264.3110656738281,0.0031193955801427,200.0,392000.0,0.0064271511510014,142.41378784179688,1.5,200
polymer_sensitivity_v1-0009-9c30f23a,1985.0,41529.89453125,95368376.0,30.718305587768555,31323.81640625,264.2200622558594,0.0050883339717984,200.0,397000.0,0.1571043878793716,146.34140014648438,1.5,200
polymer_sensitivity_v1-0009-9c30f23a,2010.0,38900.58984375,96340896.0,2.0540213584899902,31375.166015625,264.3431091308594,0.0031427026260644,200.0,402000.0,0.0064755291678011,146.5032958984375,1.5,200
polymer_sensitivity_v1-0009-9c30f23a,2035.0,41472.10546875,97377696.0,30.827280044555664,32145.849609375,264.2520446777344,0.0050924979150295,200.0,407000.0,0.157791405916214,150.4480743408203,1.5,200
polymer_sensitivity_v1-0009-9c30f23a,2060.0,38884.06640625,98349800.0,2.0531466007232666,32197.177734375,264.3773498535156,0.0031662252731621,200.0,412000.0,0.006521372590214,150.61111450195312,1.5,200
polymer_sensitivity_v1-0009-9c30f23a,2085.0,41414.71484375,99385168.0,30.931560516357425,32970.46484375,264.2862854003906,0.0050981873646378,200.0,417000.0,0.1585029661655426,154.5736846923828,1.5,200
polymer_sensitivity_v1-0009-9c30f23a,2110.0,38885.02734375,100357288.0,2.0531954765319824,33021.796875,264.4130554199219,0.0031899455934762,200.0,422000.0,0.0065705417655408,154.73794555664062,1.5,200
polymer_sensitivity_v1-0009-9c30f23a,2135.0,41627.75,101397984.0,31.089324951171875,33799.03125,264.3119201660156,0.0051046116277575,200.0,427000.0,0.1595131754875183,158.7257843017578,1.5,200
polymer_sensitivity_v1-0009-9c30f23a,2160.0,39349.26953125,102381720.0,2.077853202819824,33850.9765625,264.4237670898437,0.0032140195835381,200.0,432000.0,0.0066997944377362,158.89328002929688,1.5,200
polymer_sensitivity_v1-0009-9c30f23a,2185.0,41811.1953125,103427000.0,31.276966094970703,34632.8984375,264.3143005371094,0.0051113879308104,200.0,437000.0,0.160690039396286,162.9105224609375,1.5,200
polymer_sensitivity_v1-0009-9c30f23a,2210.0,39380.51953125,104411512.0,2.079550743103028,34684.88671875,264.4290466308594,0.0032382500357925,200.0,442000.0,0.0067559829913079,163.0794219970703,1.5,200
polymer_sensitivity_v1-0009-9c30f23a,2235.0,41693.9453125,105453856.0,31.368457794189453,35469.1015625,264.3221435546875,0.0051196319982409,200.0,447000.0,0.1614213734865188,167.11495971679688,1.5,200
polymer_sensitivity_v1-0009-9c30f23a,2260.0,39281.125,106435888.0,2.0741090774536133,35520.953125,264.4416198730469,0.0032624546438455,200.0,452000.0,0.0067888344638049,167.28468322753906,1.5,200
polymer_sensitivity_v1-0009-9c30f23a,2285.0,41555.09765625,107474760.0,31.43825912475586,36306.91015625,264.3370361328125,0.0051293363794684,200.0,457000.0,0.1620888113975525,171.33689880371094,1.5,200
polymer_sensitivity_v1-0009-9c30f23a,2310.0,39198.37109375,108454720.0,2.06973648071289,36358.65234375,264.46063232421875,0.0032870112918317,200.0,462000.0,0.0068256831727921,171.50753784179688,1.5,200
polymer_sensitivity_v1-0009-9c30f23a,2335.0,41450.68359375,109490992.0,31.51302146911621,37146.4765625,264.3569030761719,0.00514019979164,200.0,467000.0,0.1628201603889465,175.5780487060547,1.5,200
polymer_sensitivity_v1-0009-9c30f23a,2360.0,39152.26953125,110469800.0,2.0672996044158936,37198.16015625,264.483642578125,0.003311738371849,200.0,472000.0,0.0068691042251884,175.74977111816406,1.5,200
polymer_sensitivity_v1-0009-9c30f23a,2385.0,41301.26953125,111502328.0,31.69527244567871,37990.54296875,264.38238525390625,0.0051506259478628,200.0,477000.0,0.1640956848859787,179.8521728515625,1.5,200
polymer_sensitivity_v1-0009-9c30f23a,2410.0,39084.4375,112479440.0,2.0637943744659424,38042.13671875,264.51153564453125,0.0033367220312356,200.0,482000.0,0.0069093629717826,180.02490234375,1.5,200
polymer_sensitivity_v1-0009-9c30f23a,2435.0,41250.59375,113510704.0,31.85654640197754,38838.55078125,264.4102478027344,0.0051633794791996,200.0,487000.0,0.165341168642044,184.15843200683597,1.5,200
polymer_sensitivity_v1-0009-9c30f23a,2460.0,39065.89453125,114487352.0,2.062816381454468,38890.12109375,264.5402526855469,0.0033617839217185,200.0,492000.0,0.0069581349380314,184.33238220214844,1.5,200
polymer_sensitivity_v1-0009-9c30f23a,2485.0,41233.8125,115518200.0,32.01607131958008,39690.5234375,264.4378662109375,0.0051775593310594,200.0,497000.0,0.1666278541088104,188.49807739257807,1.5,200
polymer_sensitivity_v1-0009-9c30f23a,2510.0,39093.85546875,116495544.0,2.06436824798584,39742.1328125,264.56707763671875,0.0033870507031679,200.0,502000.0,0.007015882525593,188.6734771728516,1.5,200
polymer_sensitivity_v1-0009-9c30f23a,2535.0,41250.01953125,117526792.0,32.18218231201172,40546.6875,264.4623718261719,0.0051930379122495,200.0,507000.0,0.1679957062005996,192.8733673095703,1.5,200
polymer_sensitivity_v1-0009-9c30f23a,2560.0,39107.56640625,118504480.0,2.0651895999908447,40598.31640625,264.59210205078125,0.0034124741796404,200.0,512000.0,0.0070715374313294,193.05015563964844,1.5,200
polymer_sensitivity_v1-0009-9c30f23a,2585.0,41273.359375,119536320.0,32.212738037109375,41403.63671875,264.4862060546875,0.0052115847356617,200.0,517000.0,0.1687589138746261,197.2691345214844,1.5,200
polymer_sensitivity_v1-0009-9c30f23a,2610.0,39118.71484375,120514288.0,2.0657331943511963,41455.27734375,264.6176452636719,0.003437882522121,200.0,522000.0,0.0071262475103139,197.44728088378903,1.5,200
polymer_sensitivity_v1-0009-9c30f23a,2635.0,41241.7734375,121545328.0,32.2924919128418,42262.58984375,264.5096435546875,0.0052297478541731,200.0,527000.0,0.1697694361209869,201.6915283203125,1.5,200
polymer_sensitivity_v1-0009-9c30f23a,2660.0,39159.6640625,122524320.0,2.0678508281707764,42314.2890625,264.6419372558594,0.0034634515177458,200.0,532000.0,0.0071867923252284,201.8711853027344,1.5,200
polymer_sensitivity_v1-0009-9c30f23a,2685.0,41203.93359375,123554416.0,32.387451171875,43123.97265625,264.5322265625,0.0052480343729257,200.0,537000.0,0.1708671599626541,206.1428680419922,1.5,200
polymer_sensitivity_v1-0009-9c30f23a,2710.0,39177.83984375,124533864.0,2.0685606002807617,43175.6875,264.6661682128906,0.0034890288952738,200.0,542000.0,0.007242536637932,206.3239288330078,1.5,200
polymer_sensitivity_v1-0009-9c30f23a,2735.0,41154.30078125,125562720.0,32.49406433105469,43988.0390625,264.554931640625,0.0052662882953882,200.0,547000.0,0.1720290631055832,210.62466430664065,1.5,200
polymer_sensitivity_v1-0009-9c30f23a,2760.0,39216.32421875,126543128.0,2.0705723762512207,44039.8046875,264.689453125,0.003514917101711,200.0,552000.0,0.0073035615496337,210.8072509765625,1.5,200
polymer_sensitivity_v1-0009-9c30f23a,2785.0,41086.05859375,127570280.0,32.62872695922852,44855.51953125,264.5780334472656,0.0052860579453408,200.0,557000.0,0.1733939200639724,215.14210510253903,1.5,200
polymer_sensitivity_v1-0009-9c30f23a,2810.0,39194.58203125,128550144.0,2.340381145477295,44914.03125,264.7126770019531,0.0037463321350514,200.0,562000.0,0.0088008157908916,215.36212158203125,1.5,200
polymer_sensitivity_v1-0009-9c30f23a,2835.0,40985.8984375,129574792.0,7.606359004974365,45104.19140625,264.7462158203125,0.0048026405274868,200.0,567000.0,0.0367068983614444,216.27978515625,1.5,200
polymer_sensitivity_v1-0009-9c30f23a,2860.0,41350.27734375,130608552.0,7.711903095245361,45296.98828125,264.7676696777344,0.0048038428649306,200.0,572000.0,0.0372255966067314,217.2104339599609,1.5,200
polymer_sensitivity_v1-0009-9c30f23a,2885.0,41460.65234375,131645064.0,7.738304615020752,45490.4453125,264.786376953125,0.0048046950250864,200.0,577000.0,0.0373596958816051,218.14442443847656,1.5,200
polymer_sensitivity_v1-0009-9c30f23a,2910.0,41497.35546875,132682504.0,7.752558708190918,45684.2578125,264.8042297363281,0.0048076487146317,200.0,582000.0,0.0374516285955905,219.08071899414065,1.5,200
polymer_sensitivity_v1-0009-9c30f23a,2935.0,41506.59765625,133720168.0,7.762924671173096,45878.33203125,264.82196044921875,0.0048123490996658,200.0,587000.0,0.0375385507941246,220.0191802978516,1.5,200
polymer_sensitivity_v1-0009-9c30f23a,2960.0,41497.578125,134757600.0,7.77152156829834,46072.62109375,264.84014892578125,0.0048185507766902,200.0,592000.0,0.0376287885010242,220.95989990234372,1.5,200
polymer_sensitivity_v1-0009-9c30f23a,3010.0,41472.875,136831248.0,7.8093461990356445,46463.0859375,264.87774658203125,0.0048361551016569,200.0,602000.0,0.0379507467150688,222.85743713378903,1.5,200
polymer_sensitivity_v1-0009-9c30f23a,3060.0,41440.3125,138903264.0,7.824213027954102,46854.296875,264.9173889160156,0.0048559117130935,200.0,612000.0,0.0381790809333324,224.76638793945312,1.5,200
polymer_sensitivity_v1-0009-9c30f23a,3160.0,41437.3515625,143047008.0,7.886692047119141,47642.96875,264.9953918457031,0.004904065746814,200.0,632000.0,0.0388674661517143,228.65313720703125,1.5,200
polymer_sensitivity_v1-0009-9c30f23a,3260.0,41443.2578125,147191328.0,7.9368896484375,48436.65625,265.0731811523437,0.0049567907117307,200.0,652000.0,0.0395374782383441,232.6068878173828,1.5,200
polymer_sensitivity_v1-0009-9c30f23a,3360.0,41421.7734375,151333504.0,7.987034797668457,49235.359375,265.153076171875,0.0050136945210397,200.0,672000.0,0.0402463339269161,236.6315155029297,1.5,200
polymer_sensitivity_v1-0009-9c30f23a,3460.0,41398.9140625,155473392.0,8.039857864379883,50039.34375,265.2356262207031,0.0050737047567963,200.0,692000.0,0.040999885648489,240.73150634765625,1.5,200
polymer_sensitivity_v1-0009-9c30f23a,3560.0,41346.24609375,159608016.0,8.08858585357666,50848.203125,265.3256530761719,0.0051361666992306,200.0,712000.0,0.0417588055133819,244.90737915039065,1.5,200
polymer_sensitivity_v1-0009-9c30f23a,3660.0,41340.3515625,163742048.0,8.148744583129883,51663.078125,265.4166259765625,0.0052007739432156,200.0,732000.0,0.0426013395190238,249.1675262451172,1.5,200
polymer_sensitivity_v1-0009-9c30f23a,3760.0,41363.4921875,167878400.0,8.216937065124512,52484.7734375,265.503662109375,0.0052673667669296,200.0,752000.0,0.0435108058154583,253.5186004638672,1.5,200
polymer_sensitivity_v1-0009-9c30f23a,3860.0,41379.1875,172016320.0,8.285433769226074,53313.31640625,265.5878295898437,0.00533586461097,200.0,772000.0,0.0444471165537834,257.9633178710937,1.5,200
polymer_sensitivity_v1-0009-9c30f23a,3960.0,41401.96484375,176156512.0,8.358203887939453,54149.13671875,265.6681823730469,0.0054062879644334,200.0,792000.0,0.0454324781894683,262.5065612792969,1.5,200
polymer_sensitivity_v1-0009-9c30f23a,4060.0,41374.203125,180293936.0,8.423842430114746,54991.51953125,265.75244140625,0.0054786745458841,200.0,812000.0,0.0464057326316833,267.1471252441406,1.5,200
polymer_sensitivity_v1-0009-9c30f23a,4160.0,41311.01171875,184425040.0,8.486080169677734,55840.12890625,265.8453674316406,0.0055531496182084,200.0,832000.0,0.0473876222968101,271.8858947753906,1.5,200
polymer_sensitivity_v1-0009-9c30f23a,4260.0,41260.97265625,188551136.0,8.553860664367676,56695.515625,265.9452209472656,0.0056298533454537,200.0,852000.0,0.0484296306967735,276.7288513183594,1.5,200
polymer_sensitivity_v1-0009-9c30f23a,4360.0,41248.87890625,192676032.0,8.633234977722168,57558.83984375,266.0462646484375,0.0057090250775218,200.0,872000.0,0.0495703518390655,281.6858825683594,1.5,200
polymer_sensitivity_v1-0009-9c30f23a,4460.0,41259.80859375,196802000.0,8.72435188293457,58431.2734375,266.14471435546875,0.0057910014875233,200.0,892000.0,0.0508170202374458,286.7676086425781,1.5,200
polymer_sensitivity_v1-0009-9c30f23a,4560.0,41249.25390625,200926928.0,8.817401885986328,59313.01171875,266.244873046875,0.0058756116777658,200.0,912000.0,0.0521138310432434,291.9789733886719,1.5,200
polymer_sensitivity_v1-0009-9c30f23a,4660.0,41217.16015625,205048640.0,8.91312313079834,60204.32421875,266.35064697265625,0.0059637972153723,200.0,932000.0,0.0534749738872051,297.32647705078125,1.5,200
polymer_sensitivity_v1-0009-9c30f23a,4760.0,41147.3203125,209163376.0,9.01076602935791,61105.40234375,266.46612548828125,0.0060560712590813,200.0,952000.0,0.0549023374915123,302.81671142578125,1.5,200
polymer_sensitivity_v1-0009-9c30f23a,4860.0,41038.3515625,213267216.0,9.110519409179688,62016.453125,266.5976867675781,0.0061530065722763,200.0,972000.0,0.0564041398465633,308.4571228027344,1.5,200
polymer_sensitivity_v1-0009-9c30f23a,4960.0,40908.7109375,217358080.0,9.21733856201172,62938.1875,266.7485046386719,0.0062552844174206,200.0,992000.0,0.0580200031399726,314.2591247558594,1.5,200
polymer_sensitivity_v1-0009-9c30f23a,5060.0,40727.65625,221430848.0,9.330305099487305,63871.21875,266.92730712890625,0.0063624568283557,200.0,1012000.0,0.0597437806427478,320.2334899902344,1.5,200
polymer_sensitivity_v1-0009-9c30f23a,5160.0,40535.41015625,225484400.0,9.464486122131348,64817.66796875,267.1349182128906,0.0064744241535663,200.0,1032000.0,0.0616764165461063,326.4011535644531,1.5,200
polymer_sensitivity_v1-0009-9c30f23a,5260.0,40377.94921875,229522192.0,9.629236221313477,65780.59375,267.3666381835937,0.0065925591625273,200.0,1052000.0,0.0639025866985321,332.7914123535156,1.5,200
polymer_sensitivity_v1-0009-9c30f23a,5360.0,40193.25390625,233541520.0,9.822630882263184,66762.8515625,267.6316223144531,0.0067181745544075,200.0,1072000.0,0.0664364770054817,339.43505859375,1.5,200
polymer_sensitivity_v1-0009-9c30f23a,5460.0,40040.21875,237545536.0,10.067214012145996,67769.578125,267.9164733886719,0.0068540419451892,200.0,1092000.0,0.069477304816246,346.3827819824219,1.5,200
polymer_sensitivity_v1-0009-9c30f23a,5560.0,39899.91015625,241535520.0,10.36622714996338,68806.1953125,268.21795654296875,0.0070032100193202,200.0,1112000.0,0.0731088668107986,353.69366455078125,1.5,200
polymer_sensitivity_v1-0009-9c30f23a,5660.0,39709.79296875,245506512.0,10.724251747131348,69878.625,268.5433044433594,0.0071694473735988,200.0,1132000.0,0.0774421766400337,361.4378967285156,1.5,200
polymer_sensitivity_v1-0009-9c30f23a,5760.0,39604.81640625,249466992.0,11.183401107788086,70996.9609375,268.8747253417969,0.0073575372807681,200.0,1152000.0,0.0828921794891357,369.7271118164063,1.5,200
polymer_sensitivity_v1-0009-9c30f23a,5860.0,39465.36328125,253413520.0,11.7454252243042,72171.5078125,269.2166748046875,0.0075722825713455,200.0,1172000.0,0.089618295431137,378.6889343261719,1.5,200
polymer_sensitivity_v1-0009-9c30f23a,5960.0,39292.19140625,257342736.0,12.440649032592772,73415.5703125,269.57037353515625,0.0078236097469925,200.0,1192000.0,0.0980982705950737,388.4987487792969,1.5,200
polymer_sensitivity_v1-0009-9c30f23a,6060.0,39138.33984375,261256576.0,13.3466215133667,74750.234375,269.9276733398437,0.0081220120191574,200.0,1212000.0,0.109289065003395,399.42767333984375,1.5,200
polymer_sensitivity_v1-0009-9c30f23a,6160.0,38760.78125,265132656.0,14.502352714538574,76200.46875,270.3193664550781,0.0084753101691603,200.0,1232000.0,0.1239625662565231,411.8239135742188,1.5,200
polymer_sensitivity_v1-0009-9c30f23a,6260.0,38269.13671875,268959552.0,16.097740173339844,77810.2421875,270.75360107421875,0.0089181046932935,200.0,1252000.0,0.1448531448841095,426.3092346191406,1.5,200
polymer_sensitivity_v1-0009-9c30f23a,6360.0,37633.94140625,272722976.0,18.3736629486084,79647.609375,271.2371520996094,0.0096349101513624,200.0,1272000.0,0.1787508279085159,444.184326171875,1.5,200
polymer_sensitivity_v1-0009-9c30f23a,6460.0,36909.19140625,276413888.0,21.64805030822754,81812.4140625,271.7579040527344,0.0108045302331447,200.0,1292000.0,0.2364517599344253,467.8294982910156,1.5,200
polymer_sensitivity_v1-0009-9c30f23a,6560.0,36027.55078125,280016640.0,26.299325942993164,84442.34375,272.3028564453125,0.0125318570062518,200.0,1312000.0,0.3337620496749878,501.2056884765625,1.5,200
polymer_sensitivity_v1-0009-9c30f23a,6660.0,34979.8203125,283514624.0,33.29383087158203,87771.7265625,272.8320617675781,0.0149430120363831,200.0,1332000.0,0.505057156085968,551.71142578125,1.5,200
polymer_sensitivity_v1-0009-9c30f23a,6760.0,33173.36328125,286831968.0,45.34968185424805,92306.6953125,273.3297119140625,0.0176281426101923,200.0,1352000.0,0.8137760162353516,633.0889892578125,1.5,200
polymer_sensitivity_v1-0009-9c30f23a,6860.0,30112.24609375,289843168.0,65.35299682617188,98842.0,273.7820129394531,0.0200703144073486,200.0,1372000.0,1.3385196924209597,766.9409790039062,1.5,200
polymer_sensitivity_v1-0009-9c30f23a,6960.0,26863.07421875,292529472.0,87.01121520996094,107543.1171875,274.16485595703125,0.0235758945345878,200.0,1392000.0,2.100897789001465,977.03076171875,1.5,200
polymer_sensitivity_v1-0009-9c30f23a,7060.0,24312.58203125,294960736.0,103.47366333007812,117890.484375,274.4956359863281,0.0284088626503944,200.0,1412000.0,3.025520801544189,1279.5828857421875,1.5,200
polymer_sensitivity_v1-0009-9c30f23a,7160.0,22632.677734375,297224000.0,113.79841613769533,129270.328125,274.7816162109375,0.0362392105162143,200.0,1432000.0,4.279033660888672,1707.4862060546875,1.5,200
polymer_sensitivity_v1-0009-9c30f23a,7260.0,21483.212890625,299372320.0,120.27613830566406,141297.9375,275.023681640625,0.0468064546585083,200.0,1452000.0,5.906145095825195,2298.100830078125,1.5,200
polymer_sensitivity_v1-0009-9c30f23a,7360.0,20811.166015625,301453440.0,122.65304565429688,153563.25,275.2376708984375,0.0615748614072799,200.0,1472000.0,8.047891616821289,3102.889892578125,1.5,200
polymer_sensitivity_v1-0009-9c30f23a,7460.0,20137.044921875,303467168.0,123.91474151611328,165954.71875,275.43408203125,0.0802747011184692,200.0,1492000.0,10.815423965454102,4184.43212890625,1.5,200
polymer_sensitivity_v1-0009-9c30f23a,7560.0,19450.55859375,305412224.0,124.02303314208984,178357.015625,275.6178894042969,0.1027162820100784,200.0,1512000.0,14.197500228881836,5604.18212890625,1.5,200
polymer_sensitivity_v1-0009-9c30f23a,7660.0,18755.02734375,307287712.0,123.13855743408205,190670.875,275.7945861816406,0.1288943737745285,200.0,1532000.0,18.22037124633789,7426.2197265625,1.5,200
polymer_sensitivity_v1-0009-9c30f23a,7760.0,18074.28125,309095136.0,121.49176025390624,202820.0625,275.9638671875,0.1577183902263641,200.0,1552000.0,22.74949836730957,9701.1689453125,1.5,200
polymer_sensitivity_v1-0009-9c30f23a,7860.0,17400.091796875,310835136.0,119.30410766601562,214750.46875,276.1236267089844,0.1884379684925079,200.0,1572000.0,27.70142364501953,12471.3115234375,1.5,200
polymer_sensitivity_v1-0009-9c30f23a,7960.0,16753.541015625,312510496.0,116.66950225830078,226417.421875,276.2784729003906,0.2191320061683654,200.0,1592000.0,32.740516662597656,15745.36328125,1.5,200
polymer_sensitivity_v1-0009-9c30f23a,8060.0,16178.7724609375,314128384.0,113.69441986083984,237786.859375,276.41851806640625,0.250225156545639,200.0,1612000.0,37.943660736083984,19539.728515625,1.5,200
polymer_sensitivity_v1-0009-9c30f23a,8160.0,15700.1064453125,315698400.0,110.42437744140624,248829.296875,276.5410461425781,0.2801519334316253,200.0,1632000.0,42.97518157958984,23837.248046875,1.5,200
polymer_sensitivity_v1-0009-9c30f23a,8260.0,15214.43359375,317219840.0,107.27352905273438,259556.640625,276.649658203125,0.3085306882858276,200.0,1652000.0,47.86499786376953,28623.748046875,1.5,200
polymer_sensitivity_v1-0009-9c30f23a,8360.0,14767.8828125,318696640.0,104.4819564819336,270004.84375,276.7392272949219,0.3341477811336517,200.0,1672000.0,52.43267822265625,33867.015625,1.5,200
polymer_sensitivity_v1-0009-9c30f23a,8460.0,14341.0654296875,320130720.0,101.83590698242188,280188.4375,276.8130798339844,0.3577118813991546,200.0,1692000.0,56.71584701538086,39538.6015625,1.5,200
polymer_sensitivity_v1-0009-9c30f23a,8560.0,13943.048828125,321525024.0,99.39952087402344,290128.375,276.8720397949219,0.3791015148162842,200.0,1712000.0,60.69028854370117,45607.62890625,1.5,200
polymer_sensitivity_v1-0009-9c30f23a,8660.0,13576.3681640625,322882688.0,97.20518493652344,299848.90625,276.9176330566406,0.3981367647647857,200.0,1732000.0,64.30191802978516,52037.8203125,1.5,200
polymer_sensitivity_v1-0009-9c30f23a,8760.0,13241.767578125,324206848.0,95.24517822265624,309373.4375,276.9514465332031,0.4149595499038696,200.0,1752000.0,67.55583190917969,58793.40234375,1.5,200
polymer_sensitivity_v1-0009-9c30f23a,8860.0,12938.0771484375,325500672.0,93.51531219482422,318724.96875,276.97515869140625,0.4296976923942566,200.0,1772000.0,70.45967102050781,65839.375,1.5,200
polymer_sensitivity_v1-0009-9c30f23a,8960.0,12665.2587890625,326767168.0,92.04019927978516,327928.96875,276.98797607421875,0.4424830079078674,200.0,1792000.0,73.0492935180664,73144.296875,1.5,200
polymer_sensitivity_v1-0009-9c30f23a,9060.0,12420.8896484375,328009280.0,90.76341247558594,337005.3125,276.9926452636719,0.4534391462802887,200.0,1812000.0,75.29936218261719,80674.234375,1.5,200
polymer_sensitivity_v1-0009-9c30f23a,9160.0,12204.306640625,329229696.0,89.67174530029297,345972.5,276.9912109375,0.4627487957477569,200.0,1832000.0,77.23666381835938,88397.90625,1.5,200
polymer_sensitivity_v1-0009-9c30f23a,9260.0,12012.9169921875,330431008.0,88.74121856689453,354846.625,276.9867248535156,0.470711350440979,200.0,1852000.0,78.92007446289062,96289.9140625,1.5,200
polymer_sensitivity_v1-0009-9c30f23a,9360.0,11843.4599609375,331615328.0,87.94628143310547,363641.25,276.979736328125,0.4775628745555877,200.0,1872000.0,80.39221954345703,104329.1328125,1.5,200
polymer_sensitivity_v1-0009-9c30f23a,9460.0,11694.8310546875,332784832.0,87.2843017578125,372369.65625,276.9689025878906,0.4833042919635772,200.0,1892000.0,81.6435546875,112493.4921875,1.5,200
polymer_sensitivity_v1-0009-9c30f23a,9560.0,11560.1171875,333940832.0,86.68135833740234,381037.8125,276.9557800292969,0.4884096086025238,200.0,1912000.0,82.75372314453125,120768.859375,1.5,200
polymer_sensitivity_v1-0009-9c30f23a,9660.0,11438.85546875,335084736.0,86.134521484375,389651.25,276.9413757324219,0.4929541945457458,200.0,1932000.0,83.7406997680664,129142.9296875,1.5,200
polymer_sensitivity_v1-0009-9c30f23a,9760.0,11330.40625,336217760.0,85.64287567138672,398215.53125,276.9261169433594,0.4969921410083771,200.0,1952000.0,84.6186294555664,137604.796875,1.5,200
polymer_sensitivity_v1-0009-9c30f23a,9860.0,11234.4072265625,337341216.0,85.20964813232422,406736.5,276.909912109375,0.5005479454994202,200.0,1972000.0,85.3966064453125,146144.453125,1.5,200
polymer_sensitivity_v1-0009-9c30f23a,9960.0,11149.6162109375,338456160.0,84.83128356933594,415219.625,276.8929138183594,0.5036527514457703,200.0,1992000.0,86.07987213134766,154752.4375,1.5,200
polymer_sensitivity_v1-0009-9c30f23a,10060.0,11074.5224609375,339563616.0,84.50125885009766,423669.75,276.87554931640625,0.5063530206680298,200.0,2012000.0,86.6762466430664,163420.0625,1.5,200
polymer_sensitivity_v1-0009-9c30f23a,10160.0,11008.26953125,340664448.0,84.21744537353516,432091.5,276.8577880859375,0.508694589138031,200.0,2032000.0,87.19821166992188,172139.890625,1.5,200
polymer_sensitivity_v1-0009-9c30f23a,10260.0,10949.703125,341759424.0,83.97372436523438,440488.875,276.84002685546875,0.5107055902481079,200.0,2052000.0,87.64836120605469,180904.71875,1.5,200
polymer_sensitivity_v1-0009-9c30f23a,10360.0,10898.015625,342849216.0,83.76546478271484,448865.4375,276.82244873046875,0.5124646425247192,200.0,2072000.0,88.04866790771484,189709.59375,1.5,200
polymer_sensitivity_v1-0009-9c30f23a,10460.0,10852.2333984375,343934432.0,83.58624267578125,457224.0625,276.8053283691406,0.5139915943145752,200.0,2092000.0,88.39892578125,198549.484375,1.5,200
polymer_sensitivity_v1-0009-9c30f23a,10560.0,10811.6181640625,345015616.0,83.43218231201172,465567.28125,276.7878112792969,0.5153195261955261,200.0,2112000.0,88.70633697509766,207420.109375,1.5,200
polymer_sensitivity_v1-0009-9c30f23a,10660.0,10775.7119140625,346093184.0,83.30191802978516,473897.46875,276.7696228027344,0.5164794325828552,200.0,2132000.0,88.98014068603516,216318.125,1.5,200
polymer_sensitivity_v1-0009-9c30f23a,10760.0,10744.001953125,347167584.0,83.19080352783203,482216.53125,276.75115966796875,0.5174652338027954,200.0,2152000.0,89.21294403076172,225239.421875,1.5,200
polymer_sensitivity_v1-0009-9c30f23a,10860.0,10716.103515625,348239168.0,83.09722900390625,490526.25,276.7327575683594,0.5182926654815674,200.0,2172000.0,89.40839385986328,234180.265625,1.5,200
polymer_sensitivity_v1-0009-9c30f23a,10960.0,10691.359375,349308320.0,83.01763916015625,498828.03125,276.7147521972656,0.5189850926399231,200.0,2192000.0,89.57085418701172,243137.34375,1.5,200
